junior_high_school,junior_high_school_former_names,row_type,n_years,P_wq_comb,rank_P_wq_comb,P_wq_all,rank_P_wq_all,P_wq_head,rank_P_wq_head,P_wq_tail,rank_P_wq_tail,P_eq_comb,rank_P_eq_comb,P_eq_all,rank_P_eq_all,P_eq_head,rank_P_eq_head,P_eq_tail,rank_P_eq_tail,shift_comb_wq_eq,Z_wq_comb,rank_Z_wq_comb,ZR_wq_comb,rank_ZR_wq_comb,P_lin,rank_P_lin,P_exp,rank_P_exp,P_recent3,rank_P_recent3,P_recent2,rank_P_recent2,mean_rank_wq_avg,quota3_avg,quota_all_avg,SEN
上海市嘉定区新城实验中学,,ranked,4,0.81715,1,0.847521,3,0.810484,5,0.793444,3,0.80344,2,0.826956,3,0.789919,5,0.793444,3,1,0.9242,2,0.7189,3,0.823178,5,0.795699,5,0.80904,5,0.787634,5,,15.75,16.0,-2.2779
上海外国语大学嘉定外国语学校,,ranked,5,0.806338,2,0.857897,2,0.873263,2,0.687853,5,0.809651,1,0.874719,1,0.866382,2,0.687853,5,-1,0.8912,3,0.7534,2,0.861187,2,0.871754,2,0.898965,2,0.885484,3,,19.2,19.4,-1.4759
上海市嘉定区苏民学校,,ranked,5,0.803933,3,0.836182,4,0.831598,3,0.74402,4,0.800231,3,0.818192,4,0.83848,3,0.74402,4,0,0.7924,6,0.6534,4,0.881197,1,0.934151,1,0.91358,1,1.0,1,,15.0,15.6,0.5918
中科院上海实验学校,,ranked,5,0.782619,4,0.780265,6,0.667637,7,0.899954,1,0.785395,4,0.78225,6,0.673981,6,0.899954,1,0,0.8173,4,0.6008,6,0.831438,3,0.83829,3,0.850299,4,0.886559,2,,21.6,21.8,0.9911
同济大学附属实验中学,,ranked,5,0.781834,5,0.860934,1,0.919355,1,0.565213,10,0.773088,5,0.854267,2,0.899785,1,0.565213,10,0,0.9619,1,0.8123,1,0.797739,6,0.710387,7,0.805735,6,0.708602,8,,14.6,14.8,-2.7473
交大附中附属嘉定德富中学,上海市嘉定区德富路中学,ranked,5,0.769637,6,0.815092,5,0.830743,4,0.663075,6,0.756518,6,0.788856,5,0.817624,4,0.663075,6,0,0.8168,5,0.6313,5,0.831403,4,0.829886,4,0.856113,3,0.802688,4,,19.8,20.2,-0.3758
上海市嘉定区迎园中学,,ranked,5,0.680978,7,0.666893,8,0.550172,10,0.825868,2,0.684081,7,0.656419,8,0.569957,9,0.825868,2,0,0.5398,8,0.3417,8,0.734508,7,0.739128,6,0.799522,7,0.754839,6,,28.4,28.8,2.3754
上海市曹杨二中附属江桥实验中学,,ranked,5,0.665053,8,0.67877,7,0.678708,6,0.637679,7,0.652006,8,0.672319,7,0.64602,8,0.637679,7,0,0.5903,7,0.3709,7,0.677153,8,0.702727,8,0.628435,9,0.72043,7,,20.6,21.0,-0.6938
上海市嘉定区华江中学,,ranked,5,0.637858,9,0.631287,9,0.653864,8,0.628425,8,0.642851,9,0.642825,9,0.657304,7,0.628425,8,0,0.4268,9,0.218,9,0.543237,10,0.454331,15,0.492553,13,0.47957,13,,11.6,11.8,-3.6361
上海市嘉定区金鹤学校,,ranked,5,0.554056,10,0.553122,10,0.491244,16,0.617802,9,0.555115,10,0.536515,11,0.511029,16,0.617802,9,0,0.2997,10,0.0849,10,0.507321,11,0.517679,12,0.503067,11,0.439785,16,,14.4,14.6,-1.9253
上海市嘉定区丰庄中学,,ranked,5,0.527938,11,0.538774,11,0.539468,11,0.505573,14,0.5212,11,0.538774,10,0.519253,13,0.505573,14,0,0.1669,12,-0.077,12,0.463104,15,0.397783,19,0.44544,15,0.260753,24,,13.2,13.8,-2.2926
上海市嘉定区练川实验学校,,ranked,5,0.507426,12,0.491286,12,0.534739,12,0.496253,15,0.511312,12,0.499719,12,0.537965,11,0.496253,15,0,0.1675,11,-0.0583,11,0.496131,13,0.497712,13,0.493548,12,0.406989,18,,13.0,13.4,0.0516
上海市嘉定区震川中学,,ranked,5,0.47187,13,0.434526,15,0.434096,17,0.546988,11,0.454112,15,0.411038,18,0.404311,17,0.546988,11,2,-0.1043,16,-0.3561,16,0.49346,14,0.483393,14,0.563242,10,0.493011,12,,28.8,29.2,4.0578
上海市嘉定区方泰中学,,ranked,5,0.46921,14,0.468109,13,0.507723,14,0.431799,17,0.479318,13,0.494775,13,0.511379,15,0.431799,17,-1,0.0017,14,-0.1341,13,0.429051,17,0.402641,17,0.455157,14,0.479032,14,,4.4,4.8,-1.6533
上海市嘉定区南翔中学,,ranked,5,0.454358,15,0.432521,16,0.395484,18,0.535068,12,0.446775,17,0.432891,15,0.372366,20,0.535068,12,2,-0.2306,18,-0.4423,18,0.547782,9,0.606267,9,0.634448,8,0.655376,9,,15.2,15.4,7.2748
上海市嘉定区戬浜学校,,ranked,5,0.448211,16,0.446014,14,0.494222,15,0.404396,19,0.461186,14,0.465584,14,0.513577,14,0.404396,19,-2,-0.2518,19,-0.6,20,0.505294,12,0.595798,10,0.445161,16,0.501075,11,,2.4,2.8,-0.0091
上海大学附属嘉定留云中学,,ranked,5,0.44227,17,0.425499,17,0.570705,9,0.330607,23,0.425014,19,0.419858,16,0.524576,12,0.330607,23,2,-0.0481,15,-0.2383,15,0.46153,16,0.519633,11,0.444683,17,0.555914,10,,11.6,12.2,0.95
上海市嘉定区娄塘学校,,ranked,5,0.439558,18,0.389826,19,0.514942,13,0.413906,18,0.450156,16,0.391621,19,0.544942,10,0.413906,18,-2,-0.616,24,-0.9249,24,0.313813,22,0.239254,24,0.188172,24,0.282258,22,,2.6,3.0,-4.4341
上海市嘉定区黄渡中学,,ranked,5,0.428952,19,0.408411,18,0.359983,19,0.518461,13,0.436853,18,0.418781,17,0.373317,19,0.518461,13,-1,0.0111,13,-0.2152,14,0.41229,18,0.444525,16,0.378216,19,0.474731,15,,13.6,13.8,0.02
上海市嘉定区启良中学,,ranked,5,0.373526,20,0.363459,20,0.267036,25,0.490083,16,0.369608,20,0.351706,20,0.267036,25,0.490083,16,0,-0.191,17,-0.3895,17,0.347836,19,0.360623,20,0.3636,20,0.360215,19,,17.0,17.2,0.0972
上海市嘉定区朱桥学校,,ranked,5,0.331192,21,0.282213,24,0.333216,20,0.378148,21,0.366192,21,0.341299,21,0.37913,18,0.378148,21,0,-0.3372,20,-0.549,19,0.334875,20,0.400114,18,0.332178,21,0.424194,17,,4.6,5.2,1.7492
上海市嘉定区疁城实验学校,,ranked,5,0.318734,22,0.320976,21,0.280435,24,0.35479,22,0.319075,22,0.328668,22,0.273768,24,0.35479,22,0,-0.45,22,-0.623,21,0.296176,23,0.277723,22,0.317961,22,0.347312,20,,24.4,24.8,-1.1468
上海市嘉定区华亭学校,,ranked,5,0.305102,23,0.29743,22,0.327019,21,0.290856,26,0.305102,23,0.29743,23,0.327019,22,0.290856,26,0,-0.8212,25,-1.1751,25,0.182194,26,0.140635,25,0.078813,27,0.081183,27,,2.4,2.6,-7.4925
上海市嘉定区徐行中学,,ranked,5,0.297345,24,0.276353,26,0.301994,22,0.313688,24,0.294781,25,0.268661,26,0.301994,23,0.313688,24,1,-1.0092,26,-1.37,26,0.20076,25,0.115063,26,0.185185,25,0.0,28,,5.4,5.6,-8.2929
上海市嘉定区南苑中学,,ranked,5,0.288303,25,0.286782,23,0.286687,23,0.29144,25,0.300274,24,0.273449,25,0.335934,21,0.29144,25,-1,-0.4467,21,-0.6516,22,0.329557,21,0.329625,21,0.390601,18,0.345161,21,,9.8,10.0,2.6775
上海市嘉定区嘉二实验学校,上海市嘉定区杨柳初级中学,ranked,5,0.281952,26,0.278875,25,0.18744,26,0.379541,20,0.293055,26,0.289388,24,0.210236,26,0.379541,20,0,-0.4553,23,-0.6521,23,0.260955,24,0.276097,23,0.272959,23,0.26129,23,,12.4,12.6,-0.1575
上海市嘉定区外冈中学,,ranked,5,0.159395,27,0.143913,27,0.144128,27,0.190143,27,0.15742,27,0.144654,27,0.137462,27,0.190143,27,0,-1.1489,27,-1.4794,27,0.128345,27,0.112929,27,0.102628,26,0.098387,25,,7.8,8.0,-2.3608
上海市嘉定区马陆育才联合中学,,ranked,5,0.096698,28,0.08668,28,0.099368,28,0.104046,28,0.09892,28,0.08668,28,0.106034,28,0.104046,28,0,-1.5994,28,-1.867,28,0.0691,28,0.063281,28,0.067543,28,0.082796,26,,8.4,8.8,-2.4385
上海市嘉定区嘉一实验初级中学,,new_school,1,,,,,,,,,,,,,,,,,,,,,,,,,,,,,,,,,
上海师范大学附属第五嘉定实验学校,,new_school,2,,,,,,,,,,,,,,,,,,,,,,,,,,,,,,,,,
交大附中附属嘉定洪德中学,,new_school,2,,,,,,,,,,,,,,,,,,,,,,,,,,,,,,,,,
同济大学附属嘉定实验中学,,new_school,2,,,,,,,,,,,,,,,,,,,,,,,,,,,,,,,,,
