junior_high_school,n_years,P_wq,P_lin,P_exp,P_recent3,rank_eq,rank_lin,rank_exp,rank_recent3,shift_lin,shift_exp,shift_recent3
同济大学附属实验中学,5,0.818125,0.736679,0.635943,0.734388,1,6,8,5,5,7,4
上海外国语大学嘉定外国语学校,5,0.808544,0.798531,0.807046,0.81671,2,2,2,2,0,0,0
交大附中附属嘉定德富中学,4,0.797932,0.786785,0.777122,0.792305,3,3,4,3,0,1,0
上海市嘉定区苏民学校,5,0.78975,0.825944,0.880334,0.836192,4,1,1,1,-3,-3,-3
上海市嘉定区新城实验中学,4,0.770696,0.741682,0.717822,0.706608,5,5,5,7,0,0,2
中科院上海实验学校,5,0.73003,0.772248,0.782961,0.766575,6,4,3,4,-2,-3,-2
上海市曹杨二中附属江桥实验中学,5,0.633322,0.618411,0.63946,0.552687,7,8,7,9,1,0,2
上海市嘉定区迎园中学,5,0.618123,0.672347,0.675064,0.718238,8,7,6,6,-1,-2,-2
上海市嘉定区华江中学,5,0.58468,0.485438,0.397234,0.414875,9,10,15,12,1,6,3
上海市嘉定区金鹤学校,5,0.505194,0.446286,0.450217,0.423186,10,12,12,11,2,2,1
上海市嘉定区丰庄中学,5,0.485844,0.399356,0.334263,0.357223,11,16,19,17,5,8,6
上海市嘉定区练川实验学校,5,0.433614,0.421255,0.413404,0.397428,12,14,13,14,2,1,2
上海市嘉定区方泰中学,5,0.42615,0.375528,0.347056,0.385226,13,17,17,16,4,4,3
上海市嘉定区戬浜学校,5,0.421617,0.474623,0.562657,0.404499,14,11,9,13,-3,-5,-1
上海大学附属嘉定留云中学,5,0.390854,0.413973,0.463745,0.386941,15,15,11,15,0,-4,0
上海市嘉定区南翔中学,5,0.385799,0.490563,0.549893,0.556578,16,9,10,8,-7,-6,-8
上海市嘉定区震川中学,5,0.37947,0.42456,0.411111,0.471481,17,13,14,10,-4,-3,-7
上海市嘉定区娄塘学校,5,0.379341,0.299041,0.222658,0.170697,18,20,23,24,2,5,6
上海市嘉定区黄渡中学,5,0.370779,0.358318,0.376352,0.315497,19,18,16,19,-1,-3,0
上海市嘉定区启良中学,5,0.32674,0.299206,0.30468,0.302401,20,19,20,20,-1,0,0
上海市嘉定区疁城实验学校,5,0.294989,0.263104,0.243411,0.274649,21,23,22,22,2,1,1
上海市嘉定区华亭学校,5,0.288365,0.169539,0.124771,0.063705,22,26,25,27,4,3,5
上海市嘉定区徐行中学,5,0.253477,0.177884,0.100304,0.147059,23,25,26,25,2,3,2
上海市嘉定区朱桥学校,5,0.249963,0.287174,0.336368,0.278429,24,21,18,21,-3,-6,-3
上海市嘉定区南苑中学,5,0.246531,0.278931,0.276677,0.323515,25,22,21,18,-3,-4,-7
上海市嘉定区嘉二实验学校,4,0.174413,0.196028,0.217436,0.220205,26,24,24,23,-2,-2,-3
上海市嘉定区外冈中学,5,0.131989,0.112783,0.095894,0.082755,27,27,27,26,0,0,-1
上海市嘉定区马陆育才联合中学,5,0.078921,0.058868,0.05272,0.054612,28,28,28,28,0,0,0
