junior_high_school,junior_high_school_former_names,junior_high_school_code,ownership,row_type,n_years,ranked,P_wq,rank_P_wq,P_eq,rank_P_eq,shift_wq_eq,Z_wq,rank_Z_wq,ZR_wq,rank_ZR_wq,Z_eq,ZR_eq,mean_rank_wq_avg,mean_rank_eq_avg,rel_avg,SEN
上海华旭双语学校,,,民办,excluded_private,3,0,,,,,,,,,,,,,,,
上海嘉定区世外学校,上海嘉定区世界外国语学校,,民办,excluded_private,3,0,,,,,,,,,,,,,,,
上海嘉定区民办华盛怀少学校,,,民办,excluded_private,3,0,,,,,,,,,,,,,,,
上海外国语大学嘉定外国语学校,,,公办,ranked,5,1,0.857897,2,0.874719,1,-1,0.9979,3,0.8257,2,1.0165,0.874,5.0,4.5,7.6622,-1.4759
上海大学附属嘉定留云中学,,,公办,ranked,5,1,0.425499,17,0.419858,16,-1,-0.0115,14,-0.229,14,-0.0251,-0.2293,17.0,17.2,-2.0261,0.95
上海市嘉定区丰庄中学,,,公办,ranked,5,1,0.538774,11,0.538774,10,-1,0.2212,11,-0.0473,11,0.2007,-0.0391,14.4,14.4,-0.2574,-2.2926
上海市嘉定区华亭学校,,,公办,ranked,5,1,0.29743,22,0.29743,23,1,-0.8925,25,-1.2807,25,-0.8905,-1.2076,21.2,21.2,-10.7675,-7.4925
上海市嘉定区华江中学,,,公办,ranked,5,1,0.631287,9,0.642825,9,0,0.4696,9,0.2372,9,0.4896,0.3021,11.7,11.4,2.6211,-3.6361
上海市嘉定区南翔中学,,,公办,ranked,5,1,0.432521,16,0.432891,15,-1,-0.3095,19,-0.4598,18,-0.3728,-0.5683,16.6,16.6,-5.1146,7.2748
上海市嘉定区南苑中学,,,公办,ranked,5,1,0.286782,23,0.273449,25,2,-0.5161,23,-0.7039,23,-0.4784,-0.661,21.0,21.4,-7.0191,2.6775
上海市嘉定区启良中学,,,公办,ranked,5,1,0.363459,20,0.351706,20,0,-0.2376,17,-0.4219,17,-0.2618,-0.4255,19.0,19.3,-4.1235,0.0972
上海市嘉定区嘉一实验初级中学,,,公办,new_school,1,0,,,,,,,,,,,,,,,
上海市嘉定区嘉二实验学校,上海市嘉定区杨柳初级中学,,公办,ranked,5,1,0.278875,25,0.289388,24,-1,-0.5083,22,-0.6907,22,-0.5067,-0.6565,21.4,21.1,-6.6528,-0.1575
上海市嘉定区外冈中学,,,公办,ranked,5,1,0.143913,27,0.144654,27,0,-1.2335,27,-1.5544,27,-1.2523,-1.5551,25.2,25.2,-14.101,-2.3608
上海市嘉定区娄塘学校,,,公办,ranked,5,1,0.389826,19,0.391621,19,0,-0.6176,24,-0.9388,24,-0.6064,-0.8787,18.4,18.3,-7.4675,-4.4341
上海市嘉定区徐行中学,,,公办,ranked,5,1,0.276353,26,0.268661,26,0,-1.0394,26,-1.4329,26,-1.0171,-1.3381,21.8,22.0,-12.6179,-8.2929
上海市嘉定区戬浜学校,,,公办,ranked,5,1,0.446014,14,0.465584,14,0,-0.2412,18,-0.6238,19,-0.1902,-0.562,16.4,15.8,-5.2841,-0.0091
上海市嘉定区新城实验中学,,,公办,ranked,4,1,0.847521,3,0.826956,3,0,0.9991,2,0.7516,3,0.9601,0.7163,5.5,6.125,7.1117,-2.2779
上海市嘉定区方泰中学,,,公办,ranked,5,1,0.468109,13,0.494775,13,0,0.0063,13,-0.1456,13,0.0431,-0.0621,16.1,15.3,-1.4658,-1.6533
上海市嘉定区朱桥学校,,,公办,ranked,5,1,0.282213,24,0.341299,21,-3,-0.4087,20,-0.6271,20,-0.2465,-0.4327,21.0,19.3,-5.8558,1.7492
上海市嘉定区疁城实验学校,,,公办,ranked,5,1,0.320976,21,0.328668,22,1,-0.4678,21,-0.634,21,-0.4904,-0.624,20.2,20.0,-6.0184,-1.1468
上海市嘉定区练川实验学校,,,公办,ranked,5,1,0.491286,12,0.499719,12,0,0.1672,12,-0.0861,12,0.1591,-0.0928,15.4,15.2,-0.7394,0.0516
上海市嘉定区苏民学校,,,公办,ranked,5,1,0.836182,4,0.818192,4,0,0.8559,5,0.7038,5,0.8412,0.7009,5.4,5.9,6.4014,0.5918
上海市嘉定区迎园中学,,,公办,ranked,5,1,0.666893,8,0.656419,8,0,0.4935,8,0.3108,8,0.5007,0.3165,10.2,10.4,2.5632,2.3754
上海市嘉定区金鹤学校,,,公办,ranked,5,1,0.553122,10,0.536515,11,1,0.3136,10,0.0932,10,0.2801,0.0948,13.8,14.3,0.9457,-1.9253
上海市嘉定区震川中学,,,公办,ranked,5,1,0.434526,15,0.411038,18,3,-0.2112,16,-0.4099,16,-0.2555,-0.4736,16.8,17.5,-4.2652,4.0578
上海市嘉定区马陆育才联合中学,,,公办,ranked,5,1,0.08668,28,0.08668,28,0,-1.6582,28,-1.9072,28,-1.5922,-1.7848,26.8,26.8,-17.575,-2.4385
上海市嘉定区黄渡中学,,,公办,ranked,5,1,0.408411,18,0.418781,17,-1,-0.0177,15,-0.2443,15,-0.0299,-0.2343,17.6,17.3,-2.0524,0.02
上海市曹杨二中附属江桥实验中学,,,公办,ranked,5,1,0.67877,7,0.672319,7,0,0.6576,7,0.4303,7,0.6216,0.4093,10.0,10.2,4.293,-0.6938
上海市民办嘉一联合中学,,,民办,excluded_private,2,0,,,,,,,,,,,,,,,
上海市民办嘉宜初级中学,,,民办,excluded_private,1,0,,,,,,,,,,,,,,,
上海市民办桃李园实验学校,,,民办,excluded_private,3,0,,,,,,,,,,,,,,,
上海市民办远东学校,,,民办,excluded_private,3,0,,,,,,,,,,,,,,,
上海师范大学附属第五嘉定实验学校,,,公办,new_school,2,0,,,,,,,,,,,,,,,
上海民办华曜嘉定初级中学,,,民办,excluded_private,3,0,,,,,,,,,,,,,,,
中科院上海实验学校,,,公办,ranked,5,1,0.780265,6,0.78225,6,0,0.7961,6,0.5956,6,0.779,0.5832,7.0,6.9,5.5397,0.9911
交大附中附属嘉定德富中学,上海市嘉定区德富路中学,,公办,ranked,5,1,0.815092,5,0.788856,5,0,0.9226,4,0.7139,4,0.8847,0.6894,6.2,7.0,6.6326,-0.3758
交大附中附属嘉定洪德中学,,,公办,new_school,2,0,,,,,,,,,,,,,,,
同济大学附属嘉定实验中学,,,公办,new_school,2,0,,,,,,,,,,,,,,,
同济大学附属实验中学,,,公办,ranked,5,1,0.860934,1,0.854267,2,1,1.0991,1,0.8944,1,1.0888,0.9131,5.2,5.4,8.4633,-2.7473
