junior_high_school,senior_high_school,senior_high_school_code,tier,n_years,avg_rank_line,avg_score_line,quota_line_total,quota_line_avg
中科院上海实验学校,上海市嘉定区第一中学,142001,区属,5,4.9,734.5,47,9.4
上海市民办嘉宜初级中学,上海市嘉定区第一中学,142001,区属,1,5.0,739.5,8,8.0
上海市民办远东学校,上海市嘉定区第一中学,142001,区属,3,6.17,731.33,13,4.33
上海市嘉定区迎园中学,上海市嘉定区第一中学,142001,区属,5,6.4,731.7,64,12.8
上海市民办嘉一联合中学,上海市嘉定区第一中学,142001,区属,2,8.0,727.25,17,8.5
上海市嘉定区苏民学校,上海市嘉定区第一中学,142001,区属,5,9.8,730.2,33,6.6
上海市嘉定区德富路中学,上海市嘉定区第一中学,142001,区属,1,10.0,734.5,11,11.0
上海市嘉定区新城实验中学,上海市嘉定区第一中学,142001,区属,4,10.0,730.12,24,6.0
上海嘉定区世界外国语学校,上海市嘉定区第一中学,142001,区属,2,11.25,726.75,7,3.5
上海市嘉定区杨柳初级中学,上海市嘉定区第一中学,142001,区属,1,11.5,733.0,6,6.0
同济大学附属嘉定实验中学,上海市嘉定区第一中学,142001,区属,2,12.5,730.0,5,2.5
上海嘉定区世外学校,上海市嘉定区第一中学,142001,区属,1,13.0,736.0,4,4.0
上海外国语大学嘉定外国语学校,上海市嘉定区第一中学,142001,区属,5,13.0,729.8,44,8.8
上海市民办桃李园实验学校,上海市嘉定区第一中学,142001,区属,3,13.17,729.0,34,11.33
上海华旭双语学校,上海市嘉定区第一中学,142001,区属,3,13.67,718.67,4,1.33
交大附中附属嘉定德富中学,上海市嘉定区第一中学,142001,区属,4,14.12,727.0,33,8.25
上海市嘉定区金鹤学校,上海市嘉定区第一中学,142001,区属,5,14.5,728.2,32,6.4
上海市曹杨二中附属江桥实验中学,上海市嘉定区第一中学,142001,区属,5,14.8,728.8,45,9.0
上海市嘉定区华江中学,上海市嘉定区第一中学,142001,区属,5,14.9,727.2,25,5.0
上海市嘉定区南翔中学,上海市嘉定区第一中学,142001,区属,5,16.3,724.4,33,6.6
同济大学附属实验中学,上海市嘉定区第一中学,142001,区属,5,16.6,727.5,32,6.4
上海嘉定区民办华盛怀少学校,上海市嘉定区第一中学,142001,区属,3,17.0,725.67,18,6.0
上海市嘉定区震川中学,上海市嘉定区第一中学,142001,区属,5,17.0,726.6,62,12.4
上海市嘉定区黄渡中学,上海市嘉定区第一中学,142001,区属,5,17.0,725.0,30,6.0
上海市嘉定区练川实验学校,上海市嘉定区第一中学,142001,区属,5,18.0,724.7,30,6.0
上海市嘉定区丰庄中学,上海市嘉定区第一中学,142001,区属,5,18.1,724.2,29,5.8
上海市嘉定区启良中学,上海市嘉定区第一中学,142001,区属,5,18.7,724.9,38,7.6
上海市嘉定区方泰中学,上海市嘉定区第一中学,142001,区属,5,19.5,723.8,10,2.0
上海市嘉定区娄塘学校,上海市嘉定区第一中学,142001,区属,5,20.2,717.1,5,1.0
交大附中附属嘉定洪德中学,上海市嘉定区第一中学,142001,区属,2,20.25,727.0,10,5.0
上海市嘉定区戬浜学校,上海市嘉定区第一中学,142001,区属,5,20.6,719.6,5,1.0
上海市嘉定区朱桥学校,上海市嘉定区第一中学,142001,区属,5,20.7,720.7,12,2.4
上海师范大学附属第五嘉定实验学校,上海市嘉定区第一中学,142001,区属,2,22.5,726.25,5,2.5
上海市嘉定区疁城实验学校,上海市嘉定区第一中学,142001,区属,5,22.8,721.0,55,11.0
上海民办华曜嘉定初级中学,上海市嘉定区第一中学,142001,区属,3,23.0,724.17,19,6.33
上海大学附属嘉定留云中学,上海市嘉定区第一中学,142001,区属,5,23.6,720.5,24,4.8
上海市嘉定区徐行中学,上海市嘉定区第一中学,142001,区属,5,24.1,715.6,12,2.4
上海市嘉定区南苑中学,上海市嘉定区第一中学,142001,区属,5,24.2,720.4,21,4.2
上海市嘉定区嘉二实验学校,上海市嘉定区第一中学,142001,区属,4,24.38,720.12,20,5.0
上海市嘉定区华亭学校,上海市嘉定区第一中学,142001,区属,5,25.3,716.5,5,1.0
上海市嘉定区外冈中学,上海市嘉定区第一中学,142001,区属,5,28.0,713.4,18,3.6
上海市嘉定区马陆育才联合中学,上海市嘉定区第一中学,142001,区属,5,30.4,709.9,19,3.8
上海市嘉定区嘉一实验初级中学,上海市嘉定区第一中学,142001,区属,1,36.5,721.0,5,5.0
上海市民办桃李园实验学校,上海交通大学附属中学嘉定分校,142002,区属,3,4.5,751.17,39,13.0
上海市民办远东学校,上海交通大学附属中学嘉定分校,142002,区属,3,4.5,751.83,16,5.33
同济大学附属实验中学,上海交通大学附属中学嘉定分校,142002,区属,5,4.6,752.9,34,6.8
交大附中附属嘉定德富中学,上海交通大学附属中学嘉定分校,142002,区属,4,6.25,747.62,38,9.5
上海华旭双语学校,上海交通大学附属中学嘉定分校,142002,区属,3,7.17,749.17,3,1.0
上海民办华曜嘉定初级中学,上海交通大学附属中学嘉定分校,142002,区属,3,7.17,750.67,23,7.67
上海嘉定区世界外国语学校,上海交通大学附属中学嘉定分校,142002,区属,2,8.0,744.5,9,4.5
上海外国语大学嘉定外国语学校,上海交通大学附属中学嘉定分校,142002,区属,5,8.1,747.2,45,9.0
上海市嘉定区苏民学校,上海交通大学附属中学嘉定分校,142002,区属,5,8.1,745.3,35,7.0
上海嘉定区世外学校,上海交通大学附属中学嘉定分校,142002,区属,1,8.5,756.0,4,4.0
上海市嘉定区德富路中学,上海交通大学附属中学嘉定分校,142002,区属,1,8.5,744.0,9,9.0
上海市民办嘉一联合中学,上海交通大学附属中学嘉定分校,142002,区属,2,10.25,743.75,22,11.0
交大附中附属嘉定洪德中学,上海交通大学附属中学嘉定分校,142002,区属,2,10.5,749.5,12,6.0
上海市嘉定区新城实验中学,上海交通大学附属中学嘉定分校,142002,区属,4,10.88,744.38,31,7.75
上海嘉定区民办华盛怀少学校,上海交通大学附属中学嘉定分校,142002,区属,3,11.0,747.67,21,7.0
上海市曹杨二中附属江桥实验中学,上海交通大学附属中学嘉定分校,142002,区属,5,12.6,742.3,50,10.0
中科院上海实验学校,上海交通大学附属中学嘉定分校,142002,区属,5,14.7,738.1,52,10.4
上海市嘉定区华江中学,上海交通大学附属中学嘉定分校,142002,区属,5,15.3,741.4,27,5.4
同济大学附属嘉定实验中学,上海交通大学附属中学嘉定分校,142002,区属,2,16.75,746.25,7,3.5
上海市嘉定区戬浜学校,上海交通大学附属中学嘉定分校,142002,区属,5,16.8,737.6,5,1.0
上海市嘉定区娄塘学校,上海交通大学附属中学嘉定分校,142002,区属,5,17.0,730.1,6,1.2
上海大学附属嘉定留云中学,上海交通大学附属中学嘉定分校,142002,区属,5,17.1,737.8,27,5.4
上海市嘉定区迎园中学,上海交通大学附属中学嘉定分校,142002,区属,5,17.8,735.2,68,13.6
上海市嘉定区丰庄中学,上海交通大学附属中学嘉定分校,142002,区属,5,18.2,738.1,31,6.2
上海市嘉定区金鹤学校,上海交通大学附属中学嘉定分校,142002,区属,5,18.5,736.8,33,6.6
上海市嘉定区杨柳初级中学,上海交通大学附属中学嘉定分校,142002,区属,1,19.0,734.5,5,5.0
上海市嘉定区练川实验学校,上海交通大学附属中学嘉定分校,142002,区属,5,19.4,736.6,31,6.2
上海市嘉定区方泰中学,上海交通大学附属中学嘉定分校,142002,区属,5,19.6,737.0,10,2.0
上海市嘉定区南翔中学,上海交通大学附属中学嘉定分校,142002,区属,5,20.0,726.8,36,7.2
上海市嘉定区震川中学,上海交通大学附属中学嘉定分校,142002,区属,5,21.3,726.7,69,13.8
上海市嘉定区嘉一实验初级中学,上海交通大学附属中学嘉定分校,142002,区属,1,22.0,748.5,5,5.0
上海市民办嘉宜初级中学,上海交通大学附属中学嘉定分校,142002,区属,1,23.0,748.0,9,9.0
上海市嘉定区黄渡中学,上海交通大学附属中学嘉定分校,142002,区属,5,23.2,734.0,32,6.4
上海市嘉定区朱桥学校,上海交通大学附属中学嘉定分校,142002,区属,5,24.0,732.3,9,1.8
上海市嘉定区华亭学校,上海交通大学附属中学嘉定分校,142002,区属,5,24.8,724.8,5,1.0
上海市嘉定区徐行中学,上海交通大学附属中学嘉定分校,142002,区属,5,25.2,720.6,13,2.6
上海师范大学附属第五嘉定实验学校,上海交通大学附属中学嘉定分校,142002,区属,2,25.25,737.25,6,3.0
上海市嘉定区疁城实验学校,上海交通大学附属中学嘉定分校,142002,区属,5,25.4,729.9,57,11.4
上海市嘉定区南苑中学,上海交通大学附属中学嘉定分校,142002,区属,5,25.7,727.4,24,4.8
上海市嘉定区启良中学,上海交通大学附属中学嘉定分校,142002,区属,5,25.8,729.6,41,8.2
上海市嘉定区外冈中学,上海交通大学附属中学嘉定分校,142002,区属,5,29.4,720.8,18,3.6
上海市嘉定区马陆育才联合中学,上海交通大学附属中学嘉定分校,142002,区属,5,30.8,716.0,19,3.8
上海市嘉定区嘉二实验学校,上海交通大学附属中学嘉定分校,142002,区属,4,31.0,724.5,25,6.25
上海嘉定区世外学校,上海师范大学附属中学嘉定新城分校,142004,区属,1,3.0,744.5,2,2.0
同济大学附属嘉定实验中学,上海师范大学附属中学嘉定新城分校,142004,区属,2,3.0,739.25,3,1.5
上海华旭双语学校,上海师范大学附属中学嘉定新城分校,142004,区属,2,3.25,737.75,2,1.0
上海外国语大学嘉定外国语学校,上海师范大学附属中学嘉定新城分校,142004,区属,2,4.5,738.25,7,3.5
中科院上海实验学校,上海师范大学附属中学嘉定新城分校,142004,区属,2,5.75,736.0,9,4.5
上海市嘉定区苏民学校,上海师范大学附属中学嘉定新城分校,142004,区属,2,6.5,735.25,7,3.5
上海民办华曜嘉定初级中学,上海师范大学附属中学嘉定新城分校,142004,区属,2,7.75,735.5,7,3.5
上海市嘉定区迎园中学,上海师范大学附属中学嘉定新城分校,142004,区属,2,8.5,734.25,10,5.0
上海市民办桃李园实验学校,上海师范大学附属中学嘉定新城分校,142004,区属,2,8.5,736.0,11,5.5
上海嘉定区世界外国语学校,上海师范大学附属中学嘉定新城分校,142004,区属,1,11.5,725.5,1,1.0
上海市嘉定区新城实验中学,上海师范大学附属中学嘉定新城分校,142004,区属,2,12.25,732.5,8,4.0
交大附中附属嘉定德富中学,上海师范大学附属中学嘉定新城分校,142004,区属,2,14.5,731.75,8,4.0
上海市嘉定区朱桥学校,上海师范大学附属中学嘉定新城分校,142004,区属,2,15.0,731.25,2,1.0
上海市民办远东学校,上海师范大学附属中学嘉定新城分校,142004,区属,2,16.0,730.0,4,2.0
上海市曹杨二中附属江桥实验中学,上海师范大学附属中学嘉定新城分校,142004,区属,2,17.75,730.0,8,4.0
同济大学附属实验中学,上海师范大学附属中学嘉定新城分校,142004,区属,2,17.75,728.75,7,3.5
上海市民办嘉一联合中学,上海师范大学附属中学嘉定新城分校,142004,区属,1,18.0,723.5,3,3.0
交大附中附属嘉定洪德中学,上海师范大学附属中学嘉定新城分校,142004,区属,2,18.25,730.0,4,2.0
上海大学附属嘉定留云中学,上海师范大学附属中学嘉定新城分校,142004,区属,2,19.0,728.0,7,3.5
上海市嘉定区方泰中学,上海师范大学附属中学嘉定新城分校,142004,区属,2,20.0,726.5,2,1.0
上海市民办嘉宜初级中学,上海师范大学附属中学嘉定新城分校,142004,区属,1,20.5,734.5,5,5.0
上海市嘉定区南翔中学,上海师范大学附属中学嘉定新城分校,142004,区属,2,21.5,727.0,7,3.5
上海市嘉定区华江中学,上海师范大学附属中学嘉定新城分校,142004,区属,2,21.75,725.75,6,3.0
上海市嘉定区练川实验学校,上海师范大学附属中学嘉定新城分校,142004,区属,2,22.0,723.5,4,2.0
上海师范大学附属第五嘉定实验学校,上海师范大学附属中学嘉定新城分校,142004,区属,2,23.25,726.5,3,1.5
上海市嘉定区南苑中学,上海师范大学附属中学嘉定新城分校,142004,区属,2,23.75,726.75,4,2.0
上海市嘉定区黄渡中学,上海师范大学附属中学嘉定新城分校,142004,区属,2,24.25,726.0,6,3.0
上海嘉定区民办华盛怀少学校,上海师范大学附属中学嘉定新城分校,142004,区属,2,25.0,724.5,6,3.0
上海市嘉定区戬浜学校,上海师范大学附属中学嘉定新城分校,142004,区属,2,25.0,709.25,2,1.0
上海市嘉定区金鹤学校,上海师范大学附属中学嘉定新城分校,142004,区属,2,25.5,724.0,7,3.5
上海市嘉定区震川中学,上海师范大学附属中学嘉定新城分校,142004,区属,2,25.75,724.25,13,6.5
上海市嘉定区娄塘学校,上海师范大学附属中学嘉定新城分校,142004,区属,2,26.5,722.25,2,1.0
上海市嘉定区启良中学,上海师范大学附属中学嘉定新城分校,142004,区属,2,27.25,723.0,6,3.0
上海市嘉定区嘉二实验学校,上海师范大学附属中学嘉定新城分校,142004,区属,2,27.75,723.25,6,3.0
上海市嘉定区丰庄中学,上海师范大学附属中学嘉定新城分校,142004,区属,2,28.0,720.75,6,3.0
上海市嘉定区疁城实验学校,上海师范大学附属中学嘉定新城分校,142004,区属,2,29.75,720.5,10,5.0
上海市嘉定区马陆育才联合中学,上海师范大学附属中学嘉定新城分校,142004,区属,2,33.0,718.0,4,2.0
上海市嘉定区华亭学校,上海师范大学附属中学嘉定新城分校,142004,区属,2,34.0,709.25,2,1.0
上海市嘉定区外冈中学,上海师范大学附属中学嘉定新城分校,142004,区属,2,35.75,707.0,3,1.5
上海市嘉定区徐行中学,上海师范大学附属中学嘉定新城分校,142004,区属,2,37.0,705.5,2,1.0
上海市嘉定区嘉一实验初级中学,上海师范大学附属中学嘉定新城分校,142004,区属,1,38.0,718.0,3,3.0
上海市嘉定区嘉二实验学校,上海市上海中学,042032,委属,1,1.0,756.5,1,1.0
上海市嘉定区疁城实验学校,上海市上海中学,042032,委属,1,1.0,754.0,1,1.0
上海市嘉定区金鹤学校,上海市上海中学,042032,委属,1,1.0,757.0,1,1.0
上海市民办嘉一联合中学,上海市上海中学,042032,委属,1,1.0,757.5,1,1.0
上海民办华曜嘉定初级中学,上海市上海中学,042032,委属,1,1.5,765.5,1,1.0
交大附中附属嘉定洪德中学,上海市上海中学,042032,委属,1,1.5,765.5,1,1.0
上海华旭双语学校,上海市上海中学,042032,委属,1,2.0,751.5,1,1.0
上海市嘉定区丰庄中学,上海市上海中学,042032,委属,1,2.0,752.0,1,1.0
上海市嘉定区启良中学,上海市上海中学,042032,委属,1,2.0,745.5,1,1.0
上海市嘉定区迎园中学,上海市上海中学,042032,委属,1,2.0,749.0,1,1.0
上海市嘉定区戬浜学校,上海市上海中学,042032,委属,1,3.0,728.5,1,1.0
上海市嘉定区朱桥学校,上海市上海中学,042032,委属,1,3.0,750.0,1,1.0
上海大学附属嘉定留云中学,上海交通大学附属中学,102056,委属,1,1.0,767.5,1,1.0
上海市嘉定区南苑中学,上海交通大学附属中学,102056,委属,1,1.0,737.0,1,1.0
上海市嘉定区练川实验学校,上海交通大学附属中学,102056,委属,1,1.0,741.0,1,1.0
交大附中附属嘉定德富中学,上海交通大学附属中学,102056,委属,1,1.0,763.0,1,1.0
上海市嘉定区朱桥学校,上海交通大学附属中学,102056,委属,2,1.5,741.5,2,1.0
上海外国语大学嘉定外国语学校,上海交通大学附属中学,102056,委属,1,2.0,755.0,1,1.0
上海师范大学附属第五嘉定实验学校,上海交通大学附属中学,102056,委属,1,2.0,765.0,1,1.0
交大附中附属嘉定洪德中学,上海交通大学附属中学,102056,委属,1,2.0,750.0,1,1.0
上海市嘉定区华亭学校,上海交通大学附属中学,102056,委属,1,3.0,720.0,1,1.0
上海市嘉定区娄塘学校,上海交通大学附属中学,102056,委属,2,3.0,708.25,2,1.0
上海市嘉定区疁城实验学校,上海交通大学附属中学,102056,委属,1,3.0,695.5,1,1.0
上海市嘉定区震川中学,复旦大学附属中学,102057,委属,1,1.0,768.0,1,1.0
上海市曹杨二中附属江桥实验中学,复旦大学附属中学,102057,委属,2,1.0,760.75,2,1.0
上海市民办桃李园实验学校,复旦大学附属中学,102057,委属,1,1.0,760.0,1,1.0
同济大学附属实验中学,复旦大学附属中学,102057,委属,1,1.0,760.0,1,1.0
上海市嘉定区丰庄中学,复旦大学附属中学,102057,委属,1,2.0,746.0,1,1.0
上海市嘉定区南翔中学,复旦大学附属中学,102057,委属,1,2.0,756.0,1,1.0
上海市嘉定区练川实验学校,复旦大学附属中学,102057,委属,1,2.0,757.5,1,1.0
上海市嘉定区马陆育才联合中学,复旦大学附属中学,102057,委属,1,2.0,720.5,1,1.0
上海市嘉定区苏民学校,复旦大学附属中学,102057,委属,2,2.5,759.25,2,1.0
上海嘉定区世界外国语学校,华东师范大学第二附属中学,152003,委属,1,1.0,762.0,1,1.0
上海市嘉定区华江中学,华东师范大学第二附属中学,152003,委属,1,1.0,759.0,1,1.0
上海市嘉定区新城实验中学,华东师范大学第二附属中学,152003,委属,1,1.0,766.5,1,1.0
上海市嘉定区苏民学校,华东师范大学第二附属中学,152003,委属,1,1.0,760.0,1,1.0
上海市嘉定区马陆育才联合中学,华东师范大学第二附属中学,152003,委属,1,1.0,741.5,1,1.0
上海市嘉定区戬浜学校,华东师范大学第二附属中学,152003,委属,1,2.0,746.0,1,1.0
上海市嘉定区迎园中学,华东师范大学第二附属中学,152003,委属,1,2.0,760.5,1,1.0
上海市嘉定区黄渡中学,华东师范大学第二附属中学,152003,委属,1,2.0,741.0,1,1.0
中科院上海实验学校,华东师范大学第二附属中学,152003,委属,1,2.0,756.5,1,1.0
交大附中附属嘉定德富中学,华东师范大学第二附属中学,152003,委属,1,2.0,756.5,1,1.0
上海大学附属嘉定留云中学,华东师范大学第二附属中学,152003,委属,1,3.0,750.0,1,1.0
上海市嘉定区外冈中学,华东师范大学第二附属中学,152003,委属,1,3.0,743.5,1,1.0
上海市嘉定区徐行中学,华东师范大学第二附属中学,152003,委属,1,3.0,758.5,1,1.0
上海市嘉定区方泰中学,华东师范大学第二附属中学,152003,委属,1,3.0,735.0,1,1.0
上海华旭双语学校,上海师范大学附属中学,152006,委属,1,1.0,730.0,1,1.0
上海大学附属嘉定留云中学,上海师范大学附属中学,152006,委属,1,1.0,748.0,1,1.0
上海市嘉定区丰庄中学,上海师范大学附属中学,152006,委属,1,1.0,716.5,1,1.0
上海市嘉定区方泰中学,上海师范大学附属中学,152006,委属,1,1.0,733.0,1,1.0
上海市嘉定区震川中学,上海师范大学附属中学,152006,委属,1,1.0,724.0,1,1.0
