junior_high_school,years_included,years_list,lines_2022,wq_2022,eq_2022,rel_2022,z_2022,zr_2022,P_2022,mean_rank_2022,quota_2022,lines_2023,wq_2023,eq_2023,rel_2023,z_2023,zr_2023,P_2023,mean_rank_2023,quota_2023,lines_2024,wq_2024,eq_2024,rel_2024,z_2024,zr_2024,P_2024,mean_rank_2024,quota_2024,lines_2025,wq_2025,eq_2025,rel_2025,z_2025,zr_2025,P_2025,mean_rank_2025,quota_2025,lines_2026,wq_2026,eq_2026,rel_2026,z_2026,zr_2026,P_2026,mean_rank_2026,quota_2026,w_等权,e_等权,r_等权,P_等权,z_等权,zr_等权,w_线性1:5,e_线性1:5,r_线性1:5,P_线性1:5,z_线性1:5,zr_线性1:5,w_指数1:16,e_指数1:16,r_指数1:16,P_指数1:16,z_指数1:16,zr_指数1:16,w_近3年,e_近3年,r_近3年,P_近3年,z_近3年,zr_近3年,quota_avg,SEN
上海华旭双语学校,3,2024;2025;2026,,,,4.0641025641026545,,,,,,,,,,,,,,,2,734.3333,736.5,4.0641,0.6558,0.462,0.6765,12.0,3,3,721.0,721.0,-6.2991,-0.4002,-0.6921,0.2162,30.0,3,3,747.6667,747.6667,5.825757575757507,1.0537,0.7217,0.9737,2.0,3,734.3333,735.0556,1.1969,0.6221,0.4364,0.1639,735.4444,735.9861,1.3437,0.6469,0.4696,0.1855,738.1429,738.4524,2.1099,0.7148,0.5814,0.2806,734.3333,735.0556,1.1969,0.6221,0.4364,0.1639,3.0,0.294
上海嘉定区世外学校,1,2026,,,,3.8590909090909236,,,,,,,,,,,,,,,,,,,,,,,,,,,,,,,,,3,745.7,745.5,3.8590909090909236,0.8299,0.478,0.8421,7.0,10,745.7,745.5,3.8591,0.8421,0.8299,0.478,745.7,745.5,3.8591,0.8421,0.8299,0.478,745.7,745.5,3.8591,0.8421,0.8299,0.478,745.7,745.5,3.8591,0.8421,0.8299,0.478,10.0,
上海嘉定区世界外国语学校,2,2024;2025,,,,4.605769230769283,,,,,,,,,,,,,,,2,734.875,733.0,4.6058,0.7168,0.5236,0.7353,10.0,8,3,736.8333,734.0,9.5342,1.0477,1.0476,0.9459,3.0,9,,,,9.534244974287049,,,,,,735.8542,733.5,7.07,0.8406,0.8823,0.7856,735.994,733.5714,7.422,0.8557,0.9059,0.823,736.1806,733.6667,7.8914,0.8757,0.9374,0.8729,735.8542,733.5,7.07,0.8406,0.8823,0.7856,8.5,
上海嘉定区民办华盛怀少学校,3,2024;2025;2026,,,,9.807692307692378,,,,,,,,,,,,,,,2,740.0769,739.25,9.8077,1.3031,1.1149,1.0,1.0,13,3,725.9,722.6667,-1.3991,0.0479,-0.1537,0.4324,22.0,20,3,742.1667,740.8333,0.32575757575750686,0.4278,0.0404,0.5526,18.0,12,736.0479,734.25,2.9115,0.6617,0.593,0.3339,736.222,734.3819,2.1213,0.6244,0.52,0.2443,737.2205,735.4167,1.1875,0.5822,0.4443,0.1384,736.0479,734.25,2.9115,0.6617,0.593,0.3339,15.0,-1.58
上海外国语大学嘉定外国语学校,5,2022;2023;2024;2025;2026,2,748.6667,749.5,15.303030303030255,1.6511,1.5014,1.0,1.0,18,2,728.75,728.75,2.5,0.3657,0.2248,0.5926,12.0,20,2,736.0,736.0,5.7308,0.8436,0.6515,0.8235,7.0,18,3,734.7143,732.5,7.4152,0.854,0.8147,0.8108,8.0,21,3,745.1842,745.1667,3.3433014354067154,0.7712,0.4141,0.8158,8.0,19,738.663,738.3833,6.8585,0.8085,0.8971,0.7213,738.5963,738.0556,5.5915,0.7985,0.8123,0.6157,740.3493,739.7957,5.0336,0.807,0.8041,0.571,738.6328,737.8889,5.4964,0.8167,0.8229,0.6268,19.2,-0.38
上海大学附属嘉定留云中学,5,2022;2023;2024;2025;2026,2,731.5714,732.5,-1.7922077922078188,-0.0443,-0.1758,0.4231,16.0,7,2,724.2857,723.75,-1.9643,-0.141,-0.1767,0.3704,18.0,7,2,720.75,720.75,-9.5192,-0.8752,-1.0821,0.1765,29.0,6,3,725.8462,723.3333,-1.4529,0.043,-0.1596,0.4054,23.0,13,3,742.42,741.1667,0.5790909090908372,0.4567,0.0717,0.5789,17.0,25,728.9747,728.3,-2.8299,0.3909,-0.1122,-0.3045,730.5252,729.4278,-2.4797,0.414,-0.0331,-0.2704,733.8268,732.5269,-1.4889,0.4637,0.1233,-0.1609,729.6721,728.4167,-3.4644,0.3869,-0.1252,-0.39,11.6,0.105
上海市嘉定区丰庄中学,5,2022;2023;2024;2025;2026,2,735.3636,736.0,2.0,0.3318,0.1962,0.6538,10.0,11,2,729.7727,729.5,3.5227,0.4818,0.3168,0.7037,9.0,11,2,733.8077,733.5,3.5385,0.5965,0.4023,0.6471,13.0,13,3,718.2143,716.1667,-9.0848,-0.6549,-0.9982,0.1351,33.0,14,3,736.5588,735.5,-5.282085561497411,-0.2103,-0.6543,0.2895,28.0,17,730.7434,730.1333,-1.0611,0.4858,0.109,-0.1474,730.1322,729.1778,-2.8726,0.3994,-0.0391,-0.3485,730.9934,729.8817,-4.3223,0.3343,-0.1588,-0.5166,729.5269,728.3889,-3.6095,0.3572,-0.0895,-0.4167,13.2,-0.543
上海市嘉定区华亭学校,5,2022;2023;2024;2025;2026,2,740.5,740.5,7.136363636363626,0.8412,0.7001,0.7692,7.0,2,2,726.0,726.0,-0.25,0.0536,-0.0225,0.4815,15.0,2,2,712.0,712.0,-18.2692,-1.8613,-2.0768,0.0588,33.0,2,3,699.5,699.5,-27.7991,-2.3663,-3.0544,0.027,37.0,3,3,723.1667,723.1667,-18.674242424242493,-1.7341,-2.3132,0.1053,35.0,3,720.2333,720.2333,-11.5712,0.2884,-1.0134,-1.3534,716.1556,716.1556,-16.8493,0.1695,-1.5181,-1.9573,716.3602,716.3602,-18.9555,0.1248,-1.7152,-2.229,711.5556,711.5556,-21.5809,0.0637,-1.9872,-2.4815,2.4,-1.583
上海市嘉定区华江中学,5,2022;2023;2024;2025;2026,2,741.0,744.0,7.636363636363626,0.8908,0.7492,0.8269,5.5,6,2,735.0,735.0,8.75,1.0751,0.7869,0.8519,5.0,10,2,729.0455,728.75,-1.2238,0.0598,-0.1391,0.4118,21.0,11,3,731.7308,730.0,4.4317,0.5811,0.4869,0.6486,14.0,13,3,731.3333,729.6667,-10.50757575757575,-0.8048,-1.3016,0.1842,32.0,18,733.6219,733.4833,1.8173,0.5847,0.3604,0.1165,732.1151,731.2389,-0.8897,0.4854,0.1014,-0.177,731.6891,730.4409,-3.6267,0.3972,-0.1596,-0.4892,730.7032,729.4722,-2.4332,0.4149,-0.0546,-0.3179,11.6,-0.812
上海市嘉定区南翔中学,5,2022;2023;2024;2025;2026,2,706.0,703.0,-27.363636363636374,-2.5804,-2.6846,0.0,27.0,12,2,719.25,719.25,-7.0,-0.7126,-0.6295,0.2593,21.0,14,2,730.1154,730.0,-0.1538,0.1804,-0.0175,0.4706,19.0,13,3,730.375,726.6667,3.0759,0.4571,0.338,0.5676,17.0,16,3,743.6905,741.8333,1.8495670995670253,0.6012,0.2291,0.6316,15.0,21,725.8862,724.15,-5.9184,0.3858,-0.4108,-0.5529,731.6532,729.8222,-1.3516,0.4906,0.0914,-0.0999,735.71,733.6828,0.3942,0.5499,0.3223,0.076,734.727,732.8333,1.5905,0.5566,0.4129,0.1832,15.2,1.37
上海市嘉定区南苑中学,5,2022;2023;2024;2025;2026,2,716.75,716.75,-16.613636363636374,-1.5143,-1.6299,0.0769,25.0,8,2,717.25,717.25,-9.0,-0.9396,-0.8094,0.1852,23.0,10,2,728.6667,728.0,-1.6026,0.0171,-0.1822,0.3824,22.0,9,3,723.2,722.6667,-4.0991,-0.199,-0.4504,0.3514,25.0,10,3,734.0417,733.5,-7.799242424242493,-0.4967,-0.9661,0.2368,30.0,12,723.9817,723.6333,-7.8229,0.2465,-0.6265,-0.8076,726.6839,726.2278,-6.3209,0.2789,-0.4414,-0.6952,728.9091,728.4059,-6.4066,0.2767,-0.415,-0.7432,728.6361,728.0556,-4.5003,0.3235,-0.2262,-0.5329,9.8,0.451
上海市嘉定区启良中学,5,2022;2023;2024;2025;2026,2,733.9118,733.75,0.5481283422459455,0.1878,0.0538,0.6154,11.0,17,2,714.75,714.75,-11.5,-1.2234,-1.0342,0.1111,25.0,20,2,725.6562,725.25,-4.613,-0.3222,-0.5244,0.2941,25.0,16,3,722.8333,720.6667,-4.4658,-0.2325,-0.4907,0.2973,27.0,15,3,737.2353,736.3333,-4.60561497326205,-0.1333,-0.5705,0.3158,27.0,17,726.8773,726.15,-4.9272,0.3267,-0.3447,-0.5132,727.8594,726.8889,-5.1455,0.2992,-0.3215,-0.5602,730.4667,729.3844,-4.849,0.3047,-0.2432,-0.5537,728.575,727.4167,-4.5615,0.3024,-0.2293,-0.5285,17.0,-0.065
上海市嘉定区嘉一实验初级中学,1,2026,,,,-10.956293706293764,,,,,,,,,,,,,,,,,,,,,,,,,,,,,,,,,3,730.8846,729.1667,-10.956293706293764,-0.8559,-1.3572,0.1579,33.0,13,730.8846,729.1667,-10.9563,0.1579,-0.8559,-1.3572,730.8846,729.1667,-10.9563,0.1579,-0.8559,-1.3572,730.8846,729.1667,-10.9563,0.1579,-0.8559,-1.3572,730.8846,729.1667,-10.9563,0.1579,-0.8559,-1.3572,13.0,
上海市嘉定区嘉二实验学校,4,2023;2024;2025;2026,,,,-16.25,,,,,,2,710.0,710.0,-16.25,-1.7625,-1.4614,0.037,27.0,10,2,723.4,723.0,-6.8692,-0.5765,-0.7809,0.2353,27.0,10,3,719.7692,719.1667,-7.5299,-0.5127,-0.8273,0.1622,32.0,13,3,734.8889,733.8333,-6.952020202020208,-0.4003,-0.8612,0.2632,29.0,18,722.0145,721.5,-9.4003,0.1744,-0.813,-0.9827,724.5515,723.9167,-8.4277,0.196,-0.6648,-0.92,727.6659,726.8889,-7.7149,0.2174,-0.5446,-0.8815,726.0194,725.3333,-7.117,0.2202,-0.4965,-0.8231,12.75,0.681
上海市嘉定区外冈中学,5,2022;2023;2024;2025;2026,2,719.9286,719.5,-13.43506493506493,-1.199,-1.3181,0.1154,24.0,7,2,719.75,719.75,-6.5,-0.6558,-0.5846,0.2963,20.0,8,2,717.7857,719.0,-12.4835,-1.2092,-1.4191,0.0882,32.0,7,3,704.3125,700.3333,-22.9866,-1.9262,-2.5256,0.0811,35.0,8,3,722.7222,722.5,-19.11868686868695,-1.7847,-2.3683,0.0789,36.0,9,716.8998,716.2167,-14.9048,0.132,-1.355,-1.6431,716.2431,715.3222,-16.7617,0.1128,-1.5178,-1.9126,717.0525,716.0538,-18.2633,0.0959,-1.6552,-2.1375,714.9401,713.9444,-18.1963,0.0828,-1.64,-2.1043,7.8,-0.557
上海市嘉定区娄塘学校,5,2022;2023;2024;2025;2026,2,730.25,730.25,-3.113636363636374,-0.1754,-0.3055,0.3846,17.0,2,2,738.75,738.75,12.5,1.5008,1.1242,1.0,1.0,2,2,701.1667,700.0,-29.1026,-3.0823,-3.3084,0.0,35.0,3,3,726.3333,726.3333,-0.9658,0.0875,-0.1061,0.4595,21.0,3,3,721.1667,721.1667,-20.674242424242493,-1.9617,-2.561,0.0526,37.0,3,723.5333,723.3,-8.2712,0.3793,-0.7262,-1.0314,721.4944,721.2611,-11.5104,0.299,-1.0586,-1.4141,721.3468,721.1962,-13.969,0.2227,-1.2964,-1.7134,716.2222,715.8333,-16.9142,0.1707,-1.6522,-1.9918,2.6,-0.972
上海市嘉定区徐行中学,5,2022;2023;2024;2025;2026,2,730.0,730.0,-3.363636363636374,-0.2002,-0.33,0.3077,19.0,4,2,726.5,726.5,0.25,0.1103,0.0225,0.5185,14.0,6,2,729.3,729.0,-0.9692,0.0885,-0.1102,0.4412,20.0,5,3,694.9,695.5,-32.3991,-2.7869,-3.5598,0.0,38.0,5,3,711.2143,711.5,-30.626623376623456,-3.0941,-3.7938,0.0,39.0,7,718.3829,718.5,-13.4217,0.2535,-1.1765,-1.5543,713.7714,713.9667,-19.2334,0.1779,-1.7555,-2.2549,710.93,711.1935,-24.3858,0.1003,-2.3041,-2.9002,711.8048,712.0,-21.3316,0.1471,-1.9308,-2.4879,5.4,-1.744
上海市嘉定区德富路中学,1,2022,2,738.775,739.25,5.411363636363603,0.6701,0.5309,0.6923,9.0,20,,,,,,,,,,,,,,,,,,,,,,,,,,,,,,,5.411363636363603,,,,,,738.775,739.25,5.4114,0.6923,0.6701,0.5309,738.775,739.25,5.4114,0.6923,0.6701,0.5309,738.775,739.25,5.4114,0.6923,0.6701,0.5309,,,,,,,20.0,
上海市嘉定区戬浜学校,5,2022;2023;2024;2025;2026,2,722.75,722.75,-10.613636363636374,-0.9192,-1.0413,0.1538,23.0,2,2,734.0,734.0,7.75,0.9616,0.697,0.7407,8.0,2,2,724.5,724.5,-5.7692,-0.4525,-0.6558,0.2647,26.0,2,3,701.5,701.5,-25.7991,-2.1834,-2.8346,0.0541,36.0,3,3,745.8333,745.8333,3.9924242424242493,0.8451,0.4946,0.8947,5.0,3,725.7167,725.7167,-6.0879,0.4216,-0.3497,-0.668,726.6278,726.6278,-6.377,0.4746,-0.3241,-0.6987,730.1317,730.1317,-5.184,0.5627,-0.1533,-0.5495,723.9444,723.9444,-9.192,0.4045,-0.5969,-0.9986,2.4,-0.087
上海市嘉定区新城实验中学,4,2023;2024;2025;2026,,,,11.964285714285666,,,,,,2,738.2143,737.75,11.9643,1.4399,1.076,0.963,2.0,7,2,734.5667,734.25,4.2974,0.6821,0.4885,0.7059,11.0,15,3,733.0789,730.5,5.7799,0.7044,0.6351,0.7297,11.0,19,3,744.2273,742.5,2.386363636363626,0.6623,0.2956,0.6842,13.0,22,737.5218,736.25,6.107,0.7707,0.8722,0.6238,738.1129,736.625,5.1337,0.7417,0.7897,0.5454,739.5654,737.8833,4.1846,0.7178,0.728,0.4639,737.291,735.75,4.1546,0.7066,0.6829,0.4731,15.75,-0.681
上海市嘉定区方泰中学,5,2022;2023;2024;2025;2026,2,741.0,743.0,7.636363636363626,0.8908,0.7492,0.8269,5.5,5,2,716.75,716.75,-9.5,-0.9964,-0.8544,0.1481,24.0,4,2,726.25,726.25,-4.0192,-0.2553,-0.4569,0.3235,24.0,4,3,731.375,730.6667,4.0759,0.5486,0.4478,0.6216,15.0,4,3,732.3,731.0,-9.540909090909167,-0.6948,-1.1819,0.2105,31.0,5,729.535,729.5333,-2.2696,0.4261,-0.1014,-0.2592,729.35,728.8611,-3.6548,0.3755,-0.2098,-0.4299,730.5581,729.7688,-4.7577,0.3471,-0.2855,-0.5843,729.975,729.3056,-3.1614,0.3852,-0.1338,-0.397,4.4,-0.416
上海市嘉定区朱桥学校,5,2022;2023;2024;2025;2026,2,726.375,730.25,-6.988636363636374,-0.5597,-0.6856,0.1923,22.0,4,2,718.75,718.75,-7.5,-0.7693,-0.6745,0.2222,22.0,6,2,718.6,717.75,-11.6692,-1.1175,-1.3266,0.1176,31.0,5,3,721.25,723.6667,-6.0491,-0.3773,-0.6646,0.2703,28.0,4,3,740.75,741.0,-1.090909090909122,0.2666,-0.1351,0.4474,22.0,4,725.145,726.2833,-6.6596,0.25,-0.5114,-0.6973,727.2283,728.0444,-5.7765,0.2872,-0.3751,-0.6232,730.9766,731.7446,-4.3391,0.3364,-0.1716,-0.4781,726.8667,727.4722,-6.2697,0.2784,-0.4094,-0.7088,4.6,0.265
上海市嘉定区杨柳初级中学,1,2022,2,733.6818,733.75,0.31818181818175617,0.165,0.0312,0.5385,13.0,11,,,,,,,,,,,,,,,,,,,,,,,,,,,,,,,0.31818181818175617,,,,,,733.6818,733.75,0.3182,0.5385,0.165,0.0312,733.6818,733.75,0.3182,0.5385,0.165,0.0312,733.6818,733.75,0.3182,0.5385,0.165,0.0312,,,,,,,11.0,
上海市嘉定区疁城实验学校,5,2022;2023;2024;2025;2026,2,733.82,734.0,0.45636363636367605,0.1787,0.0448,0.5769,12.0,25,2,713.68,713.75,-12.57,-1.3448,-1.1305,0.0741,26.0,25,2,722.0417,721.5,-8.2276,-0.7296,-0.9353,0.2059,28.0,24,3,727.1304,725.1667,-0.1687,0.1604,-0.0185,0.4865,20.0,23,3,728.24,727.1667,-13.600909090909113,-1.1568,-1.6848,0.1316,34.0,25,724.9824,724.3167,-6.8222,0.295,-0.5784,-0.7449,725.1351,724.1667,-7.8697,0.2631,-0.6561,-0.9013,726.3945,725.2742,-8.9212,0.2434,-0.7308,-1.0665,725.804,724.6111,-7.3324,0.2746,-0.5753,-0.8795,24.4,-0.314
上海市嘉定区练川实验学校,5,2022;2023;2024;2025;2026,2,730.1154,731.0,-3.2482517482517324,-0.1887,-0.3187,0.3462,18.0,13,2,728.7692,729.25,2.5192,0.3679,0.2266,0.6296,11.0,13,2,730.5769,730.25,0.3077,0.2324,0.035,0.5294,17.0,13,3,720.4167,716.6667,-6.8824,-0.4535,-0.7562,0.1892,31.0,12,3,741.4286,740.8333,-0.4123376623376771,0.3439,-0.0511,0.4737,21.0,14,730.2614,729.6,-1.5432,0.4336,0.0604,-0.1729,731.2129,730.0722,-1.7919,0.4213,0.0766,-0.2027,733.4243,732.1667,-1.8915,0.4134,0.1081,-0.2127,730.8074,729.25,-2.329,0.3974,0.0409,-0.2574,13.0,-0.075
上海市嘉定区苏民学校,5,2022;2023;2024;2025;2026,2,742.25,743.0,8.886363636363626,1.0147,0.8718,0.8846,4.0,12,2,727.5,728.0,1.25,0.2238,0.1124,0.5556,13.0,13,2,732.4375,731.5,2.1683,0.4421,0.2465,0.5882,15.0,16,3,737.9706,735.3333,10.6715,1.1517,1.1725,0.973,2.0,17,3,746.8529,745.6667,5.012032085561486,0.9611,0.6209,0.9474,3.0,17,737.4022,736.7,5.5976,0.7897,0.7587,0.6048,738.714,737.5444,5.7092,0.8259,0.8134,0.642,741.3036,739.9462,5.9879,0.8803,0.8975,0.6902,739.087,737.5,5.9506,0.8362,0.8516,0.68,15.0,0.033
上海市嘉定区迎园中学,5,2022;2023;2024;2025;2026,2,727.0968,726.25,-6.266862170087961,-0.4881,-0.6148,0.2692,20.0,31,2,728.8793,728.75,2.6293,0.3804,0.2365,0.6667,10.0,29,2,735.4444,735.0,5.1752,0.781,0.5883,0.7941,8.0,27,3,732.2143,730.5,4.9152,0.6253,0.54,0.7027,12.0,28,3,744.1852,743.8333,2.344276094276097,0.6575,0.2904,0.6579,14.0,27,733.564,732.8667,1.7594,0.6181,0.3912,0.2081,736.0648,735.3278,3.06,0.6723,0.5603,0.349,738.4294,737.7124,3.1136,0.6751,0.6103,0.3606,737.2813,736.4444,4.1449,0.7182,0.688,0.4729,28.4,0.39
上海市嘉定区金鹤学校,5,2022;2023;2024;2025;2026,2,744.3,744.25,10.93636363636358,1.218,1.073,0.9231,3.0,10,2,722.0,722.0,-4.25,-0.4005,-0.3822,0.3333,19.0,14,2,730.2692,730.0,0.0,0.1977,0.0,0.5,18.0,13,3,721.2222,719.6667,-6.0769,-0.3799,-0.6677,0.2432,29.0,18,3,741.9412,740.5,0.10026737967916688,0.4022,0.0124,0.5263,19.0,17,731.9465,731.2833,0.142,0.5052,0.2075,0.0071,731.5802,730.6278,-1.4247,0.4463,0.1001,-0.1533,733.8779,732.6962,-1.4379,0.4502,0.1485,-0.1559,731.1442,730.0556,-1.9922,0.4232,0.0734,-0.2184,14.4,-0.47
上海市嘉定区震川中学,5,2022;2023;2024;2025;2026,2,711.5909,709.5,-21.772727272727252,-2.0259,-2.1361,0.0385,26.0,22,2,725.6852,725.5,-0.5648,0.0178,-0.0508,0.4444,16.0,27,2,731.0667,730.75,0.7974,0.2876,0.0907,0.5588,16.0,30,3,727.4677,725.0,0.1687,0.1913,0.0185,0.5135,19.0,31,3,737.8676,736.1667,-3.973262032085586,-0.0613,-0.4922,0.3421,26.0,34,726.7356,725.3833,-5.0689,0.3795,-0.3181,-0.514,730.358,728.9056,-2.6468,0.4246,-0.0446,-0.2902,732.6727,731.0376,-2.6431,0.4111,-0.0094,-0.3097,732.134,730.6389,-1.0024,0.4715,0.1392,-0.1277,28.8,0.727
上海市嘉定区马陆育才联合中学,5,2022;2023;2024;2025;2026,2,726.75,726.75,-6.613636363636374,-0.5225,-0.6489,0.2308,21.0,8,2,704.0,704.0,-22.25,-2.4435,-2.001,0.0,28.0,6,2,709.6429,710.5,-20.6264,-2.127,-2.3448,0.0294,34.0,7,3,706.6,707.6667,-20.6991,-1.717,-2.2743,0.1081,34.0,10,3,720.1364,720.0,-21.704545454545496,-2.0789,-2.6886,0.0263,38.0,11,713.4258,713.7833,-18.3787,0.0789,-1.7778,-1.9915,712.7174,713.1278,-20.2875,0.0589,-1.9369,-2.2817,714.4614,714.7769,-20.8543,0.0527,-1.965,-2.4272,712.1264,712.7222,-21.01,0.0546,-1.9743,-2.4359,8.4,-0.573
上海市嘉定区黄渡中学,5,2022;2023;2024;2025;2026,2,733.3636,733.5,0.0,0.1334,0.0,0.5,14.0,11,2,725.5,725.5,-0.75,-0.0032,-0.0674,0.4074,17.0,12,2,719.9286,719.25,-10.3407,-0.9677,-1.1755,0.1471,30.0,14,3,725.7143,724.6667,-1.5848,0.0309,-0.1741,0.3784,24.0,14,3,740.2353,738.8333,-1.6056149732620497,0.2081,-0.1989,0.4211,23.0,17,728.9484,728.35,-2.8562,0.3708,-0.1197,-0.3232,729.8789,729.0056,-3.126,0.3583,-0.1075,-0.3568,732.6954,731.6183,-2.6204,0.3764,-0.0054,-0.3036,728.6261,727.5833,-4.5104,0.3155,-0.2429,-0.5162,13.6,-0.081
上海市曹杨二中附属江桥实验中学,5,2022;2023;2024;2025;2026,2,739.3684,739.5,6.004784688995187,0.7289,0.5891,0.7308,8.0,19,2,734.25,734.25,8.0,0.99,0.7195,0.7778,7.0,22,2,727.3158,727.0,-2.9534,-0.1351,-0.3357,0.3529,23.0,19,3,731.2619,728.3333,3.9628,0.5382,0.4354,0.5946,16.0,21,3,744.2727,743.0,2.43181818181813,0.6675,0.3012,0.7105,12.0,22,735.2938,734.4167,3.4892,0.6333,0.5579,0.3419,735.7485,734.4889,2.7437,0.6184,0.5196,0.2846,737.9223,736.4731,2.6065,0.6395,0.5534,0.2899,734.2835,732.7778,1.1471,0.5527,0.3569,0.1336,20.6,-0.224
上海市民办嘉一联合中学,2,2024;2025,,,,6.805769230769329,,,,,,,,,,,,,,,2,737.075,736.25,6.8058,0.9648,0.7737,0.8824,5.0,20,3,734.3409,731.0,7.0418,0.8198,0.7737,0.7838,9.0,22,,,,7.041820731862799,,,,,,735.708,733.625,6.9238,0.8331,0.8923,0.7737,735.5127,733.25,6.9407,0.826,0.8819,0.7737,735.2523,732.75,6.9631,0.8166,0.8681,0.7737,735.708,733.625,6.9238,0.8331,0.8923,0.7737,21.0,
上海市民办嘉宜初级中学,1,2026,,,,0.0,,,,,,,,,,,,,,,,,,,,,,,,,,,,,,,,,3,741.8409,740.6667,0.0,0.3908,0.0,0.5,20.0,22,741.8409,740.6667,0.0,0.5,0.3908,0.0,741.8409,740.6667,0.0,0.5,0.3908,0.0,741.8409,740.6667,0.0,0.5,0.3908,0.0,741.8409,740.6667,0.0,0.5,0.3908,0.0,22.0,
上海市民办桃李园实验学校,3,2024;2025;2026,,,,6.373626373626394,,,,,,,,,,,,,,,2,736.6429,736.0,6.3736,0.9161,0.7246,0.8529,6.0,28,3,738.537,737.1667,11.2379,1.2035,1.2348,1.0,1.0,27,3,744.4483,743.0,2.607366771159832,0.6875,0.323,0.7368,11.0,29,739.8761,738.7222,6.7396,0.8633,0.9357,0.7608,740.5265,739.3056,6.4258,0.8536,0.9166,0.7273,741.6443,740.3333,5.6113,0.8286,0.8676,0.6409,739.8761,738.7222,6.7396,0.8633,0.9357,0.7608,28.0,-0.628
上海市民办远东学校,3,2024;2025;2026,,,,8.594405594405657,,,,,,,,,,,,,,,2,738.8636,738.0,8.5944,1.1664,0.977,0.9412,3.0,11,3,735.7,732.3333,8.4009,0.9441,0.923,0.8919,5.0,10,3,747.8333,745.5,5.992424242424249,1.0726,0.7423,1.0,1.0,12,740.799,738.6111,7.6626,0.9444,1.061,0.8808,741.5465,739.2361,7.4457,0.9493,1.0532,0.8612,743.0853,740.6667,7.0523,0.9607,1.0493,0.8275,740.799,738.6111,7.6626,0.9444,1.061,0.8808,11.0,-0.434
上海师范大学附属第五嘉定实验学校,2,2025;2026,,,,-4.299088359046323,,,,,,,,,,,,,,,,,,,,,,,,3,723.0,723.1667,-4.2991,-0.2173,-0.4724,0.3243,26.0,5,3,739.1667,736.8333,-2.674242424242493,0.0865,-0.3313,0.3684,25.0,9,731.0833,730.0,-3.4867,0.3464,-0.0654,-0.4018,731.9815,730.7593,-3.3964,0.3488,-0.0485,-0.394,733.7778,732.2778,-3.2159,0.3537,-0.0148,-0.3783,731.0833,730.0,-3.4867,0.3464,-0.0654,-0.4018,7.0,
上海民办华曜嘉定初级中学,3,2024;2025;2026,,,,4.997435897435935,,,,,,,,,,,,,,,2,735.2667,734.25,4.9974,0.761,0.5681,0.7647,9.0,15,3,735.0,733.8333,7.7009,0.8801,0.8461,0.8649,6.0,18,3,743.6562,741.8333,1.815340909090878,0.5973,0.2249,0.6053,16.0,16,737.9743,736.6389,4.8379,0.7449,0.7461,0.5464,738.6734,737.2708,4.5727,0.7317,0.7325,0.5178,739.9845,738.4643,3.9515,0.7022,0.7015,0.4514,737.9743,736.6389,4.8379,0.7449,0.7461,0.5464,16.33,-0.53
中科院上海实验学校,5,2022;2023;2024;2025;2026,2,733.1111,731.75,-0.2525252525252881,0.1084,-0.0248,0.4615,15.0,18,2,735.75,735.75,9.5,1.1602,0.8544,0.8889,4.0,22,2,733.1316,732.5,2.8623,0.5203,0.3254,0.6176,14.0,19,3,735.7778,734.0,8.4787,0.9512,0.9316,0.9189,4.0,27,3,744.9318,744.3333,3.0909090909090082,0.7425,0.3829,0.7632,10.0,22,736.5405,735.6667,4.7359,0.73,0.6965,0.4939,738.1184,737.2278,5.1136,0.7722,0.7671,0.5534,740.0732,739.1801,4.7574,0.783,0.7742,0.5343,737.9471,736.9444,4.8106,0.7666,0.738,0.5466,21.6,0.113
交大附中附属嘉定德富中学,4,2023;2024;2025;2026,,,,8.25,,,,,,2,734.5,734.75,8.25,1.0184,0.7419,0.8148,6.0,19,2,737.8421,736.5,7.5729,1.0513,0.8609,0.9118,4.0,19,3,732.05,729.8333,4.7509,0.6103,0.522,0.6757,13.0,20,3,745.0,743.3333,3.159090909090878,0.7502,0.3913,0.7895,9.0,21,737.348,736.1042,5.9332,0.7979,0.8575,0.629,738.2662,736.7857,5.287,0.7868,0.8131,0.5794,739.8923,738.25,4.5115,0.7771,0.7709,0.5122,738.2974,736.5556,5.161,0.7923,0.8039,0.5914,19.75,-0.452
交大附中附属嘉定洪德中学,2,2025;2026,,,,1.5509116409537,,,,,,,,,,,,,,,,,,,,,,,,3,728.85,726.6667,1.5509,0.3177,0.1704,0.5405,18.0,10,3,746.7812,744.3333,4.940340909090878,0.9529,0.612,0.9211,4.0,16,737.8156,735.5,3.2456,0.7308,0.6353,0.3912,738.8118,736.4815,3.4339,0.7519,0.6706,0.4157,740.8042,738.4444,3.8105,0.7942,0.7412,0.4648,737.8156,735.5,3.2456,0.7308,0.6353,0.3912,13.0,
同济大学附属嘉定实验中学,2,2025;2026,,,,6.200911640953677,,,,,,,,,,,,,,,,,,,,,,,,3,733.5,731.5,6.2009,0.7429,0.6813,0.7568,10.0,6,3,745.7222,745.5,3.88131313131305,0.8324,0.4808,0.8684,6.0,9,739.6111,738.5,5.0411,0.8126,0.7877,0.5811,740.2901,739.2778,4.9122,0.8188,0.7926,0.5699,741.6481,740.8333,4.6545,0.8312,0.8026,0.5476,739.6111,738.5,5.0411,0.8126,0.7877,0.5811,7.5,
同济大学附属实验中学,5,2022;2023;2024;2025;2026,2,746.2083,749.25,12.844696969696997,1.4073,1.2602,0.9615,2.0,12,2,736.5,737.25,10.25,1.2454,0.9218,0.9259,3.0,11,2,739.5769,738.75,9.3077,1.2468,1.0581,0.9706,2.0,13,3,734.8684,731.8333,7.5693,0.868,0.8317,0.8378,7.0,19,3,740.1667,737.8333,-1.6742424242424931,0.2003,-0.2074,0.3947,24.0,18,739.4641,738.9833,7.6595,0.8181,0.9936,0.7729,738.5497,737.1,5.5449,0.7367,0.8075,0.5712,738.6816,736.7339,3.3659,0.6359,0.614,0.3442,738.204,736.1389,5.0676,0.7344,0.7717,0.5608,14.6,-0.634
