year,district,junior_high_school,junior_high_school_code,senior_high_school,senior_high_school_code,quota,source_doc,source_page,is_placeholder_code
2022,黄浦区,上海市格致初级中学,011001,上海市格致中学,012001,19,【黄浦】【2022】名额到校计划.pdf,1,0
2022,黄浦区,上海市格致初级中学,011001,上海市大同中学,012003,16,【黄浦】【2022】名额到校计划.pdf,1,0
2022,黄浦区,上海市格致初级中学,011001,上海市向明中学,012005,13,【黄浦】【2022】名额到校计划.pdf,1,0
2022,黄浦区,上海市格致初级中学,011001,上海外国语大学附属大境中学,012007,16,【黄浦】【2022】名额到校计划.pdf,1,0
2022,黄浦区,上海市格致初级中学,011001,上海市光明中学,012008,16,【黄浦】【2022】名额到校计划.pdf,1,0
2022,黄浦区,上海市格致初级中学,011001,上海市敬业中学,012009,16,【黄浦】【2022】名额到校计划.pdf,1,0
2022,黄浦区,上海市格致初级中学,011001,上海市卢湾高级中学,012010,16,【黄浦】【2022】名额到校计划.pdf,1,0
2022,黄浦区,上海市格致初级中学,011001,上海市上海中学,042032,0,【黄浦】【2022】名额到校计划.pdf,1,0
2022,黄浦区,上海市格致初级中学,011001,上海交通大学附属中学,102056,0,【黄浦】【2022】名额到校计划.pdf,1,0
2022,黄浦区,上海市格致初级中学,011001,复旦大学附属中学,102057,0,【黄浦】【2022】名额到校计划.pdf,1,0
2022,黄浦区,上海市格致初级中学,011001,华东师范大学第二附属中学,152003,0,【黄浦】【2022】名额到校计划.pdf,1,0
2022,黄浦区,上海市格致初级中学,011001,上海师范大学附属中学,152006,1,【黄浦】【2022】名额到校计划.pdf,1,0
2022,黄浦区,上海市格致初级中学,011001,上海市格致中学（奉贤校区）,012002,3,【黄浦】【2022】名额到校计划.pdf,1,0
2022,黄浦区,上海市格致初级中学,011001,上海市向明中学（浦江校区）,012006,2,【黄浦】【2022】名额到校计划.pdf,1,0
2022,黄浦区,上海市大同初级中学,011002,上海市格致中学,012001,11,【黄浦】【2022】名额到校计划.pdf,1,0
2022,黄浦区,上海市大同初级中学,011002,上海市大同中学,012003,13,【黄浦】【2022】名额到校计划.pdf,1,0
2022,黄浦区,上海市大同初级中学,011002,上海市向明中学,012005,9,【黄浦】【2022】名额到校计划.pdf,1,0
2022,黄浦区,上海市大同初级中学,011002,上海外国语大学附属大境中学,012007,11,【黄浦】【2022】名额到校计划.pdf,1,0
2022,黄浦区,上海市大同初级中学,011002,上海市光明中学,012008,11,【黄浦】【2022】名额到校计划.pdf,1,0
2022,黄浦区,上海市大同初级中学,011002,上海市敬业中学,012009,13,【黄浦】【2022】名额到校计划.pdf,1,0
2022,黄浦区,上海市大同初级中学,011002,上海市卢湾高级中学,012010,11,【黄浦】【2022】名额到校计划.pdf,1,0
2022,黄浦区,上海市大同初级中学,011002,上海市上海中学,042032,0,【黄浦】【2022】名额到校计划.pdf,1,0
2022,黄浦区,上海市大同初级中学,011002,上海交通大学附属中学,102056,1,【黄浦】【2022】名额到校计划.pdf,1,0
2022,黄浦区,上海市大同初级中学,011002,复旦大学附属中学,102057,0,【黄浦】【2022】名额到校计划.pdf,1,0
2022,黄浦区,上海市大同初级中学,011002,华东师范大学第二附属中学,152003,0,【黄浦】【2022】名额到校计划.pdf,1,0
2022,黄浦区,上海市大同初级中学,011002,上海师范大学附属中学,152006,0,【黄浦】【2022】名额到校计划.pdf,1,0
2022,黄浦区,上海市大同初级中学,011002,上海市格致中学（奉贤校区）,012002,3,【黄浦】【2022】名额到校计划.pdf,1,0
2022,黄浦区,上海市大同初级中学,011002,上海市向明中学（浦江校区）,012006,1,【黄浦】【2022】名额到校计划.pdf,1,0
2022,黄浦区,上海市向明初级中学,011003,上海市格致中学,012001,14,【黄浦】【2022】名额到校计划.pdf,1,0
2022,黄浦区,上海市向明初级中学,011003,上海市大同中学,012003,14,【黄浦】【2022】名额到校计划.pdf,1,0
2022,黄浦区,上海市向明初级中学,011003,上海市向明中学,012005,13,【黄浦】【2022】名额到校计划.pdf,1,0
2022,黄浦区,上海市向明初级中学,011003,上海外国语大学附属大境中学,012007,14,【黄浦】【2022】名额到校计划.pdf,1,0
2022,黄浦区,上海市向明初级中学,011003,上海市光明中学,012008,14,【黄浦】【2022】名额到校计划.pdf,1,0
2022,黄浦区,上海市向明初级中学,011003,上海市敬业中学,012009,14,【黄浦】【2022】名额到校计划.pdf,1,0
2022,黄浦区,上海市向明初级中学,011003,上海市卢湾高级中学,012010,14,【黄浦】【2022】名额到校计划.pdf,1,0
2022,黄浦区,上海市向明初级中学,011003,上海市上海中学,042032,0,【黄浦】【2022】名额到校计划.pdf,1,0
2022,黄浦区,上海市向明初级中学,011003,上海交通大学附属中学,102056,0,【黄浦】【2022】名额到校计划.pdf,1,0
2022,黄浦区,上海市向明初级中学,011003,复旦大学附属中学,102057,0,【黄浦】【2022】名额到校计划.pdf,1,0
2022,黄浦区,上海市向明初级中学,011003,华东师范大学第二附属中学,152003,1,【黄浦】【2022】名额到校计划.pdf,1,0
2022,黄浦区,上海市向明初级中学,011003,上海师范大学附属中学,152006,0,【黄浦】【2022】名额到校计划.pdf,1,0
2022,黄浦区,上海市向明初级中学,011003,上海市格致中学（奉贤校区）,012002,3,【黄浦】【2022】名额到校计划.pdf,1,0
2022,黄浦区,上海市向明初级中学,011003,上海市向明中学（浦江校区）,012006,2,【黄浦】【2022】名额到校计划.pdf,1,0
2022,黄浦区,上海外国语大学附属大境初级中学,011004,上海市格致中学,012001,6,【黄浦】【2022】名额到校计划.pdf,1,0
2022,黄浦区,上海外国语大学附属大境初级中学,011004,上海市大同中学,012003,6,【黄浦】【2022】名额到校计划.pdf,1,0
2022,黄浦区,上海外国语大学附属大境初级中学,011004,上海市向明中学,012005,5,【黄浦】【2022】名额到校计划.pdf,1,0
2022,黄浦区,上海外国语大学附属大境初级中学,011004,上海外国语大学附属大境中学,012007,8,【黄浦】【2022】名额到校计划.pdf,1,0
2022,黄浦区,上海外国语大学附属大境初级中学,011004,上海市光明中学,012008,7,【黄浦】【2022】名额到校计划.pdf,1,0
2022,黄浦区,上海外国语大学附属大境初级中学,011004,上海市敬业中学,012009,6,【黄浦】【2022】名额到校计划.pdf,1,0
2022,黄浦区,上海外国语大学附属大境初级中学,011004,上海市卢湾高级中学,012010,7,【黄浦】【2022】名额到校计划.pdf,1,0
2022,黄浦区,上海外国语大学附属大境初级中学,011004,上海市上海中学,042032,0,【黄浦】【2022】名额到校计划.pdf,1,0
2022,黄浦区,上海外国语大学附属大境初级中学,011004,上海交通大学附属中学,102056,0,【黄浦】【2022】名额到校计划.pdf,1,0
2022,黄浦区,上海外国语大学附属大境初级中学,011004,复旦大学附属中学,102057,1,【黄浦】【2022】名额到校计划.pdf,1,0
2022,黄浦区,上海外国语大学附属大境初级中学,011004,华东师范大学第二附属中学,152003,0,【黄浦】【2022】名额到校计划.pdf,1,0
2022,黄浦区,上海外国语大学附属大境初级中学,011004,上海师范大学附属中学,152006,0,【黄浦】【2022】名额到校计划.pdf,1,0
2022,黄浦区,上海外国语大学附属大境初级中学,011004,上海市格致中学（奉贤校区）,012002,3,【黄浦】【2022】名额到校计划.pdf,1,0
2022,黄浦区,上海外国语大学附属大境初级中学,011004,上海市向明中学（浦江校区）,012006,1,【黄浦】【2022】名额到校计划.pdf,1,0
2022,黄浦区,上海市光明初级中学,011005,上海市格致中学,012001,1,【黄浦】【2022】名额到校计划.pdf,1,0
2022,黄浦区,上海市光明初级中学,011005,上海市大同中学,012003,2,【黄浦】【2022】名额到校计划.pdf,1,0
2022,黄浦区,上海市光明初级中学,011005,上海市向明中学,012005,2,【黄浦】【2022】名额到校计划.pdf,1,0
2022,黄浦区,上海市光明初级中学,011005,上海外国语大学附属大境中学,012007,2,【黄浦】【2022】名额到校计划.pdf,1,0
2022,黄浦区,上海市光明初级中学,011005,上海市光明中学,012008,3,【黄浦】【2022】名额到校计划.pdf,1,0
2022,黄浦区,上海市光明初级中学,011005,上海市敬业中学,012009,2,【黄浦】【2022】名额到校计划.pdf,1,0
2022,黄浦区,上海市光明初级中学,011005,上海市卢湾高级中学,012010,2,【黄浦】【2022】名额到校计划.pdf,1,0
2022,黄浦区,上海市光明初级中学,011005,上海市上海中学,042032,0,【黄浦】【2022】名额到校计划.pdf,1,0
2022,黄浦区,上海市光明初级中学,011005,上海交通大学附属中学,102056,1,【黄浦】【2022】名额到校计划.pdf,1,0
2022,黄浦区,上海市光明初级中学,011005,复旦大学附属中学,102057,0,【黄浦】【2022】名额到校计划.pdf,1,0
2022,黄浦区,上海市光明初级中学,011005,华东师范大学第二附属中学,152003,0,【黄浦】【2022】名额到校计划.pdf,1,0
2022,黄浦区,上海市光明初级中学,011005,上海师范大学附属中学,152006,0,【黄浦】【2022】名额到校计划.pdf,1,0
2022,黄浦区,上海市光明初级中学,011005,上海市格致中学（奉贤校区）,012002,2,【黄浦】【2022】名额到校计划.pdf,1,0
2022,黄浦区,上海市光明初级中学,011005,上海市向明中学（浦江校区）,012006,2,【黄浦】【2022】名额到校计划.pdf,1,0
2022,黄浦区,上海市敬业初级中学,011006,上海市格致中学,012001,4,【黄浦】【2022】名额到校计划.pdf,1,0
2022,黄浦区,上海市敬业初级中学,011006,上海市大同中学,012003,4,【黄浦】【2022】名额到校计划.pdf,1,0
2022,黄浦区,上海市敬业初级中学,011006,上海市向明中学,012005,3,【黄浦】【2022】名额到校计划.pdf,1,0
2022,黄浦区,上海市敬业初级中学,011006,上海外国语大学附属大境中学,012007,4,【黄浦】【2022】名额到校计划.pdf,1,0
2022,黄浦区,上海市敬业初级中学,011006,上海市光明中学,012008,4,【黄浦】【2022】名额到校计划.pdf,1,0
2022,黄浦区,上海市敬业初级中学,011006,上海市敬业中学,012009,5,【黄浦】【2022】名额到校计划.pdf,1,0
2022,黄浦区,上海市敬业初级中学,011006,上海市卢湾高级中学,012010,4,【黄浦】【2022】名额到校计划.pdf,1,0
2022,黄浦区,上海市敬业初级中学,011006,上海市上海中学,042032,0,【黄浦】【2022】名额到校计划.pdf,1,0
2022,黄浦区,上海市敬业初级中学,011006,上海交通大学附属中学,102056,0,【黄浦】【2022】名额到校计划.pdf,1,0
2022,黄浦区,上海市敬业初级中学,011006,复旦大学附属中学,102057,0,【黄浦】【2022】名额到校计划.pdf,1,0
2022,黄浦区,上海市敬业初级中学,011006,华东师范大学第二附属中学,152003,0,【黄浦】【2022】名额到校计划.pdf,1,0
2022,黄浦区,上海市敬业初级中学,011006,上海师范大学附属中学,152006,0,【黄浦】【2022】名额到校计划.pdf,1,0
2022,黄浦区,上海市敬业初级中学,011006,上海市格致中学（奉贤校区）,012002,2,【黄浦】【2022】名额到校计划.pdf,1,0
2022,黄浦区,上海市敬业初级中学,011006,上海市向明中学（浦江校区）,012006,2,【黄浦】【2022】名额到校计划.pdf,1,0
2022,黄浦区,上海市卢湾中学,011007,上海市格致中学,012001,9,【黄浦】【2022】名额到校计划.pdf,1,0
2022,黄浦区,上海市卢湾中学,011007,上海市大同中学,012003,9,【黄浦】【2022】名额到校计划.pdf,1,0
2022,黄浦区,上海市卢湾中学,011007,上海市向明中学,012005,7,【黄浦】【2022】名额到校计划.pdf,1,0
2022,黄浦区,上海市卢湾中学,011007,上海外国语大学附属大境中学,012007,8,【黄浦】【2022】名额到校计划.pdf,1,0
2022,黄浦区,上海市卢湾中学,011007,上海市光明中学,012008,8,【黄浦】【2022】名额到校计划.pdf,1,0
2022,黄浦区,上海市卢湾中学,011007,上海市敬业中学,012009,8,【黄浦】【2022】名额到校计划.pdf,1,0
2022,黄浦区,上海市卢湾中学,011007,上海市卢湾高级中学,012010,10,【黄浦】【2022】名额到校计划.pdf,1,0
2022,黄浦区,上海市卢湾中学,011007,上海市上海中学,042032,0,【黄浦】【2022】名额到校计划.pdf,1,0
2022,黄浦区,上海市卢湾中学,011007,上海交通大学附属中学,102056,0,【黄浦】【2022】名额到校计划.pdf,1,0
2022,黄浦区,上海市卢湾中学,011007,复旦大学附属中学,102057,0,【黄浦】【2022】名额到校计划.pdf,1,0
2022,黄浦区,上海市卢湾中学,011007,华东师范大学第二附属中学,152003,0,【黄浦】【2022】名额到校计划.pdf,1,0
2022,黄浦区,上海市卢湾中学,011007,上海师范大学附属中学,152006,0,【黄浦】【2022】名额到校计划.pdf,1,0
2022,黄浦区,上海市卢湾中学,011007,上海市格致中学（奉贤校区）,012002,3,【黄浦】【2022】名额到校计划.pdf,1,0
2022,黄浦区,上海市卢湾中学,011007,上海市向明中学（浦江校区）,012006,2,【黄浦】【2022】名额到校计划.pdf,1,0
2022,黄浦区,上海市市八初级中学,011008,上海市格致中学,012001,5,【黄浦】【2022】名额到校计划.pdf,1,0
2022,黄浦区,上海市市八初级中学,011008,上海市大同中学,012003,4,【黄浦】【2022】名额到校计划.pdf,1,0
2022,黄浦区,上海市市八初级中学,011008,上海市向明中学,012005,3,【黄浦】【2022】名额到校计划.pdf,1,0
2022,黄浦区,上海市市八初级中学,011008,上海外国语大学附属大境中学,012007,4,【黄浦】【2022】名额到校计划.pdf,1,0
2022,黄浦区,上海市市八初级中学,011008,上海市光明中学,012008,5,【黄浦】【2022】名额到校计划.pdf,1,0
2022,黄浦区,上海市市八初级中学,011008,上海市敬业中学,012009,5,【黄浦】【2022】名额到校计划.pdf,1,0
2022,黄浦区,上海市市八初级中学,011008,上海市卢湾高级中学,012010,5,【黄浦】【2022】名额到校计划.pdf,1,0
2022,黄浦区,上海市市八初级中学,011008,上海市上海中学,042032,0,【黄浦】【2022】名额到校计划.pdf,1,0
2022,黄浦区,上海市市八初级中学,011008,上海交通大学附属中学,102056,0,【黄浦】【2022】名额到校计划.pdf,1,0
2022,黄浦区,上海市市八初级中学,011008,复旦大学附属中学,102057,0,【黄浦】【2022】名额到校计划.pdf,1,0
2022,黄浦区,上海市市八初级中学,011008,华东师范大学第二附属中学,152003,1,【黄浦】【2022】名额到校计划.pdf,1,0
2022,黄浦区,上海市市八初级中学,011008,上海师范大学附属中学,152006,0,【黄浦】【2022】名额到校计划.pdf,1,0
2022,黄浦区,上海市市八初级中学,011008,上海市格致中学（奉贤校区）,012002,3,【黄浦】【2022】名额到校计划.pdf,1,0
2022,黄浦区,上海市市八初级中学,011008,上海市向明中学（浦江校区）,012006,2,【黄浦】【2022】名额到校计划.pdf,1,0
2022,黄浦区,上海市尚文中学,011009,上海市格致中学,012001,7,【黄浦】【2022】名额到校计划.pdf,1,0
2022,黄浦区,上海市尚文中学,011009,上海市大同中学,012003,7,【黄浦】【2022】名额到校计划.pdf,1,0
2022,黄浦区,上海市尚文中学,011009,上海市向明中学,012005,5,【黄浦】【2022】名额到校计划.pdf,1,0
2022,黄浦区,上海市尚文中学,011009,上海外国语大学附属大境中学,012007,7,【黄浦】【2022】名额到校计划.pdf,1,0
2022,黄浦区,上海市尚文中学,011009,上海市光明中学,012008,7,【黄浦】【2022】名额到校计划.pdf,1,0
2022,黄浦区,上海市尚文中学,011009,上海市敬业中学,012009,7,【黄浦】【2022】名额到校计划.pdf,1,0
2022,黄浦区,上海市尚文中学,011009,上海市卢湾高级中学,012010,6,【黄浦】【2022】名额到校计划.pdf,1,0
2022,黄浦区,上海市尚文中学,011009,上海市上海中学,042032,1,【黄浦】【2022】名额到校计划.pdf,1,0
2022,黄浦区,上海市尚文中学,011009,上海交通大学附属中学,102056,0,【黄浦】【2022】名额到校计划.pdf,1,0
2022,黄浦区,上海市尚文中学,011009,复旦大学附属中学,102057,0,【黄浦】【2022】名额到校计划.pdf,1,0
2022,黄浦区,上海市尚文中学,011009,华东师范大学第二附属中学,152003,0,【黄浦】【2022】名额到校计划.pdf,1,0
2022,黄浦区,上海市尚文中学,011009,上海师范大学附属中学,152006,0,【黄浦】【2022】名额到校计划.pdf,1,0
2022,黄浦区,上海市尚文中学,011009,上海市格致中学（奉贤校区）,012002,2,【黄浦】【2022】名额到校计划.pdf,1,0
2022,黄浦区,上海市尚文中学,011009,上海市向明中学（浦江校区）,012006,2,【黄浦】【2022】名额到校计划.pdf,1,0
2022,黄浦区,上海市兴业中学,011012,上海市格致中学,012001,5,【黄浦】【2022】名额到校计划.pdf,1,0
2022,黄浦区,上海市兴业中学,011012,上海市大同中学,012003,5,【黄浦】【2022】名额到校计划.pdf,1,0
2022,黄浦区,上海市兴业中学,011012,上海市向明中学,012005,4,【黄浦】【2022】名额到校计划.pdf,1,0
2022,黄浦区,上海市兴业中学,011012,上海外国语大学附属大境中学,012007,4,【黄浦】【2022】名额到校计划.pdf,1,0
2022,黄浦区,上海市兴业中学,011012,上海市光明中学,012008,6,【黄浦】【2022】名额到校计划.pdf,1,0
2022,黄浦区,上海市兴业中学,011012,上海市敬业中学,012009,4,【黄浦】【2022】名额到校计划.pdf,1,0
2022,黄浦区,上海市兴业中学,011012,上海市卢湾高级中学,012010,4,【黄浦】【2022】名额到校计划.pdf,1,0
2022,黄浦区,上海市兴业中学,011012,上海市上海中学,042032,0,【黄浦】【2022】名额到校计划.pdf,1,0
2022,黄浦区,上海市兴业中学,011012,上海交通大学附属中学,102056,0,【黄浦】【2022】名额到校计划.pdf,1,0
2022,黄浦区,上海市兴业中学,011012,复旦大学附属中学,102057,1,【黄浦】【2022】名额到校计划.pdf,1,0
2022,黄浦区,上海市兴业中学,011012,华东师范大学第二附属中学,152003,0,【黄浦】【2022】名额到校计划.pdf,1,0
2022,黄浦区,上海市兴业中学,011012,上海师范大学附属中学,152006,0,【黄浦】【2022】名额到校计划.pdf,1,0
2022,黄浦区,上海市兴业中学,011012,上海市格致中学（奉贤校区）,012002,3,【黄浦】【2022】名额到校计划.pdf,1,0
2022,黄浦区,上海市兴业中学,011012,上海市向明中学（浦江校区）,012006,2,【黄浦】【2022】名额到校计划.pdf,1,0
2022,黄浦区,上海市清华中学,011014,上海市格致中学,012001,1,【黄浦】【2022】名额到校计划.pdf,2,0
2022,黄浦区,上海市清华中学,011014,上海市大同中学,012003,1,【黄浦】【2022】名额到校计划.pdf,2,0
2022,黄浦区,上海市清华中学,011014,上海市向明中学,012005,1,【黄浦】【2022】名额到校计划.pdf,2,0
2022,黄浦区,上海市清华中学,011014,上海外国语大学附属大境中学,012007,2,【黄浦】【2022】名额到校计划.pdf,2,0
2022,黄浦区,上海市清华中学,011014,上海市光明中学,012008,2,【黄浦】【2022】名额到校计划.pdf,2,0
2022,黄浦区,上海市清华中学,011014,上海市敬业中学,012009,2,【黄浦】【2022】名额到校计划.pdf,2,0
2022,黄浦区,上海市清华中学,011014,上海市卢湾高级中学,012010,2,【黄浦】【2022】名额到校计划.pdf,2,0
2022,黄浦区,上海市清华中学,011014,上海市上海中学,042032,0,【黄浦】【2022】名额到校计划.pdf,2,0
2022,黄浦区,上海市清华中学,011014,上海交通大学附属中学,102056,0,【黄浦】【2022】名额到校计划.pdf,2,0
2022,黄浦区,上海市清华中学,011014,复旦大学附属中学,102057,0,【黄浦】【2022】名额到校计划.pdf,2,0
2022,黄浦区,上海市清华中学,011014,华东师范大学第二附属中学,152003,0,【黄浦】【2022】名额到校计划.pdf,2,0
2022,黄浦区,上海市清华中学,011014,上海师范大学附属中学,152006,0,【黄浦】【2022】名额到校计划.pdf,2,0
2022,黄浦区,上海市清华中学,011014,上海市格致中学（奉贤校区）,012002,2,【黄浦】【2022】名额到校计划.pdf,2,0
2022,黄浦区,上海市清华中学,011014,上海市向明中学（浦江校区）,012006,2,【黄浦】【2022】名额到校计划.pdf,2,0
2022,黄浦区,上海市第十中学,013003,上海市格致中学,012001,7,【黄浦】【2022】名额到校计划.pdf,2,0
2022,黄浦区,上海市第十中学,013003,上海市大同中学,012003,7,【黄浦】【2022】名额到校计划.pdf,2,0
2022,黄浦区,上海市第十中学,013003,上海市向明中学,012005,6,【黄浦】【2022】名额到校计划.pdf,2,0
2022,黄浦区,上海市第十中学,013003,上海外国语大学附属大境中学,012007,8,【黄浦】【2022】名额到校计划.pdf,2,0
2022,黄浦区,上海市第十中学,013003,上海市光明中学,012008,7,【黄浦】【2022】名额到校计划.pdf,2,0
2022,黄浦区,上海市第十中学,013003,上海市敬业中学,012009,8,【黄浦】【2022】名额到校计划.pdf,2,0
2022,黄浦区,上海市第十中学,013003,上海市卢湾高级中学,012010,7,【黄浦】【2022】名额到校计划.pdf,2,0
2022,黄浦区,上海市第十中学,013003,上海市上海中学,042032,0,【黄浦】【2022】名额到校计划.pdf,2,0
2022,黄浦区,上海市第十中学,013003,上海交通大学附属中学,102056,0,【黄浦】【2022】名额到校计划.pdf,2,0
2022,黄浦区,上海市第十中学,013003,复旦大学附属中学,102057,0,【黄浦】【2022】名额到校计划.pdf,2,0
2022,黄浦区,上海市第十中学,013003,华东师范大学第二附属中学,152003,0,【黄浦】【2022】名额到校计划.pdf,2,0
2022,黄浦区,上海市第十中学,013003,上海师范大学附属中学,152006,0,【黄浦】【2022】名额到校计划.pdf,2,0
2022,黄浦区,上海市第十中学,013003,上海市格致中学（奉贤校区）,012002,3,【黄浦】【2022】名额到校计划.pdf,2,0
2022,黄浦区,上海市第十中学,013003,上海市向明中学（浦江校区）,012006,2,【黄浦】【2022】名额到校计划.pdf,2,0
2022,黄浦区,上海理工大学附属储能中学,013004,上海市格致中学,012001,2,【黄浦】【2022】名额到校计划.pdf,2,0
2022,黄浦区,上海理工大学附属储能中学,013004,上海市大同中学,012003,2,【黄浦】【2022】名额到校计划.pdf,2,0
2022,黄浦区,上海理工大学附属储能中学,013004,上海市向明中学,012005,2,【黄浦】【2022】名额到校计划.pdf,2,0
2022,黄浦区,上海理工大学附属储能中学,013004,上海外国语大学附属大境中学,012007,2,【黄浦】【2022】名额到校计划.pdf,2,0
2022,黄浦区,上海理工大学附属储能中学,013004,上海市光明中学,012008,3,【黄浦】【2022】名额到校计划.pdf,2,0
2022,黄浦区,上海理工大学附属储能中学,013004,上海市敬业中学,012009,2,【黄浦】【2022】名额到校计划.pdf,2,0
2022,黄浦区,上海理工大学附属储能中学,013004,上海市卢湾高级中学,012010,2,【黄浦】【2022】名额到校计划.pdf,2,0
2022,黄浦区,上海理工大学附属储能中学,013004,上海市上海中学,042032,0,【黄浦】【2022】名额到校计划.pdf,2,0
2022,黄浦区,上海理工大学附属储能中学,013004,上海交通大学附属中学,102056,0,【黄浦】【2022】名额到校计划.pdf,2,0
2022,黄浦区,上海理工大学附属储能中学,013004,复旦大学附属中学,102057,0,【黄浦】【2022】名额到校计划.pdf,2,0
2022,黄浦区,上海理工大学附属储能中学,013004,华东师范大学第二附属中学,152003,0,【黄浦】【2022】名额到校计划.pdf,2,0
2022,黄浦区,上海理工大学附属储能中学,013004,上海师范大学附属中学,152006,0,【黄浦】【2022】名额到校计划.pdf,2,0
2022,黄浦区,上海理工大学附属储能中学,013004,上海市格致中学（奉贤校区）,012002,2,【黄浦】【2022】名额到校计划.pdf,2,0
2022,黄浦区,上海理工大学附属储能中学,013004,上海市向明中学（浦江校区）,012006,2,【黄浦】【2022】名额到校计划.pdf,2,0
2022,黄浦区,上海市金陵中学,014001,上海市格致中学,012001,4,【黄浦】【2022】名额到校计划.pdf,2,0
2022,黄浦区,上海市金陵中学,014001,上海市大同中学,012003,4,【黄浦】【2022】名额到校计划.pdf,2,0
2022,黄浦区,上海市金陵中学,014001,上海市向明中学,012005,3,【黄浦】【2022】名额到校计划.pdf,2,0
2022,黄浦区,上海市金陵中学,014001,上海外国语大学附属大境中学,012007,4,【黄浦】【2022】名额到校计划.pdf,2,0
2022,黄浦区,上海市金陵中学,014001,上海市光明中学,012008,4,【黄浦】【2022】名额到校计划.pdf,2,0
2022,黄浦区,上海市金陵中学,014001,上海市敬业中学,012009,4,【黄浦】【2022】名额到校计划.pdf,2,0
2022,黄浦区,上海市金陵中学,014001,上海市卢湾高级中学,012010,4,【黄浦】【2022】名额到校计划.pdf,2,0
2022,黄浦区,上海市金陵中学,014001,上海市上海中学,042032,0,【黄浦】【2022】名额到校计划.pdf,2,0
2022,黄浦区,上海市金陵中学,014001,上海交通大学附属中学,102056,0,【黄浦】【2022】名额到校计划.pdf,2,0
2022,黄浦区,上海市金陵中学,014001,复旦大学附属中学,102057,1,【黄浦】【2022】名额到校计划.pdf,2,0
2022,黄浦区,上海市金陵中学,014001,华东师范大学第二附属中学,152003,0,【黄浦】【2022】名额到校计划.pdf,2,0
2022,黄浦区,上海市金陵中学,014001,上海师范大学附属中学,152006,0,【黄浦】【2022】名额到校计划.pdf,2,0
2022,黄浦区,上海市金陵中学,014001,上海市格致中学（奉贤校区）,012002,2,【黄浦】【2022】名额到校计划.pdf,2,0
2022,黄浦区,上海市金陵中学,014001,上海市向明中学（浦江校区）,012006,2,【黄浦】【2022】名额到校计划.pdf,2,0
2022,黄浦区,上海市市南中学,014003,上海市格致中学,012001,5,【黄浦】【2022】名额到校计划.pdf,2,0
2022,黄浦区,上海市市南中学,014003,上海市大同中学,012003,6,【黄浦】【2022】名额到校计划.pdf,2,0
2022,黄浦区,上海市市南中学,014003,上海市向明中学,012005,4,【黄浦】【2022】名额到校计划.pdf,2,0
2022,黄浦区,上海市市南中学,014003,上海外国语大学附属大境中学,012007,5,【黄浦】【2022】名额到校计划.pdf,2,0
2022,黄浦区,上海市市南中学,014003,上海市光明中学,012008,4,【黄浦】【2022】名额到校计划.pdf,2,0
2022,黄浦区,上海市市南中学,014003,上海市敬业中学,012009,5,【黄浦】【2022】名额到校计划.pdf,2,0
2022,黄浦区,上海市市南中学,014003,上海市卢湾高级中学,012010,5,【黄浦】【2022】名额到校计划.pdf,2,0
2022,黄浦区,上海市市南中学,014003,上海市上海中学,042032,0,【黄浦】【2022】名额到校计划.pdf,2,0
2022,黄浦区,上海市市南中学,014003,上海交通大学附属中学,102056,0,【黄浦】【2022】名额到校计划.pdf,2,0
2022,黄浦区,上海市市南中学,014003,复旦大学附属中学,102057,0,【黄浦】【2022】名额到校计划.pdf,2,0
2022,黄浦区,上海市市南中学,014003,华东师范大学第二附属中学,152003,0,【黄浦】【2022】名额到校计划.pdf,2,0
2022,黄浦区,上海市市南中学,014003,上海师范大学附属中学,152006,0,【黄浦】【2022】名额到校计划.pdf,2,0
2022,黄浦区,上海市市南中学,014003,上海市格致中学（奉贤校区）,012002,2,【黄浦】【2022】名额到校计划.pdf,2,0
2022,黄浦区,上海市市南中学,014003,上海市向明中学（浦江校区）,012006,2,【黄浦】【2022】名额到校计划.pdf,2,0
2022,黄浦区,比乐中学,014004,上海市格致中学,012001,9,【黄浦】【2022】名额到校计划.pdf,2,0
2022,黄浦区,比乐中学,014004,上海市大同中学,012003,9,【黄浦】【2022】名额到校计划.pdf,2,0
2022,黄浦区,比乐中学,014004,上海市向明中学,012005,7,【黄浦】【2022】名额到校计划.pdf,2,0
2022,黄浦区,比乐中学,014004,上海外国语大学附属大境中学,012007,9,【黄浦】【2022】名额到校计划.pdf,2,0
2022,黄浦区,比乐中学,014004,上海市光明中学,012008,9,【黄浦】【2022】名额到校计划.pdf,2,0
2022,黄浦区,比乐中学,014004,上海市敬业中学,012009,9,【黄浦】【2022】名额到校计划.pdf,2,0
2022,黄浦区,比乐中学,014004,上海市卢湾高级中学,012010,10,【黄浦】【2022】名额到校计划.pdf,2,0
2022,黄浦区,比乐中学,014004,上海市上海中学,042032,0,【黄浦】【2022】名额到校计划.pdf,2,0
2022,黄浦区,比乐中学,014004,上海交通大学附属中学,102056,0,【黄浦】【2022】名额到校计划.pdf,2,0
2022,黄浦区,比乐中学,014004,复旦大学附属中学,102057,0,【黄浦】【2022】名额到校计划.pdf,2,0
2022,黄浦区,比乐中学,014004,华东师范大学第二附属中学,152003,0,【黄浦】【2022】名额到校计划.pdf,2,0
2022,黄浦区,比乐中学,014004,上海师范大学附属中学,152006,0,【黄浦】【2022】名额到校计划.pdf,2,0
2022,黄浦区,比乐中学,014004,上海市格致中学（奉贤校区）,012002,2,【黄浦】【2022】名额到校计划.pdf,2,0
2022,黄浦区,比乐中学,014004,上海市向明中学（浦江校区）,012006,2,【黄浦】【2022】名额到校计划.pdf,2,0
2022,黄浦区,上海市黄浦学校,015002,上海市格致中学,012001,3,【黄浦】【2022】名额到校计划.pdf,2,0
2022,黄浦区,上海市黄浦学校,015002,上海市大同中学,012003,3,【黄浦】【2022】名额到校计划.pdf,2,0
2022,黄浦区,上海市黄浦学校,015002,上海市向明中学,012005,2,【黄浦】【2022】名额到校计划.pdf,2,0
2022,黄浦区,上海市黄浦学校,015002,上海外国语大学附属大境中学,012007,3,【黄浦】【2022】名额到校计划.pdf,2,0
2022,黄浦区,上海市黄浦学校,015002,上海市光明中学,012008,3,【黄浦】【2022】名额到校计划.pdf,2,0
2022,黄浦区,上海市黄浦学校,015002,上海市敬业中学,012009,3,【黄浦】【2022】名额到校计划.pdf,2,0
2022,黄浦区,上海市黄浦学校,015002,上海市卢湾高级中学,012010,3,【黄浦】【2022】名额到校计划.pdf,2,0
2022,黄浦区,上海市黄浦学校,015002,上海市上海中学,042032,0,【黄浦】【2022】名额到校计划.pdf,2,0
2022,黄浦区,上海市黄浦学校,015002,上海交通大学附属中学,102056,0,【黄浦】【2022】名额到校计划.pdf,2,0
2022,黄浦区,上海市黄浦学校,015002,复旦大学附属中学,102057,0,【黄浦】【2022】名额到校计划.pdf,2,0
2022,黄浦区,上海市黄浦学校,015002,华东师范大学第二附属中学,152003,0,【黄浦】【2022】名额到校计划.pdf,2,0
2022,黄浦区,上海市黄浦学校,015002,上海师范大学附属中学,152006,0,【黄浦】【2022】名额到校计划.pdf,2,0
2022,黄浦区,上海市黄浦学校,015002,上海市格致中学（奉贤校区）,012002,2,【黄浦】【2022】名额到校计划.pdf,2,0
2022,黄浦区,上海市黄浦学校,015002,上海市向明中学（浦江校区）,012006,2,【黄浦】【2022】名额到校计划.pdf,2,0
2022,黄浦区,上海市黄浦区教育学院附属中山学校,015003,上海市格致中学,012001,6,【黄浦】【2022】名额到校计划.pdf,2,0
2022,黄浦区,上海市黄浦区教育学院附属中山学校,015003,上海市大同中学,012003,6,【黄浦】【2022】名额到校计划.pdf,2,0
2022,黄浦区,上海市黄浦区教育学院附属中山学校,015003,上海市向明中学,012005,5,【黄浦】【2022】名额到校计划.pdf,2,0
2022,黄浦区,上海市黄浦区教育学院附属中山学校,015003,上海外国语大学附属大境中学,012007,7,【黄浦】【2022】名额到校计划.pdf,2,0
2022,黄浦区,上海市黄浦区教育学院附属中山学校,015003,上海市光明中学,012008,5,【黄浦】【2022】名额到校计划.pdf,2,0
2022,黄浦区,上海市黄浦区教育学院附属中山学校,015003,上海市敬业中学,012009,5,【黄浦】【2022】名额到校计划.pdf,2,0
2022,黄浦区,上海市黄浦区教育学院附属中山学校,015003,上海市卢湾高级中学,012010,6,【黄浦】【2022】名额到校计划.pdf,2,0
2022,黄浦区,上海市黄浦区教育学院附属中山学校,015003,上海市上海中学,042032,0,【黄浦】【2022】名额到校计划.pdf,2,0
2022,黄浦区,上海市黄浦区教育学院附属中山学校,015003,上海交通大学附属中学,102056,0,【黄浦】【2022】名额到校计划.pdf,2,0
2022,黄浦区,上海市黄浦区教育学院附属中山学校,015003,复旦大学附属中学,102057,0,【黄浦】【2022】名额到校计划.pdf,2,0
2022,黄浦区,上海市黄浦区教育学院附属中山学校,015003,华东师范大学第二附属中学,152003,0,【黄浦】【2022】名额到校计划.pdf,2,0
2022,黄浦区,上海市黄浦区教育学院附属中山学校,015003,上海师范大学附属中学,152006,0,【黄浦】【2022】名额到校计划.pdf,2,0
2022,黄浦区,上海市黄浦区教育学院附属中山学校,015003,上海市格致中学（奉贤校区）,012002,2,【黄浦】【2022】名额到校计划.pdf,2,0
2022,黄浦区,上海市黄浦区教育学院附属中山学校,015003,上海市向明中学（浦江校区）,012006,2,【黄浦】【2022】名额到校计划.pdf,2,0
2023,黄浦区,上海市格致初级中学,011001,上海市格致中学,012001,19,【黄浦】【2023】名额到校计划.pdf,1,0
2023,黄浦区,上海市格致初级中学,011001,上海市格致中学（奉贤校区）,012002,9,【黄浦】【2023】名额到校计划.pdf,1,0
2023,黄浦区,上海市格致初级中学,011001,上海市大同中学,012003,14,【黄浦】【2023】名额到校计划.pdf,1,0
2023,黄浦区,上海市格致初级中学,011001,上海市向明中学,012005,10,【黄浦】【2023】名额到校计划.pdf,1,0
2023,黄浦区,上海市格致初级中学,011001,上海市向明中学（浦江校区）,012006,2,【黄浦】【2023】名额到校计划.pdf,1,0
2023,黄浦区,上海市格致初级中学,011001,上海外国语大学附属大境中学,012007,14,【黄浦】【2023】名额到校计划.pdf,1,0
2023,黄浦区,上海市格致初级中学,011001,上海市光明中学,012008,14,【黄浦】【2023】名额到校计划.pdf,1,0
2023,黄浦区,上海市格致初级中学,011001,上海市敬业中学,012009,13,【黄浦】【2023】名额到校计划.pdf,1,0
2023,黄浦区,上海市格致初级中学,011001,上海市卢湾高级中学,012010,13,【黄浦】【2023】名额到校计划.pdf,1,0
2023,黄浦区,上海市格致初级中学,011001,上海市上海中学,042032,0,【黄浦】【2023】名额到校计划.pdf,1,0
2023,黄浦区,上海市格致初级中学,011001,上海交通大学附属中学,102056,0,【黄浦】【2023】名额到校计划.pdf,1,0
2023,黄浦区,上海市格致初级中学,011001,复旦大学附属中学,102057,0,【黄浦】【2023】名额到校计划.pdf,1,0
2023,黄浦区,上海市格致初级中学,011001,华东师范大学第二附属中学,152003,0,【黄浦】【2023】名额到校计划.pdf,1,0
2023,黄浦区,上海市格致初级中学,011001,上海师范大学附属中学,152006,0,【黄浦】【2023】名额到校计划.pdf,1,0
2023,黄浦区,上海市大同初级中学,011002,上海市格致中学,012001,11,【黄浦】【2023】名额到校计划.pdf,1,0
2023,黄浦区,上海市大同初级中学,011002,上海市格致中学（奉贤校区）,012002,3,【黄浦】【2023】名额到校计划.pdf,1,0
2023,黄浦区,上海市大同初级中学,011002,上海市大同中学,012003,15,【黄浦】【2023】名额到校计划.pdf,1,0
2023,黄浦区,上海市大同初级中学,011002,上海市向明中学,012005,8,【黄浦】【2023】名额到校计划.pdf,1,0
2023,黄浦区,上海市大同初级中学,011002,上海市向明中学（浦江校区）,012006,2,【黄浦】【2023】名额到校计划.pdf,1,0
2023,黄浦区,上海市大同初级中学,011002,上海外国语大学附属大境中学,012007,11,【黄浦】【2023】名额到校计划.pdf,1,0
2023,黄浦区,上海市大同初级中学,011002,上海市光明中学,012008,11,【黄浦】【2023】名额到校计划.pdf,1,0
2023,黄浦区,上海市大同初级中学,011002,上海市敬业中学,012009,11,【黄浦】【2023】名额到校计划.pdf,1,0
2023,黄浦区,上海市大同初级中学,011002,上海市卢湾高级中学,012010,11,【黄浦】【2023】名额到校计划.pdf,1,0
2023,黄浦区,上海市大同初级中学,011002,上海市上海中学,042032,0,【黄浦】【2023】名额到校计划.pdf,1,0
2023,黄浦区,上海市大同初级中学,011002,上海交通大学附属中学,102056,0,【黄浦】【2023】名额到校计划.pdf,1,0
2023,黄浦区,上海市大同初级中学,011002,复旦大学附属中学,102057,0,【黄浦】【2023】名额到校计划.pdf,1,0
2023,黄浦区,上海市大同初级中学,011002,华东师范大学第二附属中学,152003,0,【黄浦】【2023】名额到校计划.pdf,1,0
2023,黄浦区,上海市大同初级中学,011002,上海师范大学附属中学,152006,0,【黄浦】【2023】名额到校计划.pdf,1,0
2023,黄浦区,上海市向明初级中学,011003,上海市格致中学,012001,12,【黄浦】【2023】名额到校计划.pdf,1,0
2023,黄浦区,上海市向明初级中学,011003,上海市格致中学（奉贤校区）,012002,3,【黄浦】【2023】名额到校计划.pdf,1,0
2023,黄浦区,上海市向明初级中学,011003,上海市大同中学,012003,11,【黄浦】【2023】名额到校计划.pdf,1,0
2023,黄浦区,上海市向明初级中学,011003,上海市向明中学,012005,13,【黄浦】【2023】名额到校计划.pdf,1,0
2023,黄浦区,上海市向明初级中学,011003,上海市向明中学（浦江校区）,012006,6,【黄浦】【2023】名额到校计划.pdf,1,0
2023,黄浦区,上海市向明初级中学,011003,上海外国语大学附属大境中学,012007,12,【黄浦】【2023】名额到校计划.pdf,1,0
2023,黄浦区,上海市向明初级中学,011003,上海市光明中学,012008,12,【黄浦】【2023】名额到校计划.pdf,1,0
2023,黄浦区,上海市向明初级中学,011003,上海市敬业中学,012009,12,【黄浦】【2023】名额到校计划.pdf,1,0
2023,黄浦区,上海市向明初级中学,011003,上海市卢湾高级中学,012010,12,【黄浦】【2023】名额到校计划.pdf,1,0
2023,黄浦区,上海市向明初级中学,011003,上海市上海中学,042032,0,【黄浦】【2023】名额到校计划.pdf,1,0
2023,黄浦区,上海市向明初级中学,011003,上海交通大学附属中学,102056,0,【黄浦】【2023】名额到校计划.pdf,1,0
2023,黄浦区,上海市向明初级中学,011003,复旦大学附属中学,102057,0,【黄浦】【2023】名额到校计划.pdf,1,0
2023,黄浦区,上海市向明初级中学,011003,华东师范大学第二附属中学,152003,0,【黄浦】【2023】名额到校计划.pdf,1,0
2023,黄浦区,上海市向明初级中学,011003,上海师范大学附属中学,152006,0,【黄浦】【2023】名额到校计划.pdf,1,0
2023,黄浦区,上海外国语大学附属大境初级中学,011004,上海市格致中学,012001,7,【黄浦】【2023】名额到校计划.pdf,1,0
2023,黄浦区,上海外国语大学附属大境初级中学,011004,上海市格致中学（奉贤校区）,012002,2,【黄浦】【2023】名额到校计划.pdf,1,0
2023,黄浦区,上海外国语大学附属大境初级中学,011004,上海市大同中学,012003,7,【黄浦】【2023】名额到校计划.pdf,1,0
2023,黄浦区,上海外国语大学附属大境初级中学,011004,上海市向明中学,012005,5,【黄浦】【2023】名额到校计划.pdf,1,0
2023,黄浦区,上海外国语大学附属大境初级中学,011004,上海市向明中学（浦江校区）,012006,2,【黄浦】【2023】名额到校计划.pdf,1,0
2023,黄浦区,上海外国语大学附属大境初级中学,011004,上海外国语大学附属大境中学,012007,9,【黄浦】【2023】名额到校计划.pdf,1,0
2023,黄浦区,上海外国语大学附属大境初级中学,011004,上海市光明中学,012008,7,【黄浦】【2023】名额到校计划.pdf,1,0
2023,黄浦区,上海外国语大学附属大境初级中学,011004,上海市敬业中学,012009,7,【黄浦】【2023】名额到校计划.pdf,1,0
2023,黄浦区,上海外国语大学附属大境初级中学,011004,上海市卢湾高级中学,012010,7,【黄浦】【2023】名额到校计划.pdf,1,0
2023,黄浦区,上海外国语大学附属大境初级中学,011004,上海市上海中学,042032,0,【黄浦】【2023】名额到校计划.pdf,1,0
2023,黄浦区,上海外国语大学附属大境初级中学,011004,上海交通大学附属中学,102056,0,【黄浦】【2023】名额到校计划.pdf,1,0
2023,黄浦区,上海外国语大学附属大境初级中学,011004,复旦大学附属中学,102057,0,【黄浦】【2023】名额到校计划.pdf,1,0
2023,黄浦区,上海外国语大学附属大境初级中学,011004,华东师范大学第二附属中学,152003,0,【黄浦】【2023】名额到校计划.pdf,1,0
2023,黄浦区,上海外国语大学附属大境初级中学,011004,上海师范大学附属中学,152006,0,【黄浦】【2023】名额到校计划.pdf,1,0
2023,黄浦区,上海市光明初级中学,011005,上海市格致中学,012001,3,【黄浦】【2023】名额到校计划.pdf,1,0
2023,黄浦区,上海市光明初级中学,011005,上海市格致中学（奉贤校区）,012002,1,【黄浦】【2023】名额到校计划.pdf,1,0
2023,黄浦区,上海市光明初级中学,011005,上海市大同中学,012003,3,【黄浦】【2023】名额到校计划.pdf,1,0
2023,黄浦区,上海市光明初级中学,011005,上海市向明中学,012005,2,【黄浦】【2023】名额到校计划.pdf,1,0
2023,黄浦区,上海市光明初级中学,011005,上海市向明中学（浦江校区）,012006,1,【黄浦】【2023】名额到校计划.pdf,1,0
2023,黄浦区,上海市光明初级中学,011005,上海外国语大学附属大境中学,012007,2,【黄浦】【2023】名额到校计划.pdf,1,0
2023,黄浦区,上海市光明初级中学,011005,上海市光明中学,012008,4,【黄浦】【2023】名额到校计划.pdf,1,0
2023,黄浦区,上海市光明初级中学,011005,上海市敬业中学,012009,2,【黄浦】【2023】名额到校计划.pdf,1,0
2023,黄浦区,上海市光明初级中学,011005,上海市卢湾高级中学,012010,2,【黄浦】【2023】名额到校计划.pdf,1,0
2023,黄浦区,上海市光明初级中学,011005,上海市上海中学,042032,0,【黄浦】【2023】名额到校计划.pdf,1,0
2023,黄浦区,上海市光明初级中学,011005,上海交通大学附属中学,102056,0,【黄浦】【2023】名额到校计划.pdf,1,0
2023,黄浦区,上海市光明初级中学,011005,复旦大学附属中学,102057,1,【黄浦】【2023】名额到校计划.pdf,1,0
2023,黄浦区,上海市光明初级中学,011005,华东师范大学第二附属中学,152003,0,【黄浦】【2023】名额到校计划.pdf,1,0
2023,黄浦区,上海市光明初级中学,011005,上海师范大学附属中学,152006,0,【黄浦】【2023】名额到校计划.pdf,1,0
2023,黄浦区,上海市敬业初级中学,011006,上海市格致中学,012001,5,【黄浦】【2023】名额到校计划.pdf,1,0
2023,黄浦区,上海市敬业初级中学,011006,上海市格致中学（奉贤校区）,012002,2,【黄浦】【2023】名额到校计划.pdf,1,0
2023,黄浦区,上海市敬业初级中学,011006,上海市大同中学,012003,5,【黄浦】【2023】名额到校计划.pdf,1,0
2023,黄浦区,上海市敬业初级中学,011006,上海市向明中学,012005,5,【黄浦】【2023】名额到校计划.pdf,1,0
2023,黄浦区,上海市敬业初级中学,011006,上海市向明中学（浦江校区）,012006,1,【黄浦】【2023】名额到校计划.pdf,1,0
2023,黄浦区,上海市敬业初级中学,011006,上海外国语大学附属大境中学,012007,5,【黄浦】【2023】名额到校计划.pdf,1,0
2023,黄浦区,上海市敬业初级中学,011006,上海市光明中学,012008,5,【黄浦】【2023】名额到校计划.pdf,1,0
2023,黄浦区,上海市敬业初级中学,011006,上海市敬业中学,012009,7,【黄浦】【2023】名额到校计划.pdf,1,0
2023,黄浦区,上海市敬业初级中学,011006,上海市卢湾高级中学,012010,5,【黄浦】【2023】名额到校计划.pdf,1,0
2023,黄浦区,上海市敬业初级中学,011006,上海市上海中学,042032,0,【黄浦】【2023】名额到校计划.pdf,1,0
2023,黄浦区,上海市敬业初级中学,011006,上海交通大学附属中学,102056,0,【黄浦】【2023】名额到校计划.pdf,1,0
2023,黄浦区,上海市敬业初级中学,011006,复旦大学附属中学,102057,0,【黄浦】【2023】名额到校计划.pdf,1,0
2023,黄浦区,上海市敬业初级中学,011006,华东师范大学第二附属中学,152003,0,【黄浦】【2023】名额到校计划.pdf,1,0
2023,黄浦区,上海市敬业初级中学,011006,上海师范大学附属中学,152006,0,【黄浦】【2023】名额到校计划.pdf,1,0
2023,黄浦区,上海市卢湾中学,011007,上海市格致中学,012001,8,【黄浦】【2023】名额到校计划.pdf,1,0
2023,黄浦区,上海市卢湾中学,011007,上海市格致中学（奉贤校区）,012002,3,【黄浦】【2023】名额到校计划.pdf,1,0
2023,黄浦区,上海市卢湾中学,011007,上海市大同中学,012003,8,【黄浦】【2023】名额到校计划.pdf,1,0
2023,黄浦区,上海市卢湾中学,011007,上海市向明中学,012005,7,【黄浦】【2023】名额到校计划.pdf,1,0
2023,黄浦区,上海市卢湾中学,011007,上海市向明中学（浦江校区）,012006,2,【黄浦】【2023】名额到校计划.pdf,1,0
2023,黄浦区,上海市卢湾中学,011007,上海外国语大学附属大境中学,012007,9,【黄浦】【2023】名额到校计划.pdf,1,0
2023,黄浦区,上海市卢湾中学,011007,上海市光明中学,012008,9,【黄浦】【2023】名额到校计划.pdf,1,0
2023,黄浦区,上海市卢湾中学,011007,上海市敬业中学,012009,9,【黄浦】【2023】名额到校计划.pdf,1,0
2023,黄浦区,上海市卢湾中学,011007,上海市卢湾高级中学,012010,11,【黄浦】【2023】名额到校计划.pdf,1,0
2023,黄浦区,上海市卢湾中学,011007,上海市上海中学,042032,0,【黄浦】【2023】名额到校计划.pdf,1,0
2023,黄浦区,上海市卢湾中学,011007,上海交通大学附属中学,102056,0,【黄浦】【2023】名额到校计划.pdf,1,0
2023,黄浦区,上海市卢湾中学,011007,复旦大学附属中学,102057,0,【黄浦】【2023】名额到校计划.pdf,1,0
2023,黄浦区,上海市卢湾中学,011007,华东师范大学第二附属中学,152003,0,【黄浦】【2023】名额到校计划.pdf,1,0
2023,黄浦区,上海市卢湾中学,011007,上海师范大学附属中学,152006,1,【黄浦】【2023】名额到校计划.pdf,1,0
2023,黄浦区,上海市市八初级中学,011008,上海市格致中学,012001,4,【黄浦】【2023】名额到校计划.pdf,1,0
2023,黄浦区,上海市市八初级中学,011008,上海市格致中学（奉贤校区）,012002,2,【黄浦】【2023】名额到校计划.pdf,1,0
2023,黄浦区,上海市市八初级中学,011008,上海市大同中学,012003,4,【黄浦】【2023】名额到校计划.pdf,1,0
2023,黄浦区,上海市市八初级中学,011008,上海市向明中学,012005,4,【黄浦】【2023】名额到校计划.pdf,1,0
2023,黄浦区,上海市市八初级中学,011008,上海市向明中学（浦江校区）,012006,1,【黄浦】【2023】名额到校计划.pdf,1,0
2023,黄浦区,上海市市八初级中学,011008,上海外国语大学附属大境中学,012007,5,【黄浦】【2023】名额到校计划.pdf,1,0
2023,黄浦区,上海市市八初级中学,011008,上海市光明中学,012008,5,【黄浦】【2023】名额到校计划.pdf,1,0
2023,黄浦区,上海市市八初级中学,011008,上海市敬业中学,012009,6,【黄浦】【2023】名额到校计划.pdf,1,0
2023,黄浦区,上海市市八初级中学,011008,上海市卢湾高级中学,012010,4,【黄浦】【2023】名额到校计划.pdf,1,0
2023,黄浦区,上海市市八初级中学,011008,上海市上海中学,042032,0,【黄浦】【2023】名额到校计划.pdf,1,0
2023,黄浦区,上海市市八初级中学,011008,上海交通大学附属中学,102056,1,【黄浦】【2023】名额到校计划.pdf,1,0
2023,黄浦区,上海市市八初级中学,011008,复旦大学附属中学,102057,0,【黄浦】【2023】名额到校计划.pdf,1,0
2023,黄浦区,上海市市八初级中学,011008,华东师范大学第二附属中学,152003,0,【黄浦】【2023】名额到校计划.pdf,1,0
2023,黄浦区,上海市市八初级中学,011008,上海师范大学附属中学,152006,0,【黄浦】【2023】名额到校计划.pdf,1,0
2023,黄浦区,上海市尚文中学,011009,上海市格致中学,012001,5,【黄浦】【2023】名额到校计划.pdf,1,0
2023,黄浦区,上海市尚文中学,011009,上海市格致中学（奉贤校区）,012002,2,【黄浦】【2023】名额到校计划.pdf,1,0
2023,黄浦区,上海市尚文中学,011009,上海市大同中学,012003,7,【黄浦】【2023】名额到校计划.pdf,1,0
2023,黄浦区,上海市尚文中学,011009,上海市向明中学,012005,4,【黄浦】【2023】名额到校计划.pdf,1,0
2023,黄浦区,上海市尚文中学,011009,上海市向明中学（浦江校区）,012006,2,【黄浦】【2023】名额到校计划.pdf,1,0
2023,黄浦区,上海市尚文中学,011009,上海外国语大学附属大境中学,012007,5,【黄浦】【2023】名额到校计划.pdf,1,0
2023,黄浦区,上海市尚文中学,011009,上海市光明中学,012008,5,【黄浦】【2023】名额到校计划.pdf,1,0
2023,黄浦区,上海市尚文中学,011009,上海市敬业中学,012009,5,【黄浦】【2023】名额到校计划.pdf,1,0
2023,黄浦区,上海市尚文中学,011009,上海市卢湾高级中学,012010,5,【黄浦】【2023】名额到校计划.pdf,1,0
2023,黄浦区,上海市尚文中学,011009,上海市上海中学,042032,0,【黄浦】【2023】名额到校计划.pdf,1,0
2023,黄浦区,上海市尚文中学,011009,上海交通大学附属中学,102056,0,【黄浦】【2023】名额到校计划.pdf,1,0
2023,黄浦区,上海市尚文中学,011009,复旦大学附属中学,102057,0,【黄浦】【2023】名额到校计划.pdf,1,0
2023,黄浦区,上海市尚文中学,011009,华东师范大学第二附属中学,152003,0,【黄浦】【2023】名额到校计划.pdf,1,0
2023,黄浦区,上海市尚文中学,011009,上海师范大学附属中学,152006,0,【黄浦】【2023】名额到校计划.pdf,1,0
2023,黄浦区,上海交通大学附属黄浦实验中学,011012,上海市格致中学,012001,7,【黄浦】【2023】名额到校计划.pdf,1,0
2023,黄浦区,上海交通大学附属黄浦实验中学,011012,上海市格致中学（奉贤校区）,012002,2,【黄浦】【2023】名额到校计划.pdf,1,0
2023,黄浦区,上海交通大学附属黄浦实验中学,011012,上海市大同中学,012003,7,【黄浦】【2023】名额到校计划.pdf,1,0
2023,黄浦区,上海交通大学附属黄浦实验中学,011012,上海市向明中学,012005,6,【黄浦】【2023】名额到校计划.pdf,1,0
2023,黄浦区,上海交通大学附属黄浦实验中学,011012,上海市向明中学（浦江校区）,012006,2,【黄浦】【2023】名额到校计划.pdf,1,0
2023,黄浦区,上海交通大学附属黄浦实验中学,011012,上海外国语大学附属大境中学,012007,7,【黄浦】【2023】名额到校计划.pdf,1,0
2023,黄浦区,上海交通大学附属黄浦实验中学,011012,上海市光明中学,012008,9,【黄浦】【2023】名额到校计划.pdf,1,0
2023,黄浦区,上海交通大学附属黄浦实验中学,011012,上海市敬业中学,012009,7,【黄浦】【2023】名额到校计划.pdf,1,0
2023,黄浦区,上海交通大学附属黄浦实验中学,011012,上海市卢湾高级中学,012010,7,【黄浦】【2023】名额到校计划.pdf,1,0
2023,黄浦区,上海交通大学附属黄浦实验中学,011012,上海市上海中学,042032,0,【黄浦】【2023】名额到校计划.pdf,1,0
2023,黄浦区,上海交通大学附属黄浦实验中学,011012,上海交通大学附属中学,102056,0,【黄浦】【2023】名额到校计划.pdf,1,0
2023,黄浦区,上海交通大学附属黄浦实验中学,011012,复旦大学附属中学,102057,0,【黄浦】【2023】名额到校计划.pdf,1,0
2023,黄浦区,上海交通大学附属黄浦实验中学,011012,华东师范大学第二附属中学,152003,1,【黄浦】【2023】名额到校计划.pdf,1,0
2023,黄浦区,上海交通大学附属黄浦实验中学,011012,上海师范大学附属中学,152006,0,【黄浦】【2023】名额到校计划.pdf,1,0
2023,黄浦区,上海市清华中学,011014,上海市格致中学,012001,1,【黄浦】【2023】名额到校计划.pdf,2,0
2023,黄浦区,上海市清华中学,011014,上海市格致中学（奉贤校区）,012002,1,【黄浦】【2023】名额到校计划.pdf,2,0
2023,黄浦区,上海市清华中学,011014,上海市大同中学,012003,1,【黄浦】【2023】名额到校计划.pdf,2,0
2023,黄浦区,上海市清华中学,011014,上海市向明中学,012005,2,【黄浦】【2023】名额到校计划.pdf,2,0
2023,黄浦区,上海市清华中学,011014,上海市向明中学（浦江校区）,012006,3,【黄浦】【2023】名额到校计划.pdf,2,0
2023,黄浦区,上海市清华中学,011014,上海外国语大学附属大境中学,012007,1,【黄浦】【2023】名额到校计划.pdf,2,0
2023,黄浦区,上海市清华中学,011014,上海市光明中学,012008,1,【黄浦】【2023】名额到校计划.pdf,2,0
2023,黄浦区,上海市清华中学,011014,上海市敬业中学,012009,1,【黄浦】【2023】名额到校计划.pdf,2,0
2023,黄浦区,上海市清华中学,011014,上海市卢湾高级中学,012010,3,【黄浦】【2023】名额到校计划.pdf,2,0
2023,黄浦区,上海市清华中学,011014,上海市上海中学,042032,1,【黄浦】【2023】名额到校计划.pdf,2,0
2023,黄浦区,上海市清华中学,011014,上海交通大学附属中学,102056,0,【黄浦】【2023】名额到校计划.pdf,2,0
2023,黄浦区,上海市清华中学,011014,复旦大学附属中学,102057,0,【黄浦】【2023】名额到校计划.pdf,2,0
2023,黄浦区,上海市清华中学,011014,华东师范大学第二附属中学,152003,0,【黄浦】【2023】名额到校计划.pdf,2,0
2023,黄浦区,上海市清华中学,011014,上海师范大学附属中学,152006,0,【黄浦】【2023】名额到校计划.pdf,2,0
2023,黄浦区,上海市第十中学,013003,上海市格致中学,012001,7,【黄浦】【2023】名额到校计划.pdf,2,0
2023,黄浦区,上海市第十中学,013003,上海市格致中学（奉贤校区）,012002,2,【黄浦】【2023】名额到校计划.pdf,2,0
2023,黄浦区,上海市第十中学,013003,上海市大同中学,012003,7,【黄浦】【2023】名额到校计划.pdf,2,0
2023,黄浦区,上海市第十中学,013003,上海市向明中学,012005,6,【黄浦】【2023】名额到校计划.pdf,2,0
2023,黄浦区,上海市第十中学,013003,上海市向明中学（浦江校区）,012006,2,【黄浦】【2023】名额到校计划.pdf,2,0
2023,黄浦区,上海市第十中学,013003,上海外国语大学附属大境中学,012007,8,【黄浦】【2023】名额到校计划.pdf,2,0
2023,黄浦区,上海市第十中学,013003,上海市光明中学,012008,8,【黄浦】【2023】名额到校计划.pdf,2,0
2023,黄浦区,上海市第十中学,013003,上海市敬业中学,012009,10,【黄浦】【2023】名额到校计划.pdf,2,0
2023,黄浦区,上海市第十中学,013003,上海市卢湾高级中学,012010,8,【黄浦】【2023】名额到校计划.pdf,2,0
2023,黄浦区,上海市第十中学,013003,上海市上海中学,042032,0,【黄浦】【2023】名额到校计划.pdf,2,0
2023,黄浦区,上海市第十中学,013003,上海交通大学附属中学,102056,0,【黄浦】【2023】名额到校计划.pdf,2,0
2023,黄浦区,上海市第十中学,013003,复旦大学附属中学,102057,0,【黄浦】【2023】名额到校计划.pdf,2,0
2023,黄浦区,上海市第十中学,013003,华东师范大学第二附属中学,152003,0,【黄浦】【2023】名额到校计划.pdf,2,0
2023,黄浦区,上海市第十中学,013003,上海师范大学附属中学,152006,0,【黄浦】【2023】名额到校计划.pdf,2,0
2023,黄浦区,上理储能,013004,上海市格致中学,012001,3,【黄浦】【2023】名额到校计划.pdf,2,0
2023,黄浦区,上理储能,013004,上海市格致中学（奉贤校区）,012002,3,【黄浦】【2023】名额到校计划.pdf,2,0
2023,黄浦区,上理储能,013004,上海市大同中学,012003,3,【黄浦】【2023】名额到校计划.pdf,2,0
2023,黄浦区,上理储能,013004,上海市向明中学,012005,2,【黄浦】【2023】名额到校计划.pdf,2,0
2023,黄浦区,上理储能,013004,上海市向明中学（浦江校区）,012006,1,【黄浦】【2023】名额到校计划.pdf,2,0
2023,黄浦区,上理储能,013004,上海外国语大学附属大境中学,012007,3,【黄浦】【2023】名额到校计划.pdf,2,0
2023,黄浦区,上理储能,013004,上海市光明中学,012008,3,【黄浦】【2023】名额到校计划.pdf,2,0
2023,黄浦区,上理储能,013004,上海市敬业中学,012009,3,【黄浦】【2023】名额到校计划.pdf,2,0
2023,黄浦区,上理储能,013004,上海市卢湾高级中学,012010,3,【黄浦】【2023】名额到校计划.pdf,2,0
2023,黄浦区,上理储能,013004,上海市上海中学,042032,0,【黄浦】【2023】名额到校计划.pdf,2,0
2023,黄浦区,上理储能,013004,上海交通大学附属中学,102056,0,【黄浦】【2023】名额到校计划.pdf,2,0
2023,黄浦区,上理储能,013004,复旦大学附属中学,102057,0,【黄浦】【2023】名额到校计划.pdf,2,0
2023,黄浦区,上理储能,013004,华东师范大学第二附属中学,152003,1,【黄浦】【2023】名额到校计划.pdf,2,0
2023,黄浦区,上理储能,013004,上海师范大学附属中学,152006,0,【黄浦】【2023】名额到校计划.pdf,2,0
2023,黄浦区,上海市金陵中学,014001,上海市格致中学,012001,3,【黄浦】【2023】名额到校计划.pdf,2,0
2023,黄浦区,上海市金陵中学,014001,上海市格致中学（奉贤校区）,012002,1,【黄浦】【2023】名额到校计划.pdf,2,0
2023,黄浦区,上海市金陵中学,014001,上海市大同中学,012003,3,【黄浦】【2023】名额到校计划.pdf,2,0
2023,黄浦区,上海市金陵中学,014001,上海市向明中学,012005,3,【黄浦】【2023】名额到校计划.pdf,2,0
2023,黄浦区,上海市金陵中学,014001,上海市向明中学（浦江校区）,012006,3,【黄浦】【2023】名额到校计划.pdf,2,0
2023,黄浦区,上海市金陵中学,014001,上海外国语大学附属大境中学,012007,3,【黄浦】【2023】名额到校计划.pdf,2,0
2023,黄浦区,上海市金陵中学,014001,上海市光明中学,012008,3,【黄浦】【2023】名额到校计划.pdf,2,0
2023,黄浦区,上海市金陵中学,014001,上海市敬业中学,012009,3,【黄浦】【2023】名额到校计划.pdf,2,0
2023,黄浦区,上海市金陵中学,014001,上海市卢湾高级中学,012010,3,【黄浦】【2023】名额到校计划.pdf,2,0
2023,黄浦区,上海市金陵中学,014001,上海市上海中学,042032,0,【黄浦】【2023】名额到校计划.pdf,2,0
2023,黄浦区,上海市金陵中学,014001,上海交通大学附属中学,102056,0,【黄浦】【2023】名额到校计划.pdf,2,0
2023,黄浦区,上海市金陵中学,014001,复旦大学附属中学,102057,0,【黄浦】【2023】名额到校计划.pdf,2,0
2023,黄浦区,上海市金陵中学,014001,华东师范大学第二附属中学,152003,0,【黄浦】【2023】名额到校计划.pdf,2,0
2023,黄浦区,上海市金陵中学,014001,上海师范大学附属中学,152006,0,【黄浦】【2023】名额到校计划.pdf,2,0
2023,黄浦区,上海市市南中学,014003,上海市格致中学,012001,6,【黄浦】【2023】名额到校计划.pdf,2,0
2023,黄浦区,上海市市南中学,014003,上海市格致中学（奉贤校区）,012002,2,【黄浦】【2023】名额到校计划.pdf,2,0
2023,黄浦区,上海市市南中学,014003,上海市大同中学,012003,7,【黄浦】【2023】名额到校计划.pdf,2,0
2023,黄浦区,上海市市南中学,014003,上海市向明中学,012005,4,【黄浦】【2023】名额到校计划.pdf,2,0
2023,黄浦区,上海市市南中学,014003,上海市向明中学（浦江校区）,012006,1,【黄浦】【2023】名额到校计划.pdf,2,0
2023,黄浦区,上海市市南中学,014003,上海外国语大学附属大境中学,012007,6,【黄浦】【2023】名额到校计划.pdf,2,0
2023,黄浦区,上海市市南中学,014003,上海市光明中学,012008,6,【黄浦】【2023】名额到校计划.pdf,2,0
2023,黄浦区,上海市市南中学,014003,上海市敬业中学,012009,6,【黄浦】【2023】名额到校计划.pdf,2,0
2023,黄浦区,上海市市南中学,014003,上海市卢湾高级中学,012010,6,【黄浦】【2023】名额到校计划.pdf,2,0
2023,黄浦区,上海市市南中学,014003,上海市上海中学,042032,0,【黄浦】【2023】名额到校计划.pdf,2,0
2023,黄浦区,上海市市南中学,014003,上海交通大学附属中学,102056,0,【黄浦】【2023】名额到校计划.pdf,2,0
2023,黄浦区,上海市市南中学,014003,复旦大学附属中学,102057,0,【黄浦】【2023】名额到校计划.pdf,2,0
2023,黄浦区,上海市市南中学,014003,华东师范大学第二附属中学,152003,0,【黄浦】【2023】名额到校计划.pdf,2,0
2023,黄浦区,上海市市南中学,014003,上海师范大学附属中学,152006,0,【黄浦】【2023】名额到校计划.pdf,2,0
2023,黄浦区,上海音乐学院附属黄浦比乐中学,014004,上海市格致中学,012001,7,【黄浦】【2023】名额到校计划.pdf,2,0
2023,黄浦区,上海音乐学院附属黄浦比乐中学,014004,上海市格致中学（奉贤校区）,012002,2,【黄浦】【2023】名额到校计划.pdf,2,0
2023,黄浦区,上海音乐学院附属黄浦比乐中学,014004,上海市大同中学,012003,6,【黄浦】【2023】名额到校计划.pdf,2,0
2023,黄浦区,上海音乐学院附属黄浦比乐中学,014004,上海市向明中学,012005,5,【黄浦】【2023】名额到校计划.pdf,2,0
2023,黄浦区,上海音乐学院附属黄浦比乐中学,014004,上海市向明中学（浦江校区）,012006,1,【黄浦】【2023】名额到校计划.pdf,2,0
2023,黄浦区,上海音乐学院附属黄浦比乐中学,014004,上海外国语大学附属大境中学,012007,7,【黄浦】【2023】名额到校计划.pdf,2,0
2023,黄浦区,上海音乐学院附属黄浦比乐中学,014004,上海市光明中学,012008,7,【黄浦】【2023】名额到校计划.pdf,2,0
2023,黄浦区,上海音乐学院附属黄浦比乐中学,014004,上海市敬业中学,012009,7,【黄浦】【2023】名额到校计划.pdf,2,0
2023,黄浦区,上海音乐学院附属黄浦比乐中学,014004,上海市卢湾高级中学,012010,8,【黄浦】【2023】名额到校计划.pdf,2,0
2023,黄浦区,上海音乐学院附属黄浦比乐中学,014004,上海市上海中学,042032,0,【黄浦】【2023】名额到校计划.pdf,2,0
2023,黄浦区,上海音乐学院附属黄浦比乐中学,014004,上海交通大学附属中学,102056,0,【黄浦】【2023】名额到校计划.pdf,2,0
2023,黄浦区,上海音乐学院附属黄浦比乐中学,014004,复旦大学附属中学,102057,1,【黄浦】【2023】名额到校计划.pdf,2,0
2023,黄浦区,上海音乐学院附属黄浦比乐中学,014004,华东师范大学第二附属中学,152003,0,【黄浦】【2023】名额到校计划.pdf,2,0
2023,黄浦区,上海音乐学院附属黄浦比乐中学,014004,上海师范大学附属中学,152006,0,【黄浦】【2023】名额到校计划.pdf,2,0
2023,黄浦区,上海市黄浦学校,015002,上海市格致中学,012001,3,【黄浦】【2023】名额到校计划.pdf,2,0
2023,黄浦区,上海市黄浦学校,015002,上海市格致中学（奉贤校区）,012002,2,【黄浦】【2023】名额到校计划.pdf,2,0
2023,黄浦区,上海市黄浦学校,015002,上海市大同中学,012003,4,【黄浦】【2023】名额到校计划.pdf,2,0
2023,黄浦区,上海市黄浦学校,015002,上海市向明中学,012005,3,【黄浦】【2023】名额到校计划.pdf,2,0
2023,黄浦区,上海市黄浦学校,015002,上海市向明中学（浦江校区）,012006,1,【黄浦】【2023】名额到校计划.pdf,2,0
2023,黄浦区,上海市黄浦学校,015002,上海外国语大学附属大境中学,012007,3,【黄浦】【2023】名额到校计划.pdf,2,0
2023,黄浦区,上海市黄浦学校,015002,上海市光明中学,012008,3,【黄浦】【2023】名额到校计划.pdf,2,0
2023,黄浦区,上海市黄浦学校,015002,上海市敬业中学,012009,3,【黄浦】【2023】名额到校计划.pdf,2,0
2023,黄浦区,上海市黄浦学校,015002,上海市卢湾高级中学,012010,3,【黄浦】【2023】名额到校计划.pdf,2,0
2023,黄浦区,上海市黄浦学校,015002,上海市上海中学,042032,0,【黄浦】【2023】名额到校计划.pdf,2,0
2023,黄浦区,上海市黄浦学校,015002,上海交通大学附属中学,102056,0,【黄浦】【2023】名额到校计划.pdf,2,0
2023,黄浦区,上海市黄浦学校,015002,复旦大学附属中学,102057,1,【黄浦】【2023】名额到校计划.pdf,2,0
2023,黄浦区,上海市黄浦学校,015002,华东师范大学第二附属中学,152003,0,【黄浦】【2023】名额到校计划.pdf,2,0
2023,黄浦区,上海市黄浦学校,015002,上海师范大学附属中学,152006,0,【黄浦】【2023】名额到校计划.pdf,2,0
2023,黄浦区,上海市黄浦区教育学院附属中山学校,015003,上海市格致中学,012001,7,【黄浦】【2023】名额到校计划.pdf,2,0
2023,黄浦区,上海市黄浦区教育学院附属中山学校,015003,上海市格致中学（奉贤校区）,012002,2,【黄浦】【2023】名额到校计划.pdf,2,0
2023,黄浦区,上海市黄浦区教育学院附属中山学校,015003,上海市大同中学,012003,6,【黄浦】【2023】名额到校计划.pdf,2,0
2023,黄浦区,上海市黄浦区教育学院附属中山学校,015003,上海市向明中学,012005,5,【黄浦】【2023】名额到校计划.pdf,2,0
2023,黄浦区,上海市黄浦区教育学院附属中山学校,015003,上海市向明中学（浦江校区）,012006,1,【黄浦】【2023】名额到校计划.pdf,2,0
2023,黄浦区,上海市黄浦区教育学院附属中山学校,015003,上海外国语大学附属大境中学,012007,8,【黄浦】【2023】名额到校计划.pdf,2,0
2023,黄浦区,上海市黄浦区教育学院附属中山学校,015003,上海市光明中学,012008,6,【黄浦】【2023】名额到校计划.pdf,2,0
2023,黄浦区,上海市黄浦区教育学院附属中山学校,015003,上海市敬业中学,012009,6,【黄浦】【2023】名额到校计划.pdf,2,0
2023,黄浦区,上海市黄浦区教育学院附属中山学校,015003,上海市卢湾高级中学,012010,7,【黄浦】【2023】名额到校计划.pdf,2,0
2023,黄浦区,上海市黄浦区教育学院附属中山学校,015003,上海市上海中学,042032,0,【黄浦】【2023】名额到校计划.pdf,2,0
2023,黄浦区,上海市黄浦区教育学院附属中山学校,015003,上海交通大学附属中学,102056,1,【黄浦】【2023】名额到校计划.pdf,2,0
2023,黄浦区,上海市黄浦区教育学院附属中山学校,015003,复旦大学附属中学,102057,0,【黄浦】【2023】名额到校计划.pdf,2,0
2023,黄浦区,上海市黄浦区教育学院附属中山学校,015003,华东师范大学第二附属中学,152003,0,【黄浦】【2023】名额到校计划.pdf,2,0
2023,黄浦区,上海市黄浦区教育学院附属中山学校,015003,上海师范大学附属中学,152006,0,【黄浦】【2023】名额到校计划.pdf,2,0
2024,黄浦区,上海市格致初级中学,011001,上海市格致中学,012001,17,【黄浦】【2024】名额到校计划.pdf,1,0
2024,黄浦区,上海市格致初级中学,011001,上海市格致中学（奉贤校区）,012002,8,【黄浦】【2024】名额到校计划.pdf,1,0
2024,黄浦区,上海市格致初级中学,011001,上海市大同中学,012003,10,【黄浦】【2024】名额到校计划.pdf,1,0
2024,黄浦区,上海市格致初级中学,011001,上海市向明中学,012005,9,【黄浦】【2024】名额到校计划.pdf,1,0
2024,黄浦区,上海市格致初级中学,011001,上海市向明中学（浦江校区）,012006,3,【黄浦】【2024】名额到校计划.pdf,1,0
2024,黄浦区,上海市格致初级中学,011001,上海外国语大学附属大境中学,012007,11,【黄浦】【2024】名额到校计划.pdf,1,0
2024,黄浦区,上海市格致初级中学,011001,上海市光明中学,012008,11,【黄浦】【2024】名额到校计划.pdf,1,0
2024,黄浦区,上海市格致初级中学,011001,上海市敬业中学,012009,11,【黄浦】【2024】名额到校计划.pdf,1,0
2024,黄浦区,上海市格致初级中学,011001,上海市卢湾高级中学,012010,12,【黄浦】【2024】名额到校计划.pdf,1,0
2024,黄浦区,上海市格致初级中学,011001,上海市上海中学,042032,0,【黄浦】【2024】名额到校计划.pdf,1,0
2024,黄浦区,上海市格致初级中学,011001,上海交通大学附属中学,102056,0,【黄浦】【2024】名额到校计划.pdf,1,0
2024,黄浦区,上海市格致初级中学,011001,复旦大学附属中学,102057,0,【黄浦】【2024】名额到校计划.pdf,1,0
2024,黄浦区,上海市格致初级中学,011001,华东师范大学第二附属中学,152003,0,【黄浦】【2024】名额到校计划.pdf,1,0
2024,黄浦区,上海市大同初级中学,011002,上海市格致中学,012001,9,【黄浦】【2024】名额到校计划.pdf,1,0
2024,黄浦区,上海市大同初级中学,011002,上海市格致中学（奉贤校区）,012002,2,【黄浦】【2024】名额到校计划.pdf,1,0
2024,黄浦区,上海市大同初级中学,011002,上海市大同中学,012003,13,【黄浦】【2024】名额到校计划.pdf,1,0
2024,黄浦区,上海市大同初级中学,011002,上海市向明中学,012005,7,【黄浦】【2024】名额到校计划.pdf,1,0
2024,黄浦区,上海市大同初级中学,011002,上海市向明中学（浦江校区）,012006,1,【黄浦】【2024】名额到校计划.pdf,1,0
2024,黄浦区,上海市大同初级中学,011002,上海外国语大学附属大境中学,012007,10,【黄浦】【2024】名额到校计划.pdf,1,0
2024,黄浦区,上海市大同初级中学,011002,上海市光明中学,012008,10,【黄浦】【2024】名额到校计划.pdf,1,0
2024,黄浦区,上海市大同初级中学,011002,上海市敬业中学,012009,10,【黄浦】【2024】名额到校计划.pdf,1,0
2024,黄浦区,上海市大同初级中学,011002,上海市卢湾高级中学,012010,10,【黄浦】【2024】名额到校计划.pdf,1,0
2024,黄浦区,上海市大同初级中学,011002,上海市上海中学,042032,0,【黄浦】【2024】名额到校计划.pdf,1,0
2024,黄浦区,上海市大同初级中学,011002,上海交通大学附属中学,102056,0,【黄浦】【2024】名额到校计划.pdf,1,0
2024,黄浦区,上海市大同初级中学,011002,复旦大学附属中学,102057,0,【黄浦】【2024】名额到校计划.pdf,1,0
2024,黄浦区,上海市大同初级中学,011002,华东师范大学第二附属中学,152003,0,【黄浦】【2024】名额到校计划.pdf,1,0
2024,黄浦区,上海市向明初级中学,011003,上海市格致中学,012001,11,【黄浦】【2024】名额到校计划.pdf,1,0
2024,黄浦区,上海市向明初级中学,011003,上海市格致中学（奉贤校区）,012002,2,【黄浦】【2024】名额到校计划.pdf,1,0
2024,黄浦区,上海市向明初级中学,011003,上海市大同中学,012003,10,【黄浦】【2024】名额到校计划.pdf,1,0
2024,黄浦区,上海市向明初级中学,011003,上海市向明中学,012005,13,【黄浦】【2024】名额到校计划.pdf,1,0
2024,黄浦区,上海市向明初级中学,011003,上海市向明中学（浦江校区）,012006,6,【黄浦】【2024】名额到校计划.pdf,1,0
2024,黄浦区,上海市向明初级中学,011003,上海外国语大学附属大境中学,012007,11,【黄浦】【2024】名额到校计划.pdf,1,0
2024,黄浦区,上海市向明初级中学,011003,上海市光明中学,012008,11,【黄浦】【2024】名额到校计划.pdf,1,0
2024,黄浦区,上海市向明初级中学,011003,上海市敬业中学,012009,11,【黄浦】【2024】名额到校计划.pdf,1,0
2024,黄浦区,上海市向明初级中学,011003,上海市卢湾高级中学,012010,11,【黄浦】【2024】名额到校计划.pdf,1,0
2024,黄浦区,上海市向明初级中学,011003,上海市上海中学,042032,0,【黄浦】【2024】名额到校计划.pdf,1,0
2024,黄浦区,上海市向明初级中学,011003,上海交通大学附属中学,102056,0,【黄浦】【2024】名额到校计划.pdf,1,0
2024,黄浦区,上海市向明初级中学,011003,复旦大学附属中学,102057,0,【黄浦】【2024】名额到校计划.pdf,1,0
2024,黄浦区,上海市向明初级中学,011003,华东师范大学第二附属中学,152003,0,【黄浦】【2024】名额到校计划.pdf,1,0
2024,黄浦区,上海外国语大学附属大境初级中学,011004,上海市格致中学,012001,11,【黄浦】【2024】名额到校计划.pdf,1,0
2024,黄浦区,上海外国语大学附属大境初级中学,011004,上海市格致中学（奉贤校区）,012002,2,【黄浦】【2024】名额到校计划.pdf,1,0
2024,黄浦区,上海外国语大学附属大境初级中学,011004,上海市大同中学,012003,9,【黄浦】【2024】名额到校计划.pdf,1,0
2024,黄浦区,上海外国语大学附属大境初级中学,011004,上海市向明中学,012005,9,【黄浦】【2024】名额到校计划.pdf,1,0
2024,黄浦区,上海外国语大学附属大境初级中学,011004,上海市向明中学（浦江校区）,012006,2,【黄浦】【2024】名额到校计划.pdf,1,0
2024,黄浦区,上海外国语大学附属大境初级中学,011004,上海外国语大学附属大境中学,012007,14,【黄浦】【2024】名额到校计划.pdf,1,0
2024,黄浦区,上海外国语大学附属大境初级中学,011004,上海市光明中学,012008,10,【黄浦】【2024】名额到校计划.pdf,1,0
2024,黄浦区,上海外国语大学附属大境初级中学,011004,上海市敬业中学,012009,10,【黄浦】【2024】名额到校计划.pdf,1,0
2024,黄浦区,上海外国语大学附属大境初级中学,011004,上海市卢湾高级中学,012010,10,【黄浦】【2024】名额到校计划.pdf,1,0
2024,黄浦区,上海外国语大学附属大境初级中学,011004,上海市上海中学,042032,0,【黄浦】【2024】名额到校计划.pdf,1,0
2024,黄浦区,上海外国语大学附属大境初级中学,011004,上海交通大学附属中学,102056,0,【黄浦】【2024】名额到校计划.pdf,1,0
2024,黄浦区,上海外国语大学附属大境初级中学,011004,复旦大学附属中学,102057,0,【黄浦】【2024】名额到校计划.pdf,1,0
2024,黄浦区,上海外国语大学附属大境初级中学,011004,华东师范大学第二附属中学,152003,0,【黄浦】【2024】名额到校计划.pdf,1,0
2024,黄浦区,上海市光明初级中学,011005,上海市格致中学,012001,2,【黄浦】【2024】名额到校计划.pdf,1,0
2024,黄浦区,上海市光明初级中学,011005,上海市格致中学（奉贤校区）,012002,1,【黄浦】【2024】名额到校计划.pdf,1,0
2024,黄浦区,上海市光明初级中学,011005,上海市大同中学,012003,2,【黄浦】【2024】名额到校计划.pdf,1,0
2024,黄浦区,上海市光明初级中学,011005,上海市向明中学,012005,2,【黄浦】【2024】名额到校计划.pdf,1,0
2024,黄浦区,上海市光明初级中学,011005,上海市向明中学（浦江校区）,012006,1,【黄浦】【2024】名额到校计划.pdf,1,0
2024,黄浦区,上海市光明初级中学,011005,上海外国语大学附属大境中学,012007,2,【黄浦】【2024】名额到校计划.pdf,1,0
2024,黄浦区,上海市光明初级中学,011005,上海市光明中学,012008,3,【黄浦】【2024】名额到校计划.pdf,1,0
2024,黄浦区,上海市光明初级中学,011005,上海市敬业中学,012009,2,【黄浦】【2024】名额到校计划.pdf,1,0
2024,黄浦区,上海市光明初级中学,011005,上海市卢湾高级中学,012010,2,【黄浦】【2024】名额到校计划.pdf,1,0
2024,黄浦区,上海市光明初级中学,011005,上海市上海中学,042032,0,【黄浦】【2024】名额到校计划.pdf,1,0
2024,黄浦区,上海市光明初级中学,011005,上海交通大学附属中学,102056,0,【黄浦】【2024】名额到校计划.pdf,1,0
2024,黄浦区,上海市光明初级中学,011005,复旦大学附属中学,102057,0,【黄浦】【2024】名额到校计划.pdf,1,0
2024,黄浦区,上海市光明初级中学,011005,华东师范大学第二附属中学,152003,0,【黄浦】【2024】名额到校计划.pdf,1,0
2024,黄浦区,上海市敬业初级中学,011006,上海市格致中学,012001,5,【黄浦】【2024】名额到校计划.pdf,1,0
2024,黄浦区,上海市敬业初级中学,011006,上海市格致中学（奉贤校区）,012002,2,【黄浦】【2024】名额到校计划.pdf,1,0
2024,黄浦区,上海市敬业初级中学,011006,上海市大同中学,012003,5,【黄浦】【2024】名额到校计划.pdf,1,0
2024,黄浦区,上海市敬业初级中学,011006,上海市向明中学,012005,4,【黄浦】【2024】名额到校计划.pdf,1,0
2024,黄浦区,上海市敬业初级中学,011006,上海市向明中学（浦江校区）,012006,1,【黄浦】【2024】名额到校计划.pdf,1,0
2024,黄浦区,上海市敬业初级中学,011006,上海外国语大学附属大境中学,012007,6,【黄浦】【2024】名额到校计划.pdf,1,0
2024,黄浦区,上海市敬业初级中学,011006,上海市光明中学,012008,6,【黄浦】【2024】名额到校计划.pdf,1,0
2024,黄浦区,上海市敬业初级中学,011006,上海市敬业中学,012009,8,【黄浦】【2024】名额到校计划.pdf,1,0
2024,黄浦区,上海市敬业初级中学,011006,上海市卢湾高级中学,012010,6,【黄浦】【2024】名额到校计划.pdf,1,0
2024,黄浦区,上海市敬业初级中学,011006,上海市上海中学,042032,0,【黄浦】【2024】名额到校计划.pdf,1,0
2024,黄浦区,上海市敬业初级中学,011006,上海交通大学附属中学,102056,0,【黄浦】【2024】名额到校计划.pdf,1,0
2024,黄浦区,上海市敬业初级中学,011006,复旦大学附属中学,102057,0,【黄浦】【2024】名额到校计划.pdf,1,0
2024,黄浦区,上海市敬业初级中学,011006,华东师范大学第二附属中学,152003,0,【黄浦】【2024】名额到校计划.pdf,1,0
2024,黄浦区,卢湾中,011007,上海市格致中学,012001,7,【黄浦】【2024】名额到校计划.pdf,1,0
2024,黄浦区,卢湾中,011007,上海市格致中学（奉贤校区）,012002,2,【黄浦】【2024】名额到校计划.pdf,1,0
2024,黄浦区,卢湾中,011007,上海市大同中学,012003,7,【黄浦】【2024】名额到校计划.pdf,1,0
2024,黄浦区,卢湾中,011007,上海市向明中学,012005,6,【黄浦】【2024】名额到校计划.pdf,1,0
2024,黄浦区,卢湾中,011007,上海市向明中学（浦江校区）,012006,1,【黄浦】【2024】名额到校计划.pdf,1,0
2024,黄浦区,卢湾中,011007,上海外国语大学附属大境中学,012007,7,【黄浦】【2024】名额到校计划.pdf,1,0
2024,黄浦区,卢湾中,011007,上海市光明中学,012008,7,【黄浦】【2024】名额到校计划.pdf,1,0
2024,黄浦区,卢湾中,011007,上海市敬业中学,012009,7,【黄浦】【2024】名额到校计划.pdf,1,0
2024,黄浦区,卢湾中,011007,上海市卢湾高级中学,012010,8,【黄浦】【2024】名额到校计划.pdf,1,0
2024,黄浦区,卢湾中,011007,上海市上海中学,042032,1,【黄浦】【2024】名额到校计划.pdf,1,0
2024,黄浦区,卢湾中,011007,上海交通大学附属中学,102056,0,【黄浦】【2024】名额到校计划.pdf,1,0
2024,黄浦区,卢湾中,011007,复旦大学附属中学,102057,0,【黄浦】【2024】名额到校计划.pdf,1,0
2024,黄浦区,卢湾中,011007,华东师范大学第二附属中学,152003,0,【黄浦】【2024】名额到校计划.pdf,1,0
2024,黄浦区,上海市市八初级中学,011008,上海市格致中学,012001,4,【黄浦】【2024】名额到校计划.pdf,1,0
2024,黄浦区,上海市市八初级中学,011008,上海市格致中学（奉贤校区）,012002,2,【黄浦】【2024】名额到校计划.pdf,1,0
2024,黄浦区,上海市市八初级中学,011008,上海市大同中学,012003,4,【黄浦】【2024】名额到校计划.pdf,1,0
2024,黄浦区,上海市市八初级中学,011008,上海市向明中学,012005,4,【黄浦】【2024】名额到校计划.pdf,1,0
2024,黄浦区,上海市市八初级中学,011008,上海市向明中学（浦江校区）,012006,1,【黄浦】【2024】名额到校计划.pdf,1,0
2024,黄浦区,上海市市八初级中学,011008,上海外国语大学附属大境中学,012007,4,【黄浦】【2024】名额到校计划.pdf,1,0
2024,黄浦区,上海市市八初级中学,011008,上海市光明中学,012008,4,【黄浦】【2024】名额到校计划.pdf,1,0
2024,黄浦区,上海市市八初级中学,011008,上海市敬业中学,012009,7,【黄浦】【2024】名额到校计划.pdf,1,0
2024,黄浦区,上海市市八初级中学,011008,上海市卢湾高级中学,012010,5,【黄浦】【2024】名额到校计划.pdf,1,0
2024,黄浦区,上海市市八初级中学,011008,上海市上海中学,042032,0,【黄浦】【2024】名额到校计划.pdf,1,0
2024,黄浦区,上海市市八初级中学,011008,上海交通大学附属中学,102056,0,【黄浦】【2024】名额到校计划.pdf,1,0
2024,黄浦区,上海市市八初级中学,011008,复旦大学附属中学,102057,0,【黄浦】【2024】名额到校计划.pdf,1,0
2024,黄浦区,上海市市八初级中学,011008,华东师范大学第二附属中学,152003,0,【黄浦】【2024】名额到校计划.pdf,1,0
2024,黄浦区,尚文中,011009,上海市格致中学,012001,4,【黄浦】【2024】名额到校计划.pdf,1,0
2024,黄浦区,尚文中,011009,上海市格致中学（奉贤校区）,012002,1,【黄浦】【2024】名额到校计划.pdf,1,0
2024,黄浦区,尚文中,011009,上海市大同中学,012003,5,【黄浦】【2024】名额到校计划.pdf,1,0
2024,黄浦区,尚文中,011009,上海市向明中学,012005,3,【黄浦】【2024】名额到校计划.pdf,1,0
2024,黄浦区,尚文中,011009,上海市向明中学（浦江校区）,012006,1,【黄浦】【2024】名额到校计划.pdf,1,0
2024,黄浦区,尚文中,011009,上海外国语大学附属大境中学,012007,4,【黄浦】【2024】名额到校计划.pdf,1,0
2024,黄浦区,尚文中,011009,上海市光明中学,012008,4,【黄浦】【2024】名额到校计划.pdf,1,0
2024,黄浦区,尚文中,011009,上海市敬业中学,012009,4,【黄浦】【2024】名额到校计划.pdf,1,0
2024,黄浦区,尚文中,011009,上海市卢湾高级中学,012010,4,【黄浦】【2024】名额到校计划.pdf,1,0
2024,黄浦区,尚文中,011009,上海市上海中学,042032,0,【黄浦】【2024】名额到校计划.pdf,1,0
2024,黄浦区,尚文中,011009,上海交通大学附属中学,102056,1,【黄浦】【2024】名额到校计划.pdf,1,0
2024,黄浦区,尚文中,011009,复旦大学附属中学,102057,0,【黄浦】【2024】名额到校计划.pdf,1,0
2024,黄浦区,尚文中,011009,华东师范大学第二附属中学,152003,0,【黄浦】【2024】名额到校计划.pdf,1,0
2024,黄浦区,上海交通大学附属黄浦实验中学,011012,上海市格致中学,012001,5,【黄浦】【2024】名额到校计划.pdf,1,0
2024,黄浦区,上海交通大学附属黄浦实验中学,011012,上海市格致中学（奉贤校区）,012002,2,【黄浦】【2024】名额到校计划.pdf,1,0
2024,黄浦区,上海交通大学附属黄浦实验中学,011012,上海市大同中学,012003,5,【黄浦】【2024】名额到校计划.pdf,1,0
2024,黄浦区,上海交通大学附属黄浦实验中学,011012,上海市向明中学,012005,4,【黄浦】【2024】名额到校计划.pdf,1,0
2024,黄浦区,上海交通大学附属黄浦实验中学,011012,上海市向明中学（浦江校区）,012006,1,【黄浦】【2024】名额到校计划.pdf,1,0
2024,黄浦区,上海交通大学附属黄浦实验中学,011012,上海外国语大学附属大境中学,012007,6,【黄浦】【2024】名额到校计划.pdf,1,0
2024,黄浦区,上海交通大学附属黄浦实验中学,011012,上海市光明中学,012008,8,【黄浦】【2024】名额到校计划.pdf,1,0
2024,黄浦区,上海交通大学附属黄浦实验中学,011012,上海市敬业中学,012009,6,【黄浦】【2024】名额到校计划.pdf,1,0
2024,黄浦区,上海交通大学附属黄浦实验中学,011012,上海市卢湾高级中学,012010,6,【黄浦】【2024】名额到校计划.pdf,1,0
2024,黄浦区,上海交通大学附属黄浦实验中学,011012,上海市上海中学,042032,0,【黄浦】【2024】名额到校计划.pdf,1,0
2024,黄浦区,上海交通大学附属黄浦实验中学,011012,上海交通大学附属中学,102056,0,【黄浦】【2024】名额到校计划.pdf,1,0
2024,黄浦区,上海交通大学附属黄浦实验中学,011012,复旦大学附属中学,102057,0,【黄浦】【2024】名额到校计划.pdf,1,0
2024,黄浦区,上海交通大学附属黄浦实验中学,011012,华东师范大学第二附属中学,152003,0,【黄浦】【2024】名额到校计划.pdf,1,0
2024,黄浦区,清华中,011014,上海市格致中学,012001,1,【黄浦】【2024】名额到校计划.pdf,2,0
2024,黄浦区,清华中,011014,上海市格致中学（奉贤校区）,012002,1,【黄浦】【2024】名额到校计划.pdf,2,0
2024,黄浦区,清华中,011014,上海市大同中学,012003,1,【黄浦】【2024】名额到校计划.pdf,2,0
2024,黄浦区,清华中,011014,上海市向明中学,012005,2,【黄浦】【2024】名额到校计划.pdf,2,0
2024,黄浦区,清华中,011014,上海市向明中学（浦江校区）,012006,3,【黄浦】【2024】名额到校计划.pdf,2,0
2024,黄浦区,清华中,011014,上海外国语大学附属大境中学,012007,2,【黄浦】【2024】名额到校计划.pdf,2,0
2024,黄浦区,清华中,011014,上海市光明中学,012008,2,【黄浦】【2024】名额到校计划.pdf,2,0
2024,黄浦区,清华中,011014,上海市敬业中学,012009,1,【黄浦】【2024】名额到校计划.pdf,2,0
2024,黄浦区,清华中,011014,上海市卢湾高级中学,012010,1,【黄浦】【2024】名额到校计划.pdf,2,0
2024,黄浦区,清华中,011014,上海市上海中学,042032,0,【黄浦】【2024】名额到校计划.pdf,2,0
2024,黄浦区,清华中,011014,上海交通大学附属中学,102056,0,【黄浦】【2024】名额到校计划.pdf,2,0
2024,黄浦区,清华中,011014,复旦大学附属中学,102057,0,【黄浦】【2024】名额到校计划.pdf,2,0
2024,黄浦区,清华中,011014,华东师范大学第二附属中学,152003,0,【黄浦】【2024】名额到校计划.pdf,2,0
2024,黄浦区,上海市民办明珠中学,011015,上海市格致中学,012001,6,【黄浦】【2024】名额到校计划.pdf,2,0
2024,黄浦区,上海市民办明珠中学,011015,上海市格致中学（奉贤校区）,012002,5,【黄浦】【2024】名额到校计划.pdf,2,0
2024,黄浦区,上海市民办明珠中学,011015,上海市大同中学,012003,5,【黄浦】【2024】名额到校计划.pdf,2,0
2024,黄浦区,上海市民办明珠中学,011015,上海市向明中学,012005,4,【黄浦】【2024】名额到校计划.pdf,2,0
2024,黄浦区,上海市民办明珠中学,011015,上海市向明中学（浦江校区）,012006,1,【黄浦】【2024】名额到校计划.pdf,2,0
2024,黄浦区,上海市民办明珠中学,011015,上海外国语大学附属大境中学,012007,5,【黄浦】【2024】名额到校计划.pdf,2,0
2024,黄浦区,上海市民办明珠中学,011015,上海市光明中学,012008,5,【黄浦】【2024】名额到校计划.pdf,2,0
2024,黄浦区,上海市民办明珠中学,011015,上海市敬业中学,012009,5,【黄浦】【2024】名额到校计划.pdf,2,0
2024,黄浦区,上海市民办明珠中学,011015,上海市卢湾高级中学,012010,4,【黄浦】【2024】名额到校计划.pdf,2,0
2024,黄浦区,上海市民办明珠中学,011015,上海市上海中学,042032,0,【黄浦】【2024】名额到校计划.pdf,2,0
2024,黄浦区,上海市民办明珠中学,011015,上海交通大学附属中学,102056,0,【黄浦】【2024】名额到校计划.pdf,2,0
2024,黄浦区,上海市民办明珠中学,011015,复旦大学附属中学,102057,0,【黄浦】【2024】名额到校计划.pdf,2,0
2024,黄浦区,上海市民办明珠中学,011015,华东师范大学第二附属中学,152003,1,【黄浦】【2024】名额到校计划.pdf,2,0
2024,黄浦区,上海市民办立达中学,011016,上海市格致中学,012001,13,【黄浦】【2024】名额到校计划.pdf,2,0
2024,黄浦区,上海市民办立达中学,011016,上海市格致中学（奉贤校区）,012002,3,【黄浦】【2024】名额到校计划.pdf,2,0
2024,黄浦区,上海市民办立达中学,011016,上海市大同中学,012003,17,【黄浦】【2024】名额到校计划.pdf,2,0
2024,黄浦区,上海市民办立达中学,011016,上海市向明中学,012005,9,【黄浦】【2024】名额到校计划.pdf,2,0
2024,黄浦区,上海市民办立达中学,011016,上海市向明中学（浦江校区）,012006,3,【黄浦】【2024】名额到校计划.pdf,2,0
2024,黄浦区,上海市民办立达中学,011016,上海外国语大学附属大境中学,012007,12,【黄浦】【2024】名额到校计划.pdf,2,0
2024,黄浦区,上海市民办立达中学,011016,上海市光明中学,012008,12,【黄浦】【2024】名额到校计划.pdf,2,0
2024,黄浦区,上海市民办立达中学,011016,上海市敬业中学,012009,12,【黄浦】【2024】名额到校计划.pdf,2,0
2024,黄浦区,上海市民办立达中学,011016,上海市卢湾高级中学,012010,12,【黄浦】【2024】名额到校计划.pdf,2,0
2024,黄浦区,上海市民办立达中学,011016,上海市上海中学,042032,0,【黄浦】【2024】名额到校计划.pdf,2,0
2024,黄浦区,上海市民办立达中学,011016,上海交通大学附属中学,102056,0,【黄浦】【2024】名额到校计划.pdf,2,0
2024,黄浦区,上海市民办立达中学,011016,复旦大学附属中学,102057,0,【黄浦】【2024】名额到校计划.pdf,2,0
2024,黄浦区,上海市民办立达中学,011016,华东师范大学第二附属中学,152003,0,【黄浦】【2024】名额到校计划.pdf,2,0
2024,黄浦区,上海市震旦外国语中学,011017,上海市格致中学,012001,4,【黄浦】【2024】名额到校计划.pdf,2,0
2024,黄浦区,上海市震旦外国语中学,011017,上海市格致中学（奉贤校区）,012002,1,【黄浦】【2024】名额到校计划.pdf,2,0
2024,黄浦区,上海市震旦外国语中学,011017,上海市大同中学,012003,5,【黄浦】【2024】名额到校计划.pdf,2,0
2024,黄浦区,上海市震旦外国语中学,011017,上海市向明中学,012005,3,【黄浦】【2024】名额到校计划.pdf,2,0
2024,黄浦区,上海市震旦外国语中学,011017,上海市向明中学（浦江校区）,012006,1,【黄浦】【2024】名额到校计划.pdf,2,0
2024,黄浦区,上海市震旦外国语中学,011017,上海外国语大学附属大境中学,012007,4,【黄浦】【2024】名额到校计划.pdf,2,0
2024,黄浦区,上海市震旦外国语中学,011017,上海市光明中学,012008,6,【黄浦】【2024】名额到校计划.pdf,2,0
2024,黄浦区,上海市震旦外国语中学,011017,上海市敬业中学,012009,4,【黄浦】【2024】名额到校计划.pdf,2,0
2024,黄浦区,上海市震旦外国语中学,011017,上海市卢湾高级中学,012010,4,【黄浦】【2024】名额到校计划.pdf,2,0
2024,黄浦区,上海市震旦外国语中学,011017,上海市上海中学,042032,0,【黄浦】【2024】名额到校计划.pdf,2,0
2024,黄浦区,上海市震旦外国语中学,011017,上海交通大学附属中学,102056,0,【黄浦】【2024】名额到校计划.pdf,2,0
2024,黄浦区,上海市震旦外国语中学,011017,复旦大学附属中学,102057,1,【黄浦】【2024】名额到校计划.pdf,2,0
2024,黄浦区,上海市震旦外国语中学,011017,华东师范大学第二附属中学,152003,0,【黄浦】【2024】名额到校计划.pdf,2,0
2024,黄浦区,市十中,013003,上海市格致中学,012001,7,【黄浦】【2024】名额到校计划.pdf,2,0
2024,黄浦区,市十中,013003,上海市格致中学（奉贤校区）,012002,2,【黄浦】【2024】名额到校计划.pdf,2,0
2024,黄浦区,市十中,013003,上海市大同中学,012003,7,【黄浦】【2024】名额到校计划.pdf,2,0
2024,黄浦区,市十中,013003,上海市向明中学,012005,6,【黄浦】【2024】名额到校计划.pdf,2,0
2024,黄浦区,市十中,013003,上海市向明中学（浦江校区）,012006,1,【黄浦】【2024】名额到校计划.pdf,2,0
2024,黄浦区,市十中,013003,上海外国语大学附属大境中学,012007,8,【黄浦】【2024】名额到校计划.pdf,2,0
2024,黄浦区,市十中,013003,上海市光明中学,012008,8,【黄浦】【2024】名额到校计划.pdf,2,0
2024,黄浦区,市十中,013003,上海市敬业中学,012009,10,【黄浦】【2024】名额到校计划.pdf,2,0
2024,黄浦区,市十中,013003,上海市卢湾高级中学,012010,8,【黄浦】【2024】名额到校计划.pdf,2,0
2024,黄浦区,市十中,013003,上海市上海中学,042032,0,【黄浦】【2024】名额到校计划.pdf,2,0
2024,黄浦区,市十中,013003,上海交通大学附属中学,102056,0,【黄浦】【2024】名额到校计划.pdf,2,0
2024,黄浦区,市十中,013003,复旦大学附属中学,102057,0,【黄浦】【2024】名额到校计划.pdf,2,0
2024,黄浦区,市十中,013003,华东师范大学第二附属中学,152003,0,【黄浦】【2024】名额到校计划.pdf,2,0
2024,黄浦区,储能中,013004,上海市格致中学,012001,3,【黄浦】【2024】名额到校计划.pdf,2,0
2024,黄浦区,储能中,013004,上海市格致中学（奉贤校区）,012002,3,【黄浦】【2024】名额到校计划.pdf,2,0
2024,黄浦区,储能中,013004,上海市大同中学,012003,2,【黄浦】【2024】名额到校计划.pdf,2,0
2024,黄浦区,储能中,013004,上海市向明中学,012005,2,【黄浦】【2024】名额到校计划.pdf,2,0
2024,黄浦区,储能中,013004,上海市向明中学（浦江校区）,012006,1,【黄浦】【2024】名额到校计划.pdf,2,0
2024,黄浦区,储能中,013004,上海外国语大学附属大境中学,012007,2,【黄浦】【2024】名额到校计划.pdf,2,0
2024,黄浦区,储能中,013004,上海市光明中学,012008,3,【黄浦】【2024】名额到校计划.pdf,2,0
2024,黄浦区,储能中,013004,上海市敬业中学,012009,2,【黄浦】【2024】名额到校计划.pdf,2,0
2024,黄浦区,储能中,013004,上海市卢湾高级中学,012010,3,【黄浦】【2024】名额到校计划.pdf,2,0
2024,黄浦区,储能中,013004,上海市上海中学,042032,0,【黄浦】【2024】名额到校计划.pdf,2,0
2024,黄浦区,储能中,013004,上海交通大学附属中学,102056,0,【黄浦】【2024】名额到校计划.pdf,2,0
2024,黄浦区,储能中,013004,复旦大学附属中学,102057,1,【黄浦】【2024】名额到校计划.pdf,2,0
2024,黄浦区,储能中,013004,华东师范大学第二附属中学,152003,0,【黄浦】【2024】名额到校计划.pdf,2,0
2024,黄浦区,金陵中,014001,上海市格致中学,012001,1,【黄浦】【2024】名额到校计划.pdf,2,0
2024,黄浦区,金陵中,014001,上海市格致中学（奉贤校区）,012002,1,【黄浦】【2024】名额到校计划.pdf,2,0
2024,黄浦区,金陵中,014001,上海市大同中学,012003,2,【黄浦】【2024】名额到校计划.pdf,2,0
2024,黄浦区,金陵中,014001,上海市向明中学,012005,2,【黄浦】【2024】名额到校计划.pdf,2,0
2024,黄浦区,金陵中,014001,上海市向明中学（浦江校区）,012006,3,【黄浦】【2024】名额到校计划.pdf,2,0
2024,黄浦区,金陵中,014001,上海外国语大学附属大境中学,012007,1,【黄浦】【2024】名额到校计划.pdf,2,0
2024,黄浦区,金陵中,014001,上海市光明中学,012008,1,【黄浦】【2024】名额到校计划.pdf,2,0
2024,黄浦区,金陵中,014001,上海市敬业中学,012009,1,【黄浦】【2024】名额到校计划.pdf,2,0
2024,黄浦区,金陵中,014001,上海市卢湾高级中学,012010,2,【黄浦】【2024】名额到校计划.pdf,2,0
2024,黄浦区,金陵中,014001,上海市上海中学,042032,0,【黄浦】【2024】名额到校计划.pdf,2,0
2024,黄浦区,金陵中,014001,上海交通大学附属中学,102056,0,【黄浦】【2024】名额到校计划.pdf,2,0
2024,黄浦区,金陵中,014001,复旦大学附属中学,102057,0,【黄浦】【2024】名额到校计划.pdf,2,0
2024,黄浦区,金陵中,014001,华东师范大学第二附属中学,152003,1,【黄浦】【2024】名额到校计划.pdf,2,0
2024,黄浦区,市南中,014003,上海市格致中学,012001,4,【黄浦】【2024】名额到校计划.pdf,2,0
2024,黄浦区,市南中,014003,上海市格致中学（奉贤校区）,012002,1,【黄浦】【2024】名额到校计划.pdf,2,0
2024,黄浦区,市南中,014003,上海市大同中学,012003,5,【黄浦】【2024】名额到校计划.pdf,2,0
2024,黄浦区,市南中,014003,上海市向明中学,012005,3,【黄浦】【2024】名额到校计划.pdf,2,0
2024,黄浦区,市南中,014003,上海市向明中学（浦江校区）,012006,1,【黄浦】【2024】名额到校计划.pdf,2,0
2024,黄浦区,市南中,014003,上海外国语大学附属大境中学,012007,4,【黄浦】【2024】名额到校计划.pdf,2,0
2024,黄浦区,市南中,014003,上海市光明中学,012008,4,【黄浦】【2024】名额到校计划.pdf,2,0
2024,黄浦区,市南中,014003,上海市敬业中学,012009,4,【黄浦】【2024】名额到校计划.pdf,2,0
2024,黄浦区,市南中,014003,上海市卢湾高级中学,012010,4,【黄浦】【2024】名额到校计划.pdf,2,0
2024,黄浦区,市南中,014003,上海市上海中学,042032,0,【黄浦】【2024】名额到校计划.pdf,2,0
2024,黄浦区,市南中,014003,上海交通大学附属中学,102056,0,【黄浦】【2024】名额到校计划.pdf,2,0
2024,黄浦区,市南中,014003,复旦大学附属中学,102057,0,【黄浦】【2024】名额到校计划.pdf,2,0
2024,黄浦区,市南中,014003,华东师范大学第二附属中学,152003,0,【黄浦】【2024】名额到校计划.pdf,2,0
2024,黄浦区,上海音乐学院附属黄浦比乐中学,014004,上海市格致中学,012001,5,【黄浦】【2024】名额到校计划.pdf,2,0
2024,黄浦区,上海音乐学院附属黄浦比乐中学,014004,上海市格致中学（奉贤校区）,012002,2,【黄浦】【2024】名额到校计划.pdf,2,0
2024,黄浦区,上海音乐学院附属黄浦比乐中学,014004,上海市大同中学,012003,5,【黄浦】【2024】名额到校计划.pdf,2,0
2024,黄浦区,上海音乐学院附属黄浦比乐中学,014004,上海市向明中学,012005,4,【黄浦】【2024】名额到校计划.pdf,2,0
2024,黄浦区,上海音乐学院附属黄浦比乐中学,014004,上海市向明中学（浦江校区）,012006,1,【黄浦】【2024】名额到校计划.pdf,2,0
2024,黄浦区,上海音乐学院附属黄浦比乐中学,014004,上海外国语大学附属大境中学,012007,5,【黄浦】【2024】名额到校计划.pdf,2,0
2024,黄浦区,上海音乐学院附属黄浦比乐中学,014004,上海市光明中学,012008,5,【黄浦】【2024】名额到校计划.pdf,2,0
2024,黄浦区,上海音乐学院附属黄浦比乐中学,014004,上海市敬业中学,012009,5,【黄浦】【2024】名额到校计划.pdf,2,0
2024,黄浦区,上海音乐学院附属黄浦比乐中学,014004,上海市卢湾高级中学,012010,7,【黄浦】【2024】名额到校计划.pdf,2,0
2024,黄浦区,上海音乐学院附属黄浦比乐中学,014004,上海市上海中学,042032,1,【黄浦】【2024】名额到校计划.pdf,2,0
2024,黄浦区,上海音乐学院附属黄浦比乐中学,014004,上海交通大学附属中学,102056,0,【黄浦】【2024】名额到校计划.pdf,2,0
2024,黄浦区,上海音乐学院附属黄浦比乐中学,014004,复旦大学附属中学,102057,0,【黄浦】【2024】名额到校计划.pdf,2,0
2024,黄浦区,上海音乐学院附属黄浦比乐中学,014004,华东师范大学第二附属中学,152003,0,【黄浦】【2024】名额到校计划.pdf,2,0
2024,黄浦区,中山学,015003,上海市格致中学,012001,5,【黄浦】【2024】名额到校计划.pdf,2,0
2024,黄浦区,中山学,015003,上海市格致中学（奉贤校区）,012002,2,【黄浦】【2024】名额到校计划.pdf,2,0
2024,黄浦区,中山学,015003,上海市大同中学,012003,5,【黄浦】【2024】名额到校计划.pdf,2,0
2024,黄浦区,中山学,015003,上海市向明中学,012005,4,【黄浦】【2024】名额到校计划.pdf,2,0
2024,黄浦区,中山学,015003,上海市向明中学（浦江校区）,012006,1,【黄浦】【2024】名额到校计划.pdf,2,0
2024,黄浦区,中山学,015003,上海外国语大学附属大境中学,012007,7,【黄浦】【2024】名额到校计划.pdf,2,0
2024,黄浦区,中山学,015003,上海市光明中学,012008,5,【黄浦】【2024】名额到校计划.pdf,2,0
2024,黄浦区,中山学,015003,上海市敬业中学,012009,5,【黄浦】【2024】名额到校计划.pdf,2,0
2024,黄浦区,中山学,015003,上海市卢湾高级中学,012010,5,【黄浦】【2024】名额到校计划.pdf,2,0
2024,黄浦区,中山学,015003,上海市上海中学,042032,0,【黄浦】【2024】名额到校计划.pdf,2,0
2024,黄浦区,中山学,015003,上海交通大学附属中学,102056,1,【黄浦】【2024】名额到校计划.pdf,2,0
2024,黄浦区,中山学,015003,复旦大学附属中学,102057,0,【黄浦】【2024】名额到校计划.pdf,2,0
2024,黄浦区,中山学,015003,华东师范大学第二附属中学,152003,0,【黄浦】【2024】名额到校计划.pdf,2,0
2024,黄浦区,上海民办永昌学校,015004,上海市格致中学,012001,3,【黄浦】【2024】名额到校计划.pdf,2,0
2024,黄浦区,上海民办永昌学校,015004,上海市格致中学（奉贤校区）,012002,1,【黄浦】【2024】名额到校计划.pdf,2,0
2024,黄浦区,上海民办永昌学校,015004,上海市大同中学,012003,3,【黄浦】【2024】名额到校计划.pdf,2,0
2024,黄浦区,上海民办永昌学校,015004,上海市向明中学,012005,3,【黄浦】【2024】名额到校计划.pdf,2,0
2024,黄浦区,上海民办永昌学校,015004,上海市向明中学（浦江校区）,012006,1,【黄浦】【2024】名额到校计划.pdf,2,0
2024,黄浦区,上海民办永昌学校,015004,上海外国语大学附属大境中学,012007,3,【黄浦】【2024】名额到校计划.pdf,2,0
2024,黄浦区,上海民办永昌学校,015004,上海市光明中学,012008,3,【黄浦】【2024】名额到校计划.pdf,2,0
2024,黄浦区,上海民办永昌学校,015004,上海市敬业中学,012009,3,【黄浦】【2024】名额到校计划.pdf,2,0
2024,黄浦区,上海民办永昌学校,015004,上海市卢湾高级中学,012010,2,【黄浦】【2024】名额到校计划.pdf,2,0
2024,黄浦区,上海民办永昌学校,015004,上海市上海中学,042032,0,【黄浦】【2024】名额到校计划.pdf,2,0
2024,黄浦区,上海民办永昌学校,015004,上海交通大学附属中学,102056,0,【黄浦】【2024】名额到校计划.pdf,2,0
2024,黄浦区,上海民办永昌学校,015004,复旦大学附属中学,102057,0,【黄浦】【2024】名额到校计划.pdf,2,0
2024,黄浦区,上海民办永昌学校,015004,华东师范大学第二附属中学,152003,1,【黄浦】【2024】名额到校计划.pdf,2,0
2024,黄浦区,上海康德双语实验学校,015005,上海市格致中学,012001,1,【黄浦】【2024】名额到校计划.pdf,2,0
2024,黄浦区,上海康德双语实验学校,015005,上海市格致中学（奉贤校区）,012002,0,【黄浦】【2024】名额到校计划.pdf,2,0
2024,黄浦区,上海康德双语实验学校,015005,上海市大同中学,012003,1,【黄浦】【2024】名额到校计划.pdf,2,0
2024,黄浦区,上海康德双语实验学校,015005,上海市向明中学,012005,1,【黄浦】【2024】名额到校计划.pdf,2,0
2024,黄浦区,上海康德双语实验学校,015005,上海市向明中学（浦江校区）,012006,0,【黄浦】【2024】名额到校计划.pdf,2,0
2024,黄浦区,上海康德双语实验学校,015005,上海外国语大学附属大境中学,012007,1,【黄浦】【2024】名额到校计划.pdf,2,0
2024,黄浦区,上海康德双语实验学校,015005,上海市光明中学,012008,1,【黄浦】【2024】名额到校计划.pdf,2,0
2024,黄浦区,上海康德双语实验学校,015005,上海市敬业中学,012009,1,【黄浦】【2024】名额到校计划.pdf,2,0
2024,黄浦区,上海康德双语实验学校,015005,上海市卢湾高级中学,012010,1,【黄浦】【2024】名额到校计划.pdf,2,0
2024,黄浦区,上海康德双语实验学校,015005,上海市上海中学,042032,0,【黄浦】【2024】名额到校计划.pdf,2,0
2024,黄浦区,上海康德双语实验学校,015005,上海交通大学附属中学,102056,0,【黄浦】【2024】名额到校计划.pdf,2,0
2024,黄浦区,上海康德双语实验学校,015005,复旦大学附属中学,102057,0,【黄浦】【2024】名额到校计划.pdf,2,0
2024,黄浦区,上海康德双语实验学校,015005,华东师范大学第二附属中学,152003,0,【黄浦】【2024】名额到校计划.pdf,2,0
2024,黄浦区,大同初级中学（原黄浦学校）,017777,格致,012001,3,【黄浦】【2024】名额到校计划.pdf,3,1
2024,黄浦区,大同初级中学（原黄浦学校）,017777,格致奉贤,012002,1,【黄浦】【2024】名额到校计划.pdf,3,1
2024,黄浦区,大同初级中学（原黄浦学校）,017777,大同,012003,3,【黄浦】【2024】名额到校计划.pdf,3,1
2024,黄浦区,大同初级中学（原黄浦学校）,017777,向明,012005,2,【黄浦】【2024】名额到校计划.pdf,3,1
2024,黄浦区,大同初级中学（原黄浦学校）,017777,向明浦江,012006,1,【黄浦】【2024】名额到校计划.pdf,3,1
2024,黄浦区,大同初级中学（原黄浦学校）,017777,大境,012007,2,【黄浦】【2024】名额到校计划.pdf,3,1
2024,黄浦区,大同初级中学（原黄浦学校）,017777,光明,012008,2,【黄浦】【2024】名额到校计划.pdf,3,1
2024,黄浦区,大同初级中学（原黄浦学校）,017777,敬业,012009,2,【黄浦】【2024】名额到校计划.pdf,3,1
2024,黄浦区,大同初级中学（原黄浦学校）,017777,卢高,012010,4,【黄浦】【2024】名额到校计划.pdf,3,1
2024,黄浦区,大同初级中学（原黄浦学校）,017777,上海中学,042032,0,【黄浦】【2024】名额到校计划.pdf,3,1
2024,黄浦区,大同初级中学（原黄浦学校）,017777,交大附中,102056,0,【黄浦】【2024】名额到校计划.pdf,3,1
2024,黄浦区,大同初级中学（原黄浦学校）,017777,复旦附中,102057,0,【黄浦】【2024】名额到校计划.pdf,3,1
2024,黄浦区,大同初级中学（原黄浦学校）,017777,华二附中,152003,0,【黄浦】【2024】名额到校计划.pdf,3,1
2025,黄浦区,上海市格致初级中学,011001,上海市格致中学,012001,21,【黄浦】【2025】名额到校计划.pdf,1,0
2025,黄浦区,上海市格致初级中学,011001,上海市格致中学（奉贤校区）,012002,8,【黄浦】【2025】名额到校计划.pdf,1,0
2025,黄浦区,上海市格致初级中学,011001,上海市大同中学,012003,14,【黄浦】【2025】名额到校计划.pdf,1,0
2025,黄浦区,上海市格致初级中学,011001,上海市向明中学,012005,12,【黄浦】【2025】名额到校计划.pdf,1,0
2025,黄浦区,上海市格致初级中学,011001,上海市向明中学（浦江校区）,012006,3,【黄浦】【2025】名额到校计划.pdf,1,0
2025,黄浦区,上海市格致初级中学,011001,上海外国语大学附属大境中学,012007,15,【黄浦】【2025】名额到校计划.pdf,1,0
2025,黄浦区,上海市格致初级中学,011001,上海市光明中学,012008,15,【黄浦】【2025】名额到校计划.pdf,1,0
2025,黄浦区,上海市格致初级中学,011001,上海市敬业中学,012009,15,【黄浦】【2025】名额到校计划.pdf,1,0
2025,黄浦区,上海市格致初级中学,011001,上海市卢湾高级中学,012010,16,【黄浦】【2025】名额到校计划.pdf,1,0
2025,黄浦区,上海市格致初级中学,011001,上海市上海中学,042032,0,【黄浦】【2025】名额到校计划.pdf,1,0
2025,黄浦区,上海市格致初级中学,011001,上海交通大学附属中学,102056,0,【黄浦】【2025】名额到校计划.pdf,1,0
2025,黄浦区,上海市格致初级中学,011001,复旦大学附属中学,102057,0,【黄浦】【2025】名额到校计划.pdf,1,0
2025,黄浦区,上海市格致初级中学,011001,华东师范大学第二附属中学,152003,0,【黄浦】【2025】名额到校计划.pdf,1,0
2025,黄浦区,上海市大同初级中学,011002,上海市格致中学,012001,10,【黄浦】【2025】名额到校计划.pdf,1,0
2025,黄浦区,上海市大同初级中学,011002,上海市格致中学（奉贤校区）,012002,2,【黄浦】【2025】名额到校计划.pdf,1,0
2025,黄浦区,上海市大同初级中学,011002,上海市大同中学,012003,15,【黄浦】【2025】名额到校计划.pdf,1,0
2025,黄浦区,上海市大同初级中学,011002,上海市向明中学,012005,9,【黄浦】【2025】名额到校计划.pdf,1,0
2025,黄浦区,上海市大同初级中学,011002,上海市向明中学（浦江校区）,012006,2,【黄浦】【2025】名额到校计划.pdf,1,0
2025,黄浦区,上海市大同初级中学,011002,上海外国语大学附属大境中学,012007,10,【黄浦】【2025】名额到校计划.pdf,1,0
2025,黄浦区,上海市大同初级中学,011002,上海市光明中学,012008,10,【黄浦】【2025】名额到校计划.pdf,1,0
2025,黄浦区,上海市大同初级中学,011002,上海市敬业中学,012009,10,【黄浦】【2025】名额到校计划.pdf,1,0
2025,黄浦区,上海市大同初级中学,011002,上海市卢湾高级中学,012010,10,【黄浦】【2025】名额到校计划.pdf,1,0
2025,黄浦区,上海市大同初级中学,011002,上海市上海中学,042032,0,【黄浦】【2025】名额到校计划.pdf,1,0
2025,黄浦区,上海市大同初级中学,011002,上海交通大学附属中学,102056,0,【黄浦】【2025】名额到校计划.pdf,1,0
2025,黄浦区,上海市大同初级中学,011002,复旦大学附属中学,102057,0,【黄浦】【2025】名额到校计划.pdf,1,0
2025,黄浦区,上海市大同初级中学,011002,华东师范大学第二附属中学,152003,0,【黄浦】【2025】名额到校计划.pdf,1,0
2025,黄浦区,上海市向明初级中学,011003,上海市格致中学,012001,10,【黄浦】【2025】名额到校计划.pdf,1,0
2025,黄浦区,上海市向明初级中学,011003,上海市格致中学（奉贤校区）,012002,2,【黄浦】【2025】名额到校计划.pdf,1,0
2025,黄浦区,上海市向明初级中学,011003,上海市大同中学,012003,10,【黄浦】【2025】名额到校计划.pdf,1,0
2025,黄浦区,上海市向明初级中学,011003,上海市向明中学,012005,14,【黄浦】【2025】名额到校计划.pdf,1,0
2025,黄浦区,上海市向明初级中学,011003,上海市向明中学（浦江校区）,012006,7,【黄浦】【2025】名额到校计划.pdf,1,0
2025,黄浦区,上海市向明初级中学,011003,上海外国语大学附属大境中学,012007,11,【黄浦】【2025】名额到校计划.pdf,1,0
2025,黄浦区,上海市向明初级中学,011003,上海市光明中学,012008,11,【黄浦】【2025】名额到校计划.pdf,1,0
2025,黄浦区,上海市向明初级中学,011003,上海市敬业中学,012009,10,【黄浦】【2025】名额到校计划.pdf,1,0
2025,黄浦区,上海市向明初级中学,011003,上海市卢湾高级中学,012010,11,【黄浦】【2025】名额到校计划.pdf,1,0
2025,黄浦区,上海市向明初级中学,011003,上海市上海中学,042032,0,【黄浦】【2025】名额到校计划.pdf,1,0
2025,黄浦区,上海市向明初级中学,011003,上海交通大学附属中学,102056,0,【黄浦】【2025】名额到校计划.pdf,1,0
2025,黄浦区,上海市向明初级中学,011003,复旦大学附属中学,102057,0,【黄浦】【2025】名额到校计划.pdf,1,0
2025,黄浦区,上海市向明初级中学,011003,华东师范大学第二附属中学,152003,0,【黄浦】【2025】名额到校计划.pdf,1,0
2025,黄浦区,上海外国语大学附属大境初级中学,011004,上海市格致中学,012001,9,【黄浦】【2025】名额到校计划.pdf,1,0
2025,黄浦区,上海外国语大学附属大境初级中学,011004,上海市格致中学（奉贤校区）,012002,2,【黄浦】【2025】名额到校计划.pdf,1,0
2025,黄浦区,上海外国语大学附属大境初级中学,011004,上海市大同中学,012003,9,【黄浦】【2025】名额到校计划.pdf,1,0
2025,黄浦区,上海外国语大学附属大境初级中学,011004,上海市向明中学,012005,7,【黄浦】【2025】名额到校计划.pdf,1,0
2025,黄浦区,上海外国语大学附属大境初级中学,011004,上海市向明中学（浦江校区）,012006,2,【黄浦】【2025】名额到校计划.pdf,1,0
2025,黄浦区,上海外国语大学附属大境初级中学,011004,上海外国语大学附属大境中学,012007,13,【黄浦】【2025】名额到校计划.pdf,1,0
2025,黄浦区,上海外国语大学附属大境初级中学,011004,上海市光明中学,012008,9,【黄浦】【2025】名额到校计划.pdf,1,0
2025,黄浦区,上海外国语大学附属大境初级中学,011004,上海市敬业中学,012009,10,【黄浦】【2025】名额到校计划.pdf,1,0
2025,黄浦区,上海外国语大学附属大境初级中学,011004,上海市卢湾高级中学,012010,9,【黄浦】【2025】名额到校计划.pdf,1,0
2025,黄浦区,上海外国语大学附属大境初级中学,011004,上海市上海中学,042032,0,【黄浦】【2025】名额到校计划.pdf,1,0
2025,黄浦区,上海外国语大学附属大境初级中学,011004,上海交通大学附属中学,102056,0,【黄浦】【2025】名额到校计划.pdf,1,0
2025,黄浦区,上海外国语大学附属大境初级中学,011004,复旦大学附属中学,102057,0,【黄浦】【2025】名额到校计划.pdf,1,0
2025,黄浦区,上海外国语大学附属大境初级中学,011004,华东师范大学第二附属中学,152003,0,【黄浦】【2025】名额到校计划.pdf,1,0
2025,黄浦区,上海市光明初级中学,011005,上海市格致中学,012001,3,【黄浦】【2025】名额到校计划.pdf,1,0
2025,黄浦区,上海市光明初级中学,011005,上海市格致中学（奉贤校区）,012002,1,【黄浦】【2025】名额到校计划.pdf,1,0
2025,黄浦区,上海市光明初级中学,011005,上海市大同中学,012003,4,【黄浦】【2025】名额到校计划.pdf,1,0
2025,黄浦区,上海市光明初级中学,011005,上海市向明中学,012005,3,【黄浦】【2025】名额到校计划.pdf,1,0
2025,黄浦区,上海市光明初级中学,011005,上海市向明中学（浦江校区）,012006,1,【黄浦】【2025】名额到校计划.pdf,1,0
2025,黄浦区,上海市光明初级中学,011005,上海外国语大学附属大境中学,012007,3,【黄浦】【2025】名额到校计划.pdf,1,0
2025,黄浦区,上海市光明初级中学,011005,上海市光明中学,012008,4,【黄浦】【2025】名额到校计划.pdf,1,0
2025,黄浦区,上海市光明初级中学,011005,上海市敬业中学,012009,3,【黄浦】【2025】名额到校计划.pdf,1,0
2025,黄浦区,上海市光明初级中学,011005,上海市卢湾高级中学,012010,3,【黄浦】【2025】名额到校计划.pdf,1,0
2025,黄浦区,上海市光明初级中学,011005,上海市上海中学,042032,0,【黄浦】【2025】名额到校计划.pdf,1,0
2025,黄浦区,上海市光明初级中学,011005,上海交通大学附属中学,102056,0,【黄浦】【2025】名额到校计划.pdf,1,0
2025,黄浦区,上海市光明初级中学,011005,复旦大学附属中学,102057,1,【黄浦】【2025】名额到校计划.pdf,1,0
2025,黄浦区,上海市光明初级中学,011005,华东师范大学第二附属中学,152003,0,【黄浦】【2025】名额到校计划.pdf,1,0
2025,黄浦区,上海市敬业初级中学,011006,上海市格致中学,012001,5,【黄浦】【2025】名额到校计划.pdf,1,0
2025,黄浦区,上海市敬业初级中学,011006,上海市格致中学（奉贤校区）,012002,2,【黄浦】【2025】名额到校计划.pdf,1,0
2025,黄浦区,上海市敬业初级中学,011006,上海市大同中学,012003,5,【黄浦】【2025】名额到校计划.pdf,1,0
2025,黄浦区,上海市敬业初级中学,011006,上海市向明中学,012005,4,【黄浦】【2025】名额到校计划.pdf,1,0
2025,黄浦区,上海市敬业初级中学,011006,上海市向明中学（浦江校区）,012006,1,【黄浦】【2025】名额到校计划.pdf,1,0
2025,黄浦区,上海市敬业初级中学,011006,上海外国语大学附属大境中学,012007,5,【黄浦】【2025】名额到校计划.pdf,1,0
2025,黄浦区,上海市敬业初级中学,011006,上海市光明中学,012008,6,【黄浦】【2025】名额到校计划.pdf,1,0
2025,黄浦区,上海市敬业初级中学,011006,上海市敬业中学,012009,7,【黄浦】【2025】名额到校计划.pdf,1,0
2025,黄浦区,上海市敬业初级中学,011006,上海市卢湾高级中学,012010,6,【黄浦】【2025】名额到校计划.pdf,1,0
2025,黄浦区,上海市敬业初级中学,011006,上海市上海中学,042032,1,【黄浦】【2025】名额到校计划.pdf,1,0
2025,黄浦区,上海市敬业初级中学,011006,上海交通大学附属中学,102056,0,【黄浦】【2025】名额到校计划.pdf,1,0
2025,黄浦区,上海市敬业初级中学,011006,复旦大学附属中学,102057,0,【黄浦】【2025】名额到校计划.pdf,1,0
2025,黄浦区,上海市敬业初级中学,011006,华东师范大学第二附属中学,152003,0,【黄浦】【2025】名额到校计划.pdf,1,0
2025,黄浦区,上海市卢湾中学,011007,上海市格致中学,012001,7,【黄浦】【2025】名额到校计划.pdf,1,0
2025,黄浦区,上海市卢湾中学,011007,上海市格致中学（奉贤校区）,012002,2,【黄浦】【2025】名额到校计划.pdf,1,0
2025,黄浦区,上海市卢湾中学,011007,上海市大同中学,012003,8,【黄浦】【2025】名额到校计划.pdf,1,0
2025,黄浦区,上海市卢湾中学,011007,上海市向明中学,012005,6,【黄浦】【2025】名额到校计划.pdf,1,0
2025,黄浦区,上海市卢湾中学,011007,上海市向明中学（浦江校区）,012006,1,【黄浦】【2025】名额到校计划.pdf,1,0
2025,黄浦区,上海市卢湾中学,011007,上海外国语大学附属大境中学,012007,7,【黄浦】【2025】名额到校计划.pdf,1,0
2025,黄浦区,上海市卢湾中学,011007,上海市光明中学,012008,7,【黄浦】【2025】名额到校计划.pdf,1,0
2025,黄浦区,上海市卢湾中学,011007,上海市敬业中学,012009,7,【黄浦】【2025】名额到校计划.pdf,1,0
2025,黄浦区,上海市卢湾中学,011007,上海市卢湾高级中学,012010,9,【黄浦】【2025】名额到校计划.pdf,1,0
2025,黄浦区,上海市卢湾中学,011007,上海市上海中学,042032,1,【黄浦】【2025】名额到校计划.pdf,1,0
2025,黄浦区,上海市卢湾中学,011007,上海交通大学附属中学,102056,0,【黄浦】【2025】名额到校计划.pdf,1,0
2025,黄浦区,上海市卢湾中学,011007,复旦大学附属中学,102057,0,【黄浦】【2025】名额到校计划.pdf,1,0
2025,黄浦区,上海市卢湾中学,011007,华东师范大学第二附属中学,152003,0,【黄浦】【2025】名额到校计划.pdf,1,0
2025,黄浦区,上海市市八初级中学,011008,上海市格致中学,012001,4,【黄浦】【2025】名额到校计划.pdf,1,0
2025,黄浦区,上海市市八初级中学,011008,上海市格致中学（奉贤校区）,012002,1,【黄浦】【2025】名额到校计划.pdf,1,0
2025,黄浦区,上海市市八初级中学,011008,上海市大同中学,012003,4,【黄浦】【2025】名额到校计划.pdf,1,0
2025,黄浦区,上海市市八初级中学,011008,上海市向明中学,012005,3,【黄浦】【2025】名额到校计划.pdf,1,0
2025,黄浦区,上海市市八初级中学,011008,上海市向明中学（浦江校区）,012006,1,【黄浦】【2025】名额到校计划.pdf,1,0
2025,黄浦区,上海市市八初级中学,011008,上海外国语大学附属大境中学,012007,4,【黄浦】【2025】名额到校计划.pdf,1,0
2025,黄浦区,上海市市八初级中学,011008,上海市光明中学,012008,4,【黄浦】【2025】名额到校计划.pdf,1,0
2025,黄浦区,上海市市八初级中学,011008,上海市敬业中学,012009,5,【黄浦】【2025】名额到校计划.pdf,1,0
2025,黄浦区,上海市市八初级中学,011008,上海市卢湾高级中学,012010,4,【黄浦】【2025】名额到校计划.pdf,1,0
2025,黄浦区,上海市市八初级中学,011008,上海市上海中学,042032,0,【黄浦】【2025】名额到校计划.pdf,1,0
2025,黄浦区,上海市市八初级中学,011008,上海交通大学附属中学,102056,0,【黄浦】【2025】名额到校计划.pdf,1,0
2025,黄浦区,上海市市八初级中学,011008,复旦大学附属中学,102057,0,【黄浦】【2025】名额到校计划.pdf,1,0
2025,黄浦区,上海市市八初级中学,011008,华东师范大学第二附属中学,152003,0,【黄浦】【2025】名额到校计划.pdf,1,0
2025,黄浦区,上海市尚文中学,011009,上海市格致中学,012001,4,【黄浦】【2025】名额到校计划.pdf,1,0
2025,黄浦区,上海市尚文中学,011009,上海市格致中学（奉贤校区）,012002,2,【黄浦】【2025】名额到校计划.pdf,1,0
2025,黄浦区,上海市尚文中学,011009,上海市大同中学,012003,5,【黄浦】【2025】名额到校计划.pdf,1,0
2025,黄浦区,上海市尚文中学,011009,上海市向明中学,012005,4,【黄浦】【2025】名额到校计划.pdf,1,0
2025,黄浦区,上海市尚文中学,011009,上海市向明中学（浦江校区）,012006,1,【黄浦】【2025】名额到校计划.pdf,1,0
2025,黄浦区,上海市尚文中学,011009,上海外国语大学附属大境中学,012007,5,【黄浦】【2025】名额到校计划.pdf,1,0
2025,黄浦区,上海市尚文中学,011009,上海市光明中学,012008,5,【黄浦】【2025】名额到校计划.pdf,1,0
2025,黄浦区,上海市尚文中学,011009,上海市敬业中学,012009,5,【黄浦】【2025】名额到校计划.pdf,1,0
2025,黄浦区,上海市尚文中学,011009,上海市卢湾高级中学,012010,5,【黄浦】【2025】名额到校计划.pdf,1,0
2025,黄浦区,上海市尚文中学,011009,上海市上海中学,042032,0,【黄浦】【2025】名额到校计划.pdf,1,0
2025,黄浦区,上海市尚文中学,011009,上海交通大学附属中学,102056,0,【黄浦】【2025】名额到校计划.pdf,1,0
2025,黄浦区,上海市尚文中学,011009,复旦大学附属中学,102057,0,【黄浦】【2025】名额到校计划.pdf,1,0
2025,黄浦区,上海市尚文中学,011009,华东师范大学第二附属中学,152003,1,【黄浦】【2025】名额到校计划.pdf,1,0
2025,黄浦区,上海交通大学附属黄浦实验中学,011012,上海市格致中学,012001,6,【黄浦】【2025】名额到校计划.pdf,1,0
2025,黄浦区,上海交通大学附属黄浦实验中学,011012,上海市格致中学（奉贤校区）,012002,2,【黄浦】【2025】名额到校计划.pdf,1,0
2025,黄浦区,上海交通大学附属黄浦实验中学,011012,上海市大同中学,012003,5,【黄浦】【2025】名额到校计划.pdf,1,0
2025,黄浦区,上海交通大学附属黄浦实验中学,011012,上海市向明中学,012005,4,【黄浦】【2025】名额到校计划.pdf,1,0
2025,黄浦区,上海交通大学附属黄浦实验中学,011012,上海市向明中学（浦江校区）,012006,1,【黄浦】【2025】名额到校计划.pdf,1,0
2025,黄浦区,上海交通大学附属黄浦实验中学,011012,上海外国语大学附属大境中学,012007,5,【黄浦】【2025】名额到校计划.pdf,1,0
2025,黄浦区,上海交通大学附属黄浦实验中学,011012,上海市光明中学,012008,7,【黄浦】【2025】名额到校计划.pdf,1,0
2025,黄浦区,上海交通大学附属黄浦实验中学,011012,上海市敬业中学,012009,5,【黄浦】【2025】名额到校计划.pdf,1,0
2025,黄浦区,上海交通大学附属黄浦实验中学,011012,上海市卢湾高级中学,012010,5,【黄浦】【2025】名额到校计划.pdf,1,0
2025,黄浦区,上海交通大学附属黄浦实验中学,011012,上海市上海中学,042032,0,【黄浦】【2025】名额到校计划.pdf,1,0
2025,黄浦区,上海交通大学附属黄浦实验中学,011012,上海交通大学附属中学,102056,1,【黄浦】【2025】名额到校计划.pdf,1,0
2025,黄浦区,上海交通大学附属黄浦实验中学,011012,复旦大学附属中学,102057,0,【黄浦】【2025】名额到校计划.pdf,1,0
2025,黄浦区,上海交通大学附属黄浦实验中学,011012,华东师范大学第二附属中学,152003,0,【黄浦】【2025】名额到校计划.pdf,1,0
2025,黄浦区,上海市清华中学,011014,上海市格致中学,012001,2,【黄浦】【2025】名额到校计划.pdf,1,0
2025,黄浦区,上海市清华中学,011014,上海市格致中学（奉贤校区）,012002,1,【黄浦】【2025】名额到校计划.pdf,1,0
2025,黄浦区,上海市清华中学,011014,上海市大同中学,012003,1,【黄浦】【2025】名额到校计划.pdf,1,0
2025,黄浦区,上海市清华中学,011014,上海市向明中学,012005,2,【黄浦】【2025】名额到校计划.pdf,1,0
2025,黄浦区,上海市清华中学,011014,上海市向明中学（浦江校区）,012006,3,【黄浦】【2025】名额到校计划.pdf,1,0
2025,黄浦区,上海市清华中学,011014,上海外国语大学附属大境中学,012007,1,【黄浦】【2025】名额到校计划.pdf,1,0
2025,黄浦区,上海市清华中学,011014,上海市光明中学,012008,1,【黄浦】【2025】名额到校计划.pdf,1,0
2025,黄浦区,上海市清华中学,011014,上海市敬业中学,012009,1,【黄浦】【2025】名额到校计划.pdf,1,0
2025,黄浦区,上海市清华中学,011014,上海市卢湾高级中学,012010,1,【黄浦】【2025】名额到校计划.pdf,1,0
2025,黄浦区,上海市清华中学,011014,上海市上海中学,042032,0,【黄浦】【2025】名额到校计划.pdf,1,0
2025,黄浦区,上海市清华中学,011014,上海交通大学附属中学,102056,0,【黄浦】【2025】名额到校计划.pdf,1,0
2025,黄浦区,上海市清华中学,011014,复旦大学附属中学,102057,0,【黄浦】【2025】名额到校计划.pdf,1,0
2025,黄浦区,上海市清华中学,011014,华东师范大学第二附属中学,152003,0,【黄浦】【2025】名额到校计划.pdf,1,0
2025,黄浦区,上海市民办明珠中学,011015,上海市格致中学,012001,6,【黄浦】【2025】名额到校计划.pdf,2,0
2025,黄浦区,上海市民办明珠中学,011015,上海市格致中学（奉贤校区）,012002,5,【黄浦】【2025】名额到校计划.pdf,2,0
2025,黄浦区,上海市民办明珠中学,011015,上海市大同中学,012003,4,【黄浦】【2025】名额到校计划.pdf,2,0
2025,黄浦区,上海市民办明珠中学,011015,上海市向明中学,012005,3,【黄浦】【2025】名额到校计划.pdf,2,0
2025,黄浦区,上海市民办明珠中学,011015,上海市向明中学（浦江校区）,012006,1,【黄浦】【2025】名额到校计划.pdf,2,0
2025,黄浦区,上海市民办明珠中学,011015,上海外国语大学附属大境中学,012007,4,【黄浦】【2025】名额到校计划.pdf,2,0
2025,黄浦区,上海市民办明珠中学,011015,上海市光明中学,012008,4,【黄浦】【2025】名额到校计划.pdf,2,0
2025,黄浦区,上海市民办明珠中学,011015,上海市敬业中学,012009,4,【黄浦】【2025】名额到校计划.pdf,2,0
2025,黄浦区,上海市民办明珠中学,011015,上海市卢湾高级中学,012010,4,【黄浦】【2025】名额到校计划.pdf,2,0
2025,黄浦区,上海市民办明珠中学,011015,上海市上海中学,042032,0,【黄浦】【2025】名额到校计划.pdf,2,0
2025,黄浦区,上海市民办明珠中学,011015,上海交通大学附属中学,102056,0,【黄浦】【2025】名额到校计划.pdf,2,0
2025,黄浦区,上海市民办明珠中学,011015,复旦大学附属中学,102057,0,【黄浦】【2025】名额到校计划.pdf,2,0
2025,黄浦区,上海市民办明珠中学,011015,华东师范大学第二附属中学,152003,0,【黄浦】【2025】名额到校计划.pdf,2,0
2025,黄浦区,上海市民办立达中学,011016,上海市格致中学,012001,11,【黄浦】【2025】名额到校计划.pdf,2,0
2025,黄浦区,上海市民办立达中学,011016,上海市格致中学（奉贤校区）,012002,3,【黄浦】【2025】名额到校计划.pdf,2,0
2025,黄浦区,上海市民办立达中学,011016,上海市大同中学,012003,15,【黄浦】【2025】名额到校计划.pdf,2,0
2025,黄浦区,上海市民办立达中学,011016,上海市向明中学,012005,9,【黄浦】【2025】名额到校计划.pdf,2,0
2025,黄浦区,上海市民办立达中学,011016,上海市向明中学（浦江校区）,012006,2,【黄浦】【2025】名额到校计划.pdf,2,0
2025,黄浦区,上海市民办立达中学,011016,上海外国语大学附属大境中学,012007,11,【黄浦】【2025】名额到校计划.pdf,2,0
2025,黄浦区,上海市民办立达中学,011016,上海市光明中学,012008,11,【黄浦】【2025】名额到校计划.pdf,2,0
2025,黄浦区,上海市民办立达中学,011016,上海市敬业中学,012009,11,【黄浦】【2025】名额到校计划.pdf,2,0
2025,黄浦区,上海市民办立达中学,011016,上海市卢湾高级中学,012010,11,【黄浦】【2025】名额到校计划.pdf,2,0
2025,黄浦区,上海市民办立达中学,011016,上海市上海中学,042032,0,【黄浦】【2025】名额到校计划.pdf,2,0
2025,黄浦区,上海市民办立达中学,011016,上海交通大学附属中学,102056,0,【黄浦】【2025】名额到校计划.pdf,2,0
2025,黄浦区,上海市民办立达中学,011016,复旦大学附属中学,102057,0,【黄浦】【2025】名额到校计划.pdf,2,0
2025,黄浦区,上海市民办立达中学,011016,华东师范大学第二附属中学,152003,0,【黄浦】【2025】名额到校计划.pdf,2,0
2025,黄浦区,上海市震旦外国语中学,011017,上海市格致中学,012001,4,【黄浦】【2025】名额到校计划.pdf,2,0
2025,黄浦区,上海市震旦外国语中学,011017,上海市格致中学（奉贤校区）,012002,1,【黄浦】【2025】名额到校计划.pdf,2,0
2025,黄浦区,上海市震旦外国语中学,011017,上海市大同中学,012003,4,【黄浦】【2025】名额到校计划.pdf,2,0
2025,黄浦区,上海市震旦外国语中学,011017,上海市向明中学,012005,3,【黄浦】【2025】名额到校计划.pdf,2,0
2025,黄浦区,上海市震旦外国语中学,011017,上海市向明中学（浦江校区）,012006,1,【黄浦】【2025】名额到校计划.pdf,2,0
2025,黄浦区,上海市震旦外国语中学,011017,上海外国语大学附属大境中学,012007,3,【黄浦】【2025】名额到校计划.pdf,2,0
2025,黄浦区,上海市震旦外国语中学,011017,上海市光明中学,012008,5,【黄浦】【2025】名额到校计划.pdf,2,0
2025,黄浦区,上海市震旦外国语中学,011017,上海市敬业中学,012009,3,【黄浦】【2025】名额到校计划.pdf,2,0
2025,黄浦区,上海市震旦外国语中学,011017,上海市卢湾高级中学,012010,3,【黄浦】【2025】名额到校计划.pdf,2,0
2025,黄浦区,上海市震旦外国语中学,011017,上海市上海中学,042032,0,【黄浦】【2025】名额到校计划.pdf,2,0
2025,黄浦区,上海市震旦外国语中学,011017,上海交通大学附属中学,102056,0,【黄浦】【2025】名额到校计划.pdf,2,0
2025,黄浦区,上海市震旦外国语中学,011017,复旦大学附属中学,102057,0,【黄浦】【2025】名额到校计划.pdf,2,0
2025,黄浦区,上海市震旦外国语中学,011017,华东师范大学第二附属中学,152003,1,【黄浦】【2025】名额到校计划.pdf,2,0
2025,黄浦区,上海市第十中学,013003,上海市格致中学,012001,8,【黄浦】【2025】名额到校计划.pdf,2,0
2025,黄浦区,上海市第十中学,013003,上海市格致中学（奉贤校区）,012002,2,【黄浦】【2025】名额到校计划.pdf,2,0
2025,黄浦区,上海市第十中学,013003,上海市大同中学,012003,7,【黄浦】【2025】名额到校计划.pdf,2,0
2025,黄浦区,上海市第十中学,013003,上海市向明中学,012005,6,【黄浦】【2025】名额到校计划.pdf,2,0
2025,黄浦区,上海市第十中学,013003,上海市向明中学（浦江校区）,012006,1,【黄浦】【2025】名额到校计划.pdf,2,0
2025,黄浦区,上海市第十中学,013003,上海外国语大学附属大境中学,012007,8,【黄浦】【2025】名额到校计划.pdf,2,0
2025,黄浦区,上海市第十中学,013003,上海市光明中学,012008,8,【黄浦】【2025】名额到校计划.pdf,2,0
2025,黄浦区,上海市第十中学,013003,上海市敬业中学,012009,12,【黄浦】【2025】名额到校计划.pdf,2,0
2025,黄浦区,上海市第十中学,013003,上海市卢湾高级中学,012010,8,【黄浦】【2025】名额到校计划.pdf,2,0
2025,黄浦区,上海市第十中学,013003,上海市上海中学,042032,0,【黄浦】【2025】名额到校计划.pdf,2,0
2025,黄浦区,上海市第十中学,013003,上海交通大学附属中学,102056,0,【黄浦】【2025】名额到校计划.pdf,2,0
2025,黄浦区,上海市第十中学,013003,复旦大学附属中学,102057,0,【黄浦】【2025】名额到校计划.pdf,2,0
2025,黄浦区,上海市第十中学,013003,华东师范大学第二附属中学,152003,0,【黄浦】【2025】名额到校计划.pdf,2,0
2025,黄浦区,上海理工大学附属储能中学,013004,上海市格致中学,012001,3,【黄浦】【2025】名额到校计划.pdf,2,0
2025,黄浦区,上海理工大学附属储能中学,013004,上海市格致中学（奉贤校区）,012002,3,【黄浦】【2025】名额到校计划.pdf,2,0
2025,黄浦区,上海理工大学附属储能中学,013004,上海市大同中学,012003,3,【黄浦】【2025】名额到校计划.pdf,2,0
2025,黄浦区,上海理工大学附属储能中学,013004,上海市向明中学,012005,2,【黄浦】【2025】名额到校计划.pdf,2,0
2025,黄浦区,上海理工大学附属储能中学,013004,上海市向明中学（浦江校区）,012006,1,【黄浦】【2025】名额到校计划.pdf,2,0
2025,黄浦区,上海理工大学附属储能中学,013004,上海外国语大学附属大境中学,012007,3,【黄浦】【2025】名额到校计划.pdf,2,0
2025,黄浦区,上海理工大学附属储能中学,013004,上海市光明中学,012008,3,【黄浦】【2025】名额到校计划.pdf,2,0
2025,黄浦区,上海理工大学附属储能中学,013004,上海市敬业中学,012009,3,【黄浦】【2025】名额到校计划.pdf,2,0
2025,黄浦区,上海理工大学附属储能中学,013004,上海市卢湾高级中学,012010,3,【黄浦】【2025】名额到校计划.pdf,2,0
2025,黄浦区,上海理工大学附属储能中学,013004,上海市上海中学,042032,0,【黄浦】【2025】名额到校计划.pdf,2,0
2025,黄浦区,上海理工大学附属储能中学,013004,上海交通大学附属中学,102056,1,【黄浦】【2025】名额到校计划.pdf,2,0
2025,黄浦区,上海理工大学附属储能中学,013004,复旦大学附属中学,102057,0,【黄浦】【2025】名额到校计划.pdf,2,0
2025,黄浦区,上海理工大学附属储能中学,013004,华东师范大学第二附属中学,152003,0,【黄浦】【2025】名额到校计划.pdf,2,0
2025,黄浦区,上海市金陵中学,014001,上海市格致中学,012001,1,【黄浦】【2025】名额到校计划.pdf,2,0
2025,黄浦区,上海市金陵中学,014001,上海市格致中学（奉贤校区）,012002,1,【黄浦】【2025】名额到校计划.pdf,2,0
2025,黄浦区,上海市金陵中学,014001,上海市大同中学,012003,1,【黄浦】【2025】名额到校计划.pdf,2,0
2025,黄浦区,上海市金陵中学,014001,上海市向明中学,012005,1,【黄浦】【2025】名额到校计划.pdf,2,0
2025,黄浦区,上海市金陵中学,014001,上海市向明中学（浦江校区）,012006,3,【黄浦】【2025】名额到校计划.pdf,2,0
2025,黄浦区,上海市金陵中学,014001,上海外国语大学附属大境中学,012007,2,【黄浦】【2025】名额到校计划.pdf,2,0
2025,黄浦区,上海市金陵中学,014001,上海市光明中学,012008,2,【黄浦】【2025】名额到校计划.pdf,2,0
2025,黄浦区,上海市金陵中学,014001,上海市敬业中学,012009,2,【黄浦】【2025】名额到校计划.pdf,2,0
2025,黄浦区,上海市金陵中学,014001,上海市卢湾高级中学,012010,2,【黄浦】【2025】名额到校计划.pdf,2,0
2025,黄浦区,上海市金陵中学,014001,上海市上海中学,042032,0,【黄浦】【2025】名额到校计划.pdf,2,0
2025,黄浦区,上海市金陵中学,014001,上海交通大学附属中学,102056,0,【黄浦】【2025】名额到校计划.pdf,2,0
2025,黄浦区,上海市金陵中学,014001,复旦大学附属中学,102057,0,【黄浦】【2025】名额到校计划.pdf,2,0
2025,黄浦区,上海市金陵中学,014001,华东师范大学第二附属中学,152003,0,【黄浦】【2025】名额到校计划.pdf,2,0
2025,黄浦区,上海市市南中学,014003,上海市格致中学,012001,4,【黄浦】【2025】名额到校计划.pdf,2,0
2025,黄浦区,上海市市南中学,014003,上海市格致中学（奉贤校区）,012002,2,【黄浦】【2025】名额到校计划.pdf,2,0
2025,黄浦区,上海市市南中学,014003,上海市大同中学,012003,5,【黄浦】【2025】名额到校计划.pdf,2,0
2025,黄浦区,上海市市南中学,014003,上海市向明中学,012005,4,【黄浦】【2025】名额到校计划.pdf,2,0
2025,黄浦区,上海市市南中学,014003,上海市向明中学（浦江校区）,012006,1,【黄浦】【2025】名额到校计划.pdf,2,0
2025,黄浦区,上海市市南中学,014003,上海外国语大学附属大境中学,012007,5,【黄浦】【2025】名额到校计划.pdf,2,0
2025,黄浦区,上海市市南中学,014003,上海市光明中学,012008,5,【黄浦】【2025】名额到校计划.pdf,2,0
2025,黄浦区,上海市市南中学,014003,上海市敬业中学,012009,4,【黄浦】【2025】名额到校计划.pdf,2,0
2025,黄浦区,上海市市南中学,014003,上海市卢湾高级中学,012010,5,【黄浦】【2025】名额到校计划.pdf,2,0
2025,黄浦区,上海市市南中学,014003,上海市上海中学,042032,0,【黄浦】【2025】名额到校计划.pdf,2,0
2025,黄浦区,上海市市南中学,014003,上海交通大学附属中学,102056,0,【黄浦】【2025】名额到校计划.pdf,2,0
2025,黄浦区,上海市市南中学,014003,复旦大学附属中学,102057,1,【黄浦】【2025】名额到校计划.pdf,2,0
2025,黄浦区,上海市市南中学,014003,华东师范大学第二附属中学,152003,0,【黄浦】【2025】名额到校计划.pdf,2,0
2025,黄浦区,上海音乐学院附属黄浦比乐中学,014004,上海市格致中学,012001,4,【黄浦】【2025】名额到校计划.pdf,2,0
2025,黄浦区,上海音乐学院附属黄浦比乐中学,014004,上海市格致中学（奉贤校区）,012002,2,【黄浦】【2025】名额到校计划.pdf,2,0
2025,黄浦区,上海音乐学院附属黄浦比乐中学,014004,上海市大同中学,012003,4,【黄浦】【2025】名额到校计划.pdf,2,0
2025,黄浦区,上海音乐学院附属黄浦比乐中学,014004,上海市向明中学,012005,3,【黄浦】【2025】名额到校计划.pdf,2,0
2025,黄浦区,上海音乐学院附属黄浦比乐中学,014004,上海市向明中学（浦江校区）,012006,1,【黄浦】【2025】名额到校计划.pdf,2,0
2025,黄浦区,上海音乐学院附属黄浦比乐中学,014004,上海外国语大学附属大境中学,012007,4,【黄浦】【2025】名额到校计划.pdf,2,0
2025,黄浦区,上海音乐学院附属黄浦比乐中学,014004,上海市光明中学,012008,4,【黄浦】【2025】名额到校计划.pdf,2,0
2025,黄浦区,上海音乐学院附属黄浦比乐中学,014004,上海市敬业中学,012009,4,【黄浦】【2025】名额到校计划.pdf,2,0
2025,黄浦区,上海音乐学院附属黄浦比乐中学,014004,上海市卢湾高级中学,012010,6,【黄浦】【2025】名额到校计划.pdf,2,0
2025,黄浦区,上海音乐学院附属黄浦比乐中学,014004,上海市上海中学,042032,0,【黄浦】【2025】名额到校计划.pdf,2,0
2025,黄浦区,上海音乐学院附属黄浦比乐中学,014004,上海交通大学附属中学,102056,0,【黄浦】【2025】名额到校计划.pdf,2,0
2025,黄浦区,上海音乐学院附属黄浦比乐中学,014004,复旦大学附属中学,102057,0,【黄浦】【2025】名额到校计划.pdf,2,0
2025,黄浦区,上海音乐学院附属黄浦比乐中学,014004,华东师范大学第二附属中学,152003,0,【黄浦】【2025】名额到校计划.pdf,2,0
2025,黄浦区,上海市黄浦区教育学院附属中山学校,015003,上海市格致中学,012001,6,【黄浦】【2025】名额到校计划.pdf,2,0
2025,黄浦区,上海市黄浦区教育学院附属中山学校,015003,上海市格致中学（奉贤校区）,012002,2,【黄浦】【2025】名额到校计划.pdf,2,0
2025,黄浦区,上海市黄浦区教育学院附属中山学校,015003,上海市大同中学,012003,5,【黄浦】【2025】名额到校计划.pdf,2,0
2025,黄浦区,上海市黄浦区教育学院附属中山学校,015003,上海市向明中学,012005,4,【黄浦】【2025】名额到校计划.pdf,2,0
2025,黄浦区,上海市黄浦区教育学院附属中山学校,015003,上海市向明中学（浦江校区）,012006,1,【黄浦】【2025】名额到校计划.pdf,2,0
2025,黄浦区,上海市黄浦区教育学院附属中山学校,015003,上海外国语大学附属大境中学,012007,8,【黄浦】【2025】名额到校计划.pdf,2,0
2025,黄浦区,上海市黄浦区教育学院附属中山学校,015003,上海市光明中学,012008,6,【黄浦】【2025】名额到校计划.pdf,2,0
2025,黄浦区,上海市黄浦区教育学院附属中山学校,015003,上海市敬业中学,012009,6,【黄浦】【2025】名额到校计划.pdf,2,0
2025,黄浦区,上海市黄浦区教育学院附属中山学校,015003,上海市卢湾高级中学,012010,6,【黄浦】【2025】名额到校计划.pdf,2,0
2025,黄浦区,上海市黄浦区教育学院附属中山学校,015003,上海市上海中学,042032,0,【黄浦】【2025】名额到校计划.pdf,2,0
2025,黄浦区,上海市黄浦区教育学院附属中山学校,015003,上海交通大学附属中学,102056,0,【黄浦】【2025】名额到校计划.pdf,2,0
2025,黄浦区,上海市黄浦区教育学院附属中山学校,015003,复旦大学附属中学,102057,0,【黄浦】【2025】名额到校计划.pdf,2,0
2025,黄浦区,上海市黄浦区教育学院附属中山学校,015003,华东师范大学第二附属中学,152003,0,【黄浦】【2025】名额到校计划.pdf,2,0
2025,黄浦区,上海民办永昌学校,015004,上海市格致中学,012001,3,【黄浦】【2025】名额到校计划.pdf,2,0
2025,黄浦区,上海民办永昌学校,015004,上海市格致中学（奉贤校区）,012002,1,【黄浦】【2025】名额到校计划.pdf,2,0
2025,黄浦区,上海民办永昌学校,015004,上海市大同中学,012003,3,【黄浦】【2025】名额到校计划.pdf,2,0
2025,黄浦区,上海民办永昌学校,015004,上海市向明中学,012005,3,【黄浦】【2025】名额到校计划.pdf,2,0
2025,黄浦区,上海民办永昌学校,015004,上海市向明中学（浦江校区）,012006,1,【黄浦】【2025】名额到校计划.pdf,2,0
2025,黄浦区,上海民办永昌学校,015004,上海外国语大学附属大境中学,012007,4,【黄浦】【2025】名额到校计划.pdf,2,0
2025,黄浦区,上海民办永昌学校,015004,上海市光明中学,012008,4,【黄浦】【2025】名额到校计划.pdf,2,0
2025,黄浦区,上海民办永昌学校,015004,上海市敬业中学,012009,4,【黄浦】【2025】名额到校计划.pdf,2,0
2025,黄浦区,上海民办永昌学校,015004,上海市卢湾高级中学,012010,4,【黄浦】【2025】名额到校计划.pdf,2,0
2025,黄浦区,上海民办永昌学校,015004,上海市上海中学,042032,0,【黄浦】【2025】名额到校计划.pdf,2,0
2025,黄浦区,上海民办永昌学校,015004,上海交通大学附属中学,102056,0,【黄浦】【2025】名额到校计划.pdf,2,0
2025,黄浦区,上海民办永昌学校,015004,复旦大学附属中学,102057,0,【黄浦】【2025】名额到校计划.pdf,2,0
2025,黄浦区,上海民办永昌学校,015004,华东师范大学第二附属中学,152003,0,【黄浦】【2025】名额到校计划.pdf,2,0
2026,黄浦区,上海市格致初级中学,011001,上海市格致中学,012001,21,【黄浦】【2026】名额到校计划.pdf,1,0
2026,黄浦区,上海市格致初级中学,011001,上海市格致中学（奉贤校区）,012002,9,【黄浦】【2026】名额到校计划.pdf,1,0
2026,黄浦区,上海市格致初级中学,011001,上海市大同中学,012003,14,【黄浦】【2026】名额到校计划.pdf,1,0
2026,黄浦区,上海市格致初级中学,011001,上海市向明中学,012005,11,【黄浦】【2026】名额到校计划.pdf,1,0
2026,黄浦区,上海市格致初级中学,011001,上海市向明中学（浦江校区）,012006,3,【黄浦】【2026】名额到校计划.pdf,1,0
2026,黄浦区,上海市格致初级中学,011001,上海外国语大学附属大境中学,012007,14,【黄浦】【2026】名额到校计划.pdf,1,0
2026,黄浦区,上海市格致初级中学,011001,上海市光明中学,012008,15,【黄浦】【2026】名额到校计划.pdf,1,0
2026,黄浦区,上海市格致初级中学,011001,上海市敬业中学,012009,14,【黄浦】【2026】名额到校计划.pdf,1,0
2026,黄浦区,上海市格致初级中学,011001,上海市卢湾高级中学,012010,15,【黄浦】【2026】名额到校计划.pdf,1,0
2026,黄浦区,上海市格致初级中学,011001,同济大学科技中学,012011,0,【黄浦】【2026】名额到校计划.pdf,1,0
2026,黄浦区,上海市格致初级中学,011001,上海市上海中学,042032,0,【黄浦】【2026】名额到校计划.pdf,1,0
2026,黄浦区,上海市格致初级中学,011001,上海交通大学附属中学,102056,1,【黄浦】【2026】名额到校计划.pdf,1,0
2026,黄浦区,上海市格致初级中学,011001,复旦大学附属中学,102057,0,【黄浦】【2026】名额到校计划.pdf,1,0
2026,黄浦区,上海市格致初级中学,011001,华东师范大学第二附属中学,152003,0,【黄浦】【2026】名额到校计划.pdf,1,0
2026,黄浦区,上海市大同初级中学,011002,上海市格致中学,012001,10,【黄浦】【2026】名额到校计划.pdf,1,0
2026,黄浦区,上海市大同初级中学,011002,上海市格致中学（奉贤校区）,012002,2,【黄浦】【2026】名额到校计划.pdf,1,0
2026,黄浦区,上海市大同初级中学,011002,上海市大同中学,012003,16,【黄浦】【2026】名额到校计划.pdf,1,0
2026,黄浦区,上海市大同初级中学,011002,上海市向明中学,012005,8,【黄浦】【2026】名额到校计划.pdf,1,0
2026,黄浦区,上海市大同初级中学,011002,上海市向明中学（浦江校区）,012006,2,【黄浦】【2026】名额到校计划.pdf,1,0
2026,黄浦区,上海市大同初级中学,011002,上海外国语大学附属大境中学,012007,11,【黄浦】【2026】名额到校计划.pdf,1,0
2026,黄浦区,上海市大同初级中学,011002,上海市光明中学,012008,11,【黄浦】【2026】名额到校计划.pdf,1,0
2026,黄浦区,上海市大同初级中学,011002,上海市敬业中学,012009,12,【黄浦】【2026】名额到校计划.pdf,1,0
2026,黄浦区,上海市大同初级中学,011002,上海市卢湾高级中学,012010,11,【黄浦】【2026】名额到校计划.pdf,1,0
2026,黄浦区,上海市大同初级中学,011002,同济大学科技中学,012011,0,【黄浦】【2026】名额到校计划.pdf,1,0
2026,黄浦区,上海市大同初级中学,011002,上海市上海中学,042032,0,【黄浦】【2026】名额到校计划.pdf,1,0
2026,黄浦区,上海市大同初级中学,011002,上海交通大学附属中学,102056,0,【黄浦】【2026】名额到校计划.pdf,1,0
2026,黄浦区,上海市大同初级中学,011002,复旦大学附属中学,102057,0,【黄浦】【2026】名额到校计划.pdf,1,0
2026,黄浦区,上海市大同初级中学,011002,华东师范大学第二附属中学,152003,1,【黄浦】【2026】名额到校计划.pdf,1,0
2026,黄浦区,上海市向明初级中学,011003,上海市格致中学,012001,11,【黄浦】【2026】名额到校计划.pdf,1,0
2026,黄浦区,上海市向明初级中学,011003,上海市格致中学（奉贤校区）,012002,3,【黄浦】【2026】名额到校计划.pdf,1,0
2026,黄浦区,上海市向明初级中学,011003,上海市大同中学,012003,10,【黄浦】【2026】名额到校计划.pdf,1,0
2026,黄浦区,上海市向明初级中学,011003,上海市向明中学,012005,15,【黄浦】【2026】名额到校计划.pdf,1,0
2026,黄浦区,上海市向明初级中学,011003,上海市向明中学（浦江校区）,012006,7,【黄浦】【2026】名额到校计划.pdf,1,0
2026,黄浦区,上海市向明初级中学,011003,上海外国语大学附属大境中学,012007,11,【黄浦】【2026】名额到校计划.pdf,1,0
2026,黄浦区,上海市向明初级中学,011003,上海市光明中学,012008,11,【黄浦】【2026】名额到校计划.pdf,1,0
2026,黄浦区,上海市向明初级中学,011003,上海市敬业中学,012009,11,【黄浦】【2026】名额到校计划.pdf,1,0
2026,黄浦区,上海市向明初级中学,011003,上海市卢湾高级中学,012010,11,【黄浦】【2026】名额到校计划.pdf,1,0
2026,黄浦区,上海市向明初级中学,011003,同济大学科技中学,012011,1,【黄浦】【2026】名额到校计划.pdf,1,0
2026,黄浦区,上海市向明初级中学,011003,上海市上海中学,042032,0,【黄浦】【2026】名额到校计划.pdf,1,0
2026,黄浦区,上海市向明初级中学,011003,上海交通大学附属中学,102056,0,【黄浦】【2026】名额到校计划.pdf,1,0
2026,黄浦区,上海市向明初级中学,011003,复旦大学附属中学,102057,0,【黄浦】【2026】名额到校计划.pdf,1,0
2026,黄浦区,上海市向明初级中学,011003,华东师范大学第二附属中学,152003,0,【黄浦】【2026】名额到校计划.pdf,1,0
2026,黄浦区,上海外国语大学附属大境初级中学,011004,上海市格致中学,012001,9,【黄浦】【2026】名额到校计划.pdf,1,0
2026,黄浦区,上海外国语大学附属大境初级中学,011004,上海市格致中学（奉贤校区）,012002,2,【黄浦】【2026】名额到校计划.pdf,1,0
2026,黄浦区,上海外国语大学附属大境初级中学,011004,上海市大同中学,012003,8,【黄浦】【2026】名额到校计划.pdf,1,0
2026,黄浦区,上海外国语大学附属大境初级中学,011004,上海市向明中学,012005,7,【黄浦】【2026】名额到校计划.pdf,1,0
2026,黄浦区,上海外国语大学附属大境初级中学,011004,上海市向明中学（浦江校区）,012006,2,【黄浦】【2026】名额到校计划.pdf,1,0
2026,黄浦区,上海外国语大学附属大境初级中学,011004,上海外国语大学附属大境中学,012007,12,【黄浦】【2026】名额到校计划.pdf,1,0
2026,黄浦区,上海外国语大学附属大境初级中学,011004,上海市光明中学,012008,8,【黄浦】【2026】名额到校计划.pdf,1,0
2026,黄浦区,上海外国语大学附属大境初级中学,011004,上海市敬业中学,012009,8,【黄浦】【2026】名额到校计划.pdf,1,0
2026,黄浦区,上海外国语大学附属大境初级中学,011004,上海市卢湾高级中学,012010,8,【黄浦】【2026】名额到校计划.pdf,1,0
2026,黄浦区,上海外国语大学附属大境初级中学,011004,同济大学科技中学,012011,0,【黄浦】【2026】名额到校计划.pdf,1,0
2026,黄浦区,上海外国语大学附属大境初级中学,011004,上海市上海中学,042032,0,【黄浦】【2026】名额到校计划.pdf,1,0
2026,黄浦区,上海外国语大学附属大境初级中学,011004,上海交通大学附属中学,102056,0,【黄浦】【2026】名额到校计划.pdf,1,0
2026,黄浦区,上海外国语大学附属大境初级中学,011004,复旦大学附属中学,102057,1,【黄浦】【2026】名额到校计划.pdf,1,0
2026,黄浦区,上海外国语大学附属大境初级中学,011004,华东师范大学第二附属中学,152003,0,【黄浦】【2026】名额到校计划.pdf,1,0
2026,黄浦区,上海市光明初级中学,011005,上海市格致中学,012001,4,【黄浦】【2026】名额到校计划.pdf,1,0
2026,黄浦区,上海市光明初级中学,011005,上海市格致中学（奉贤校区）,012002,1,【黄浦】【2026】名额到校计划.pdf,1,0
2026,黄浦区,上海市光明初级中学,011005,上海市大同中学,012003,4,【黄浦】【2026】名额到校计划.pdf,1,0
2026,黄浦区,上海市光明初级中学,011005,上海市向明中学,012005,3,【黄浦】【2026】名额到校计划.pdf,1,0
2026,黄浦区,上海市光明初级中学,011005,上海市向明中学（浦江校区）,012006,1,【黄浦】【2026】名额到校计划.pdf,1,0
2026,黄浦区,上海市光明初级中学,011005,上海外国语大学附属大境中学,012007,4,【黄浦】【2026】名额到校计划.pdf,1,0
2026,黄浦区,上海市光明初级中学,011005,上海市光明中学,012008,5,【黄浦】【2026】名额到校计划.pdf,1,0
2026,黄浦区,上海市光明初级中学,011005,上海市敬业中学,012009,4,【黄浦】【2026】名额到校计划.pdf,1,0
2026,黄浦区,上海市光明初级中学,011005,上海市卢湾高级中学,012010,4,【黄浦】【2026】名额到校计划.pdf,1,0
2026,黄浦区,上海市光明初级中学,011005,同济大学科技中学,012011,0,【黄浦】【2026】名额到校计划.pdf,1,0
2026,黄浦区,上海市光明初级中学,011005,上海市上海中学,042032,1,【黄浦】【2026】名额到校计划.pdf,1,0
2026,黄浦区,上海市光明初级中学,011005,上海交通大学附属中学,102056,0,【黄浦】【2026】名额到校计划.pdf,1,0
2026,黄浦区,上海市光明初级中学,011005,复旦大学附属中学,102057,0,【黄浦】【2026】名额到校计划.pdf,1,0
2026,黄浦区,上海市光明初级中学,011005,华东师范大学第二附属中学,152003,0,【黄浦】【2026】名额到校计划.pdf,1,0
2026,黄浦区,上海市敬业初级中学,011006,上海市格致中学,012001,5,【黄浦】【2026】名额到校计划.pdf,1,0
2026,黄浦区,上海市敬业初级中学,011006,上海市格致中学（奉贤校区）,012002,2,【黄浦】【2026】名额到校计划.pdf,1,0
2026,黄浦区,上海市敬业初级中学,011006,上海市大同中学,012003,5,【黄浦】【2026】名额到校计划.pdf,1,0
2026,黄浦区,上海市敬业初级中学,011006,上海市向明中学,012005,4,【黄浦】【2026】名额到校计划.pdf,1,0
2026,黄浦区,上海市敬业初级中学,011006,上海市向明中学（浦江校区）,012006,1,【黄浦】【2026】名额到校计划.pdf,1,0
2026,黄浦区,上海市敬业初级中学,011006,上海外国语大学附属大境中学,012007,5,【黄浦】【2026】名额到校计划.pdf,1,0
2026,黄浦区,上海市敬业初级中学,011006,上海市光明中学,012008,5,【黄浦】【2026】名额到校计划.pdf,1,0
2026,黄浦区,上海市敬业初级中学,011006,上海市敬业中学,012009,6,【黄浦】【2026】名额到校计划.pdf,1,0
2026,黄浦区,上海市敬业初级中学,011006,上海市卢湾高级中学,012010,5,【黄浦】【2026】名额到校计划.pdf,1,0
2026,黄浦区,上海市敬业初级中学,011006,同济大学科技中学,012011,1,【黄浦】【2026】名额到校计划.pdf,1,0
2026,黄浦区,上海市敬业初级中学,011006,上海市上海中学,042032,0,【黄浦】【2026】名额到校计划.pdf,1,0
2026,黄浦区,上海市敬业初级中学,011006,上海交通大学附属中学,102056,0,【黄浦】【2026】名额到校计划.pdf,1,0
2026,黄浦区,上海市敬业初级中学,011006,复旦大学附属中学,102057,0,【黄浦】【2026】名额到校计划.pdf,1,0
2026,黄浦区,上海市敬业初级中学,011006,华东师范大学第二附属中学,152003,0,【黄浦】【2026】名额到校计划.pdf,1,0
2026,黄浦区,上海市卢湾中学,011007,上海市格致中学,012001,8,【黄浦】【2026】名额到校计划.pdf,1,0
2026,黄浦区,上海市卢湾中学,011007,上海市格致中学（奉贤校区）,012002,2,【黄浦】【2026】名额到校计划.pdf,1,0
2026,黄浦区,上海市卢湾中学,011007,上海市大同中学,012003,7,【黄浦】【2026】名额到校计划.pdf,1,0
2026,黄浦区,上海市卢湾中学,011007,上海市向明中学,012005,6,【黄浦】【2026】名额到校计划.pdf,1,0
2026,黄浦区,上海市卢湾中学,011007,上海市向明中学（浦江校区）,012006,1,【黄浦】【2026】名额到校计划.pdf,1,0
2026,黄浦区,上海市卢湾中学,011007,上海外国语大学附属大境中学,012007,7,【黄浦】【2026】名额到校计划.pdf,1,0
2026,黄浦区,上海市卢湾中学,011007,上海市光明中学,012008,8,【黄浦】【2026】名额到校计划.pdf,1,0
2026,黄浦区,上海市卢湾中学,011007,上海市敬业中学,012009,8,【黄浦】【2026】名额到校计划.pdf,1,0
2026,黄浦区,上海市卢湾中学,011007,上海市卢湾高级中学,012010,11,【黄浦】【2026】名额到校计划.pdf,1,0
2026,黄浦区,上海市卢湾中学,011007,同济大学科技中学,012011,0,【黄浦】【2026】名额到校计划.pdf,1,0
2026,黄浦区,上海市卢湾中学,011007,上海市上海中学,042032,0,【黄浦】【2026】名额到校计划.pdf,1,0
2026,黄浦区,上海市卢湾中学,011007,上海交通大学附属中学,102056,1,【黄浦】【2026】名额到校计划.pdf,1,0
2026,黄浦区,上海市卢湾中学,011007,复旦大学附属中学,102057,0,【黄浦】【2026】名额到校计划.pdf,1,0
2026,黄浦区,上海市卢湾中学,011007,华东师范大学第二附属中学,152003,0,【黄浦】【2026】名额到校计划.pdf,1,0
2026,黄浦区,上海市市八初级中学,011008,上海市格致中学,012001,3,【黄浦】【2026】名额到校计划.pdf,1,0
2026,黄浦区,上海市市八初级中学,011008,上海市格致中学（奉贤校区）,012002,1,【黄浦】【2026】名额到校计划.pdf,1,0
2026,黄浦区,上海市市八初级中学,011008,上海市大同中学,012003,3,【黄浦】【2026】名额到校计划.pdf,1,0
2026,黄浦区,上海市市八初级中学,011008,上海市向明中学,012005,3,【黄浦】【2026】名额到校计划.pdf,1,0
2026,黄浦区,上海市市八初级中学,011008,上海市向明中学（浦江校区）,012006,1,【黄浦】【2026】名额到校计划.pdf,1,0
2026,黄浦区,上海市市八初级中学,011008,上海外国语大学附属大境中学,012007,3,【黄浦】【2026】名额到校计划.pdf,1,0
2026,黄浦区,上海市市八初级中学,011008,上海市光明中学,012008,3,【黄浦】【2026】名额到校计划.pdf,1,0
2026,黄浦区,上海市市八初级中学,011008,上海市敬业中学,012009,4,【黄浦】【2026】名额到校计划.pdf,1,0
2026,黄浦区,上海市市八初级中学,011008,上海市卢湾高级中学,012010,3,【黄浦】【2026】名额到校计划.pdf,1,0
2026,黄浦区,上海市市八初级中学,011008,同济大学科技中学,012011,1,【黄浦】【2026】名额到校计划.pdf,1,0
2026,黄浦区,上海市市八初级中学,011008,上海市上海中学,042032,0,【黄浦】【2026】名额到校计划.pdf,1,0
2026,黄浦区,上海市市八初级中学,011008,上海交通大学附属中学,102056,0,【黄浦】【2026】名额到校计划.pdf,1,0
2026,黄浦区,上海市市八初级中学,011008,复旦大学附属中学,102057,0,【黄浦】【2026】名额到校计划.pdf,1,0
2026,黄浦区,上海市市八初级中学,011008,华东师范大学第二附属中学,152003,0,【黄浦】【2026】名额到校计划.pdf,1,0
2026,黄浦区,上海市尚文中学,011009,上海市格致中学,012001,5,【黄浦】【2026】名额到校计划.pdf,1,0
2026,黄浦区,上海市尚文中学,011009,上海市格致中学（奉贤校区）,012002,2,【黄浦】【2026】名额到校计划.pdf,1,0
2026,黄浦区,上海市尚文中学,011009,上海市大同中学,012003,7,【黄浦】【2026】名额到校计划.pdf,1,0
2026,黄浦区,上海市尚文中学,011009,上海市向明中学,012005,4,【黄浦】【2026】名额到校计划.pdf,1,0
2026,黄浦区,上海市尚文中学,011009,上海市向明中学（浦江校区）,012006,1,【黄浦】【2026】名额到校计划.pdf,1,0
2026,黄浦区,上海市尚文中学,011009,上海外国语大学附属大境中学,012007,5,【黄浦】【2026】名额到校计划.pdf,1,0
2026,黄浦区,上海市尚文中学,011009,上海市光明中学,012008,5,【黄浦】【2026】名额到校计划.pdf,1,0
2026,黄浦区,上海市尚文中学,011009,上海市敬业中学,012009,5,【黄浦】【2026】名额到校计划.pdf,1,0
2026,黄浦区,上海市尚文中学,011009,上海市卢湾高级中学,012010,5,【黄浦】【2026】名额到校计划.pdf,1,0
2026,黄浦区,上海市尚文中学,011009,同济大学科技中学,012011,0,【黄浦】【2026】名额到校计划.pdf,1,0
2026,黄浦区,上海市尚文中学,011009,上海市上海中学,042032,1,【黄浦】【2026】名额到校计划.pdf,1,0
2026,黄浦区,上海市尚文中学,011009,上海交通大学附属中学,102056,0,【黄浦】【2026】名额到校计划.pdf,1,0
2026,黄浦区,上海市尚文中学,011009,复旦大学附属中学,102057,0,【黄浦】【2026】名额到校计划.pdf,1,0
2026,黄浦区,上海市尚文中学,011009,华东师范大学第二附属中学,152003,0,【黄浦】【2026】名额到校计划.pdf,1,0
2026,黄浦区,上海交通大学附属黄浦实验中学,011012,上海市格致中学,012001,8,【黄浦】【2026】名额到校计划.pdf,1,0
2026,黄浦区,上海交通大学附属黄浦实验中学,011012,上海市格致中学（奉贤校区）,012002,2,【黄浦】【2026】名额到校计划.pdf,1,0
2026,黄浦区,上海交通大学附属黄浦实验中学,011012,上海市大同中学,012003,7,【黄浦】【2026】名额到校计划.pdf,1,0
2026,黄浦区,上海交通大学附属黄浦实验中学,011012,上海市向明中学,012005,6,【黄浦】【2026】名额到校计划.pdf,1,0
2026,黄浦区,上海交通大学附属黄浦实验中学,011012,上海市向明中学（浦江校区）,012006,1,【黄浦】【2026】名额到校计划.pdf,1,0
2026,黄浦区,上海交通大学附属黄浦实验中学,011012,上海外国语大学附属大境中学,012007,7,【黄浦】【2026】名额到校计划.pdf,1,0
2026,黄浦区,上海交通大学附属黄浦实验中学,011012,上海市光明中学,012008,11,【黄浦】【2026】名额到校计划.pdf,1,0
2026,黄浦区,上海交通大学附属黄浦实验中学,011012,上海市敬业中学,012009,7,【黄浦】【2026】名额到校计划.pdf,1,0
2026,黄浦区,上海交通大学附属黄浦实验中学,011012,上海市卢湾高级中学,012010,8,【黄浦】【2026】名额到校计划.pdf,1,0
2026,黄浦区,上海交通大学附属黄浦实验中学,011012,同济大学科技中学,012011,0,【黄浦】【2026】名额到校计划.pdf,1,0
2026,黄浦区,上海交通大学附属黄浦实验中学,011012,上海市上海中学,042032,0,【黄浦】【2026】名额到校计划.pdf,1,0
2026,黄浦区,上海交通大学附属黄浦实验中学,011012,上海交通大学附属中学,102056,0,【黄浦】【2026】名额到校计划.pdf,1,0
2026,黄浦区,上海交通大学附属黄浦实验中学,011012,复旦大学附属中学,102057,0,【黄浦】【2026】名额到校计划.pdf,1,0
2026,黄浦区,上海交通大学附属黄浦实验中学,011012,华东师范大学第二附属中学,152003,1,【黄浦】【2026】名额到校计划.pdf,1,0
2026,黄浦区,上海市清华中学,011014,上海市格致中学,012001,1,【黄浦】【2026】名额到校计划.pdf,1,0
2026,黄浦区,上海市清华中学,011014,上海市格致中学（奉贤校区）,012002,1,【黄浦】【2026】名额到校计划.pdf,1,0
2026,黄浦区,上海市清华中学,011014,上海市大同中学,012003,2,【黄浦】【2026】名额到校计划.pdf,1,0
2026,黄浦区,上海市清华中学,011014,上海市向明中学,012005,2,【黄浦】【2026】名额到校计划.pdf,1,0
2026,黄浦区,上海市清华中学,011014,上海市向明中学（浦江校区）,012006,3,【黄浦】【2026】名额到校计划.pdf,1,0
2026,黄浦区,上海市清华中学,011014,上海外国语大学附属大境中学,012007,1,【黄浦】【2026】名额到校计划.pdf,1,0
2026,黄浦区,上海市清华中学,011014,上海市光明中学,012008,1,【黄浦】【2026】名额到校计划.pdf,1,0
2026,黄浦区,上海市清华中学,011014,上海市敬业中学,012009,1,【黄浦】【2026】名额到校计划.pdf,1,0
2026,黄浦区,上海市清华中学,011014,上海市卢湾高级中学,012010,1,【黄浦】【2026】名额到校计划.pdf,1,0
2026,黄浦区,上海市清华中学,011014,同济大学科技中学,012011,1,【黄浦】【2026】名额到校计划.pdf,1,0
2026,黄浦区,上海市清华中学,011014,上海市上海中学,042032,0,【黄浦】【2026】名额到校计划.pdf,1,0
2026,黄浦区,上海市清华中学,011014,上海交通大学附属中学,102056,0,【黄浦】【2026】名额到校计划.pdf,1,0
2026,黄浦区,上海市清华中学,011014,复旦大学附属中学,102057,0,【黄浦】【2026】名额到校计划.pdf,1,0
2026,黄浦区,上海市清华中学,011014,华东师范大学第二附属中学,152003,0,【黄浦】【2026】名额到校计划.pdf,1,0
2026,黄浦区,上海市民办明珠中学,011015,上海市格致中学,012001,4,【黄浦】【2026】名额到校计划.pdf,1,0
2026,黄浦区,上海市民办明珠中学,011015,上海市格致中学（奉贤校区）,012002,4,【黄浦】【2026】名额到校计划.pdf,1,0
2026,黄浦区,上海市民办明珠中学,011015,上海市大同中学,012003,3,【黄浦】【2026】名额到校计划.pdf,1,0
2026,黄浦区,上海市民办明珠中学,011015,上海市向明中学,012005,3,【黄浦】【2026】名额到校计划.pdf,1,0
2026,黄浦区,上海市民办明珠中学,011015,上海市向明中学（浦江校区）,012006,1,【黄浦】【2026】名额到校计划.pdf,1,0
2026,黄浦区,上海市民办明珠中学,011015,上海外国语大学附属大境中学,012007,4,【黄浦】【2026】名额到校计划.pdf,1,0
2026,黄浦区,上海市民办明珠中学,011015,上海市光明中学,012008,4,【黄浦】【2026】名额到校计划.pdf,1,0
2026,黄浦区,上海市民办明珠中学,011015,上海市敬业中学,012009,4,【黄浦】【2026】名额到校计划.pdf,1,0
2026,黄浦区,上海市民办明珠中学,011015,上海市卢湾高级中学,012010,4,【黄浦】【2026】名额到校计划.pdf,1,0
2026,黄浦区,上海市民办明珠中学,011015,同济大学科技中学,012011,1,【黄浦】【2026】名额到校计划.pdf,1,0
2026,黄浦区,上海市民办明珠中学,011015,上海市上海中学,042032,0,【黄浦】【2026】名额到校计划.pdf,1,0
2026,黄浦区,上海市民办明珠中学,011015,上海交通大学附属中学,102056,0,【黄浦】【2026】名额到校计划.pdf,1,0
2026,黄浦区,上海市民办明珠中学,011015,复旦大学附属中学,102057,0,【黄浦】【2026】名额到校计划.pdf,1,0
2026,黄浦区,上海市民办明珠中学,011015,华东师范大学第二附属中学,152003,0,【黄浦】【2026】名额到校计划.pdf,1,0
2026,黄浦区,上海市民办立达中学,011016,上海市格致中学,012001,9,【黄浦】【2026】名额到校计划.pdf,1,0
2026,黄浦区,上海市民办立达中学,011016,上海市格致中学（奉贤校区）,012002,2,【黄浦】【2026】名额到校计划.pdf,1,0
2026,黄浦区,上海市民办立达中学,011016,上海市大同中学,012003,12,【黄浦】【2026】名额到校计划.pdf,1,0
2026,黄浦区,上海市民办立达中学,011016,上海市向明中学,012005,7,【黄浦】【2026】名额到校计划.pdf,1,0
2026,黄浦区,上海市民办立达中学,011016,上海市向明中学（浦江校区）,012006,2,【黄浦】【2026】名额到校计划.pdf,1,0
2026,黄浦区,上海市民办立达中学,011016,上海外国语大学附属大境中学,012007,9,【黄浦】【2026】名额到校计划.pdf,1,0
2026,黄浦区,上海市民办立达中学,011016,上海市光明中学,012008,9,【黄浦】【2026】名额到校计划.pdf,1,0
2026,黄浦区,上海市民办立达中学,011016,上海市敬业中学,012009,9,【黄浦】【2026】名额到校计划.pdf,1,0
2026,黄浦区,上海市民办立达中学,011016,上海市卢湾高级中学,012010,9,【黄浦】【2026】名额到校计划.pdf,1,0
2026,黄浦区,上海市民办立达中学,011016,同济大学科技中学,012011,1,【黄浦】【2026】名额到校计划.pdf,1,0
2026,黄浦区,上海市民办立达中学,011016,上海市上海中学,042032,0,【黄浦】【2026】名额到校计划.pdf,1,0
2026,黄浦区,上海市民办立达中学,011016,上海交通大学附属中学,102056,0,【黄浦】【2026】名额到校计划.pdf,1,0
2026,黄浦区,上海市民办立达中学,011016,复旦大学附属中学,102057,0,【黄浦】【2026】名额到校计划.pdf,1,0
2026,黄浦区,上海市民办立达中学,011016,华东师范大学第二附属中学,152003,0,【黄浦】【2026】名额到校计划.pdf,1,0
2026,黄浦区,上海市震旦外国语中学,011017,上海市格致中学,012001,3,【黄浦】【2026】名额到校计划.pdf,1,0
2026,黄浦区,上海市震旦外国语中学,011017,上海市格致中学（奉贤校区）,012002,1,【黄浦】【2026】名额到校计划.pdf,1,0
2026,黄浦区,上海市震旦外国语中学,011017,上海市大同中学,012003,3,【黄浦】【2026】名额到校计划.pdf,1,0
2026,黄浦区,上海市震旦外国语中学,011017,上海市向明中学,012005,2,【黄浦】【2026】名额到校计划.pdf,1,0
2026,黄浦区,上海市震旦外国语中学,011017,上海市向明中学（浦江校区）,012006,1,【黄浦】【2026】名额到校计划.pdf,1,0
2026,黄浦区,上海市震旦外国语中学,011017,上海外国语大学附属大境中学,012007,3,【黄浦】【2026】名额到校计划.pdf,1,0
2026,黄浦区,上海市震旦外国语中学,011017,上海市光明中学,012008,4,【黄浦】【2026】名额到校计划.pdf,1,0
2026,黄浦区,上海市震旦外国语中学,011017,上海市敬业中学,012009,3,【黄浦】【2026】名额到校计划.pdf,1,0
2026,黄浦区,上海市震旦外国语中学,011017,上海市卢湾高级中学,012010,3,【黄浦】【2026】名额到校计划.pdf,1,0
2026,黄浦区,上海市震旦外国语中学,011017,同济大学科技中学,012011,1,【黄浦】【2026】名额到校计划.pdf,1,0
2026,黄浦区,上海市震旦外国语中学,011017,上海市上海中学,042032,0,【黄浦】【2026】名额到校计划.pdf,1,0
2026,黄浦区,上海市震旦外国语中学,011017,上海交通大学附属中学,102056,0,【黄浦】【2026】名额到校计划.pdf,1,0
2026,黄浦区,上海市震旦外国语中学,011017,复旦大学附属中学,102057,0,【黄浦】【2026】名额到校计划.pdf,1,0
2026,黄浦区,上海市震旦外国语中学,011017,华东师范大学第二附属中学,152003,0,【黄浦】【2026】名额到校计划.pdf,1,0
2026,黄浦区,上海市第十中学,013003,上海市格致中学,012001,7,【黄浦】【2026】名额到校计划.pdf,1,0
2026,黄浦区,上海市第十中学,013003,上海市格致中学（奉贤校区）,012002,2,【黄浦】【2026】名额到校计划.pdf,1,0
2026,黄浦区,上海市第十中学,013003,上海市大同中学,012003,6,【黄浦】【2026】名额到校计划.pdf,1,0
2026,黄浦区,上海市第十中学,013003,上海市向明中学,012005,5,【黄浦】【2026】名额到校计划.pdf,1,0
2026,黄浦区,上海市第十中学,013003,上海市向明中学（浦江校区）,012006,1,【黄浦】【2026】名额到校计划.pdf,1,0
2026,黄浦区,上海市第十中学,013003,上海外国语大学附属大境中学,012007,7,【黄浦】【2026】名额到校计划.pdf,1,0
2026,黄浦区,上海市第十中学,013003,上海市光明中学,012008,7,【黄浦】【2026】名额到校计划.pdf,1,0
2026,黄浦区,上海市第十中学,013003,上海市敬业中学,012009,11,【黄浦】【2026】名额到校计划.pdf,1,0
2026,黄浦区,上海市第十中学,013003,上海市卢湾高级中学,012010,7,【黄浦】【2026】名额到校计划.pdf,1,0
2026,黄浦区,上海市第十中学,013003,同济大学科技中学,012011,1,【黄浦】【2026】名额到校计划.pdf,1,0
2026,黄浦区,上海市第十中学,013003,上海市上海中学,042032,0,【黄浦】【2026】名额到校计划.pdf,1,0
2026,黄浦区,上海市第十中学,013003,上海交通大学附属中学,102056,0,【黄浦】【2026】名额到校计划.pdf,1,0
2026,黄浦区,上海市第十中学,013003,复旦大学附属中学,102057,0,【黄浦】【2026】名额到校计划.pdf,1,0
2026,黄浦区,上海市第十中学,013003,华东师范大学第二附属中学,152003,0,【黄浦】【2026】名额到校计划.pdf,1,0
2026,黄浦区,上海理工大学附属储能中学,013004,上海市格致中学,012001,2,【黄浦】【2026】名额到校计划.pdf,1,0
2026,黄浦区,上海理工大学附属储能中学,013004,上海市格致中学（奉贤校区）,012002,3,【黄浦】【2026】名额到校计划.pdf,1,0
2026,黄浦区,上海理工大学附属储能中学,013004,上海市大同中学,012003,2,【黄浦】【2026】名额到校计划.pdf,1,0
2026,黄浦区,上海理工大学附属储能中学,013004,上海市向明中学,012005,2,【黄浦】【2026】名额到校计划.pdf,1,0
2026,黄浦区,上海理工大学附属储能中学,013004,上海市向明中学（浦江校区）,012006,1,【黄浦】【2026】名额到校计划.pdf,1,0
2026,黄浦区,上海理工大学附属储能中学,013004,上海外国语大学附属大境中学,012007,3,【黄浦】【2026】名额到校计划.pdf,1,0
2026,黄浦区,上海理工大学附属储能中学,013004,上海市光明中学,012008,3,【黄浦】【2026】名额到校计划.pdf,1,0
2026,黄浦区,上海理工大学附属储能中学,013004,上海市敬业中学,012009,3,【黄浦】【2026】名额到校计划.pdf,1,0
2026,黄浦区,上海理工大学附属储能中学,013004,上海市卢湾高级中学,012010,3,【黄浦】【2026】名额到校计划.pdf,1,0
2026,黄浦区,上海理工大学附属储能中学,013004,同济大学科技中学,012011,1,【黄浦】【2026】名额到校计划.pdf,1,0
2026,黄浦区,上海理工大学附属储能中学,013004,上海市上海中学,042032,0,【黄浦】【2026】名额到校计划.pdf,1,0
2026,黄浦区,上海理工大学附属储能中学,013004,上海交通大学附属中学,102056,0,【黄浦】【2026】名额到校计划.pdf,1,0
2026,黄浦区,上海理工大学附属储能中学,013004,复旦大学附属中学,102057,0,【黄浦】【2026】名额到校计划.pdf,1,0
2026,黄浦区,上海理工大学附属储能中学,013004,华东师范大学第二附属中学,152003,0,【黄浦】【2026】名额到校计划.pdf,1,0
2026,黄浦区,上海市金陵中学,014001,上海市格致中学,012001,1,【黄浦】【2026】名额到校计划.pdf,1,0
2026,黄浦区,上海市金陵中学,014001,上海市格致中学（奉贤校区）,012002,1,【黄浦】【2026】名额到校计划.pdf,1,0
2026,黄浦区,上海市金陵中学,014001,上海市大同中学,012003,2,【黄浦】【2026】名额到校计划.pdf,1,0
2026,黄浦区,上海市金陵中学,014001,上海市向明中学,012005,2,【黄浦】【2026】名额到校计划.pdf,1,0
2026,黄浦区,上海市金陵中学,014001,上海市向明中学（浦江校区）,012006,3,【黄浦】【2026】名额到校计划.pdf,1,0
2026,黄浦区,上海市金陵中学,014001,上海外国语大学附属大境中学,012007,1,【黄浦】【2026】名额到校计划.pdf,1,0
2026,黄浦区,上海市金陵中学,014001,上海市光明中学,012008,1,【黄浦】【2026】名额到校计划.pdf,1,0
2026,黄浦区,上海市金陵中学,014001,上海市敬业中学,012009,1,【黄浦】【2026】名额到校计划.pdf,1,0
2026,黄浦区,上海市金陵中学,014001,上海市卢湾高级中学,012010,2,【黄浦】【2026】名额到校计划.pdf,1,0
2026,黄浦区,上海市金陵中学,014001,同济大学科技中学,012011,0,【黄浦】【2026】名额到校计划.pdf,1,0
2026,黄浦区,上海市金陵中学,014001,上海市上海中学,042032,0,【黄浦】【2026】名额到校计划.pdf,1,0
2026,黄浦区,上海市金陵中学,014001,上海交通大学附属中学,102056,0,【黄浦】【2026】名额到校计划.pdf,1,0
2026,黄浦区,上海市金陵中学,014001,复旦大学附属中学,102057,0,【黄浦】【2026】名额到校计划.pdf,1,0
2026,黄浦区,上海市金陵中学,014001,华东师范大学第二附属中学,152003,1,【黄浦】【2026】名额到校计划.pdf,1,0
2026,黄浦区,上海市市南中学,014003,上海市格致中学,012001,5,【黄浦】【2026】名额到校计划.pdf,1,0
2026,黄浦区,上海市市南中学,014003,上海市格致中学（奉贤校区）,012002,2,【黄浦】【2026】名额到校计划.pdf,1,0
2026,黄浦区,上海市市南中学,014003,上海市大同中学,012003,5,【黄浦】【2026】名额到校计划.pdf,1,0
2026,黄浦区,上海市市南中学,014003,上海市向明中学,012005,4,【黄浦】【2026】名额到校计划.pdf,1,0
2026,黄浦区,上海市市南中学,014003,上海市向明中学（浦江校区）,012006,1,【黄浦】【2026】名额到校计划.pdf,1,0
2026,黄浦区,上海市市南中学,014003,上海外国语大学附属大境中学,012007,5,【黄浦】【2026】名额到校计划.pdf,1,0
2026,黄浦区,上海市市南中学,014003,上海市光明中学,012008,5,【黄浦】【2026】名额到校计划.pdf,1,0
2026,黄浦区,上海市市南中学,014003,上海市敬业中学,012009,5,【黄浦】【2026】名额到校计划.pdf,1,0
2026,黄浦区,上海市市南中学,014003,上海市卢湾高级中学,012010,5,【黄浦】【2026】名额到校计划.pdf,1,0
2026,黄浦区,上海市市南中学,014003,同济大学科技中学,012011,0,【黄浦】【2026】名额到校计划.pdf,1,0
2026,黄浦区,上海市市南中学,014003,上海市上海中学,042032,0,【黄浦】【2026】名额到校计划.pdf,1,0
2026,黄浦区,上海市市南中学,014003,上海交通大学附属中学,102056,1,【黄浦】【2026】名额到校计划.pdf,1,0
2026,黄浦区,上海市市南中学,014003,复旦大学附属中学,102057,0,【黄浦】【2026】名额到校计划.pdf,1,0
2026,黄浦区,上海市市南中学,014003,华东师范大学第二附属中学,152003,0,【黄浦】【2026】名额到校计划.pdf,1,0
2026,黄浦区,上海音乐学院附属黄浦比乐中学,014004,上海市格致中学,012001,5,【黄浦】【2026】名额到校计划.pdf,1,0
2026,黄浦区,上海音乐学院附属黄浦比乐中学,014004,上海市格致中学（奉贤校区）,012002,2,【黄浦】【2026】名额到校计划.pdf,1,0
2026,黄浦区,上海音乐学院附属黄浦比乐中学,014004,上海市大同中学,012003,5,【黄浦】【2026】名额到校计划.pdf,1,0
2026,黄浦区,上海音乐学院附属黄浦比乐中学,014004,上海市向明中学,012005,4,【黄浦】【2026】名额到校计划.pdf,1,0
2026,黄浦区,上海音乐学院附属黄浦比乐中学,014004,上海市向明中学（浦江校区）,012006,1,【黄浦】【2026】名额到校计划.pdf,1,0
2026,黄浦区,上海音乐学院附属黄浦比乐中学,014004,上海外国语大学附属大境中学,012007,5,【黄浦】【2026】名额到校计划.pdf,1,0
2026,黄浦区,上海音乐学院附属黄浦比乐中学,014004,上海市光明中学,012008,5,【黄浦】【2026】名额到校计划.pdf,1,0
2026,黄浦区,上海音乐学院附属黄浦比乐中学,014004,上海市敬业中学,012009,5,【黄浦】【2026】名额到校计划.pdf,1,0
2026,黄浦区,上海音乐学院附属黄浦比乐中学,014004,上海市卢湾高级中学,012010,5,【黄浦】【2026】名额到校计划.pdf,1,0
2026,黄浦区,上海音乐学院附属黄浦比乐中学,014004,同济大学科技中学,012011,0,【黄浦】【2026】名额到校计划.pdf,1,0
2026,黄浦区,上海音乐学院附属黄浦比乐中学,014004,上海市上海中学,042032,0,【黄浦】【2026】名额到校计划.pdf,1,0
2026,黄浦区,上海音乐学院附属黄浦比乐中学,014004,上海交通大学附属中学,102056,0,【黄浦】【2026】名额到校计划.pdf,1,0
2026,黄浦区,上海音乐学院附属黄浦比乐中学,014004,复旦大学附属中学,102057,1,【黄浦】【2026】名额到校计划.pdf,1,0
2026,黄浦区,上海音乐学院附属黄浦比乐中学,014004,华东师范大学第二附属中学,152003,0,【黄浦】【2026】名额到校计划.pdf,1,0
2026,黄浦区,上海市黄浦区教育学院附属中山学校,015003,上海市格致中学,012001,7,【黄浦】【2026】名额到校计划.pdf,1,0
2026,黄浦区,上海市黄浦区教育学院附属中山学校,015003,上海市格致中学（奉贤校区）,012002,2,【黄浦】【2026】名额到校计划.pdf,1,0
2026,黄浦区,上海市黄浦区教育学院附属中山学校,015003,上海市大同中学,012003,7,【黄浦】【2026】名额到校计划.pdf,1,0
2026,黄浦区,上海市黄浦区教育学院附属中山学校,015003,上海市向明中学,012005,5,【黄浦】【2026】名额到校计划.pdf,1,0
2026,黄浦区,上海市黄浦区教育学院附属中山学校,015003,上海市向明中学（浦江校区）,012006,1,【黄浦】【2026】名额到校计划.pdf,1,0
2026,黄浦区,上海市黄浦区教育学院附属中山学校,015003,上海外国语大学附属大境中学,012007,11,【黄浦】【2026】名额到校计划.pdf,1,0
2026,黄浦区,上海市黄浦区教育学院附属中山学校,015003,上海市光明中学,012008,7,【黄浦】【2026】名额到校计划.pdf,1,0
2026,黄浦区,上海市黄浦区教育学院附属中山学校,015003,上海市敬业中学,012009,7,【黄浦】【2026】名额到校计划.pdf,1,0
2026,黄浦区,上海市黄浦区教育学院附属中山学校,015003,上海市卢湾高级中学,012010,7,【黄浦】【2026】名额到校计划.pdf,1,0
2026,黄浦区,上海市黄浦区教育学院附属中山学校,015003,同济大学科技中学,012011,1,【黄浦】【2026】名额到校计划.pdf,1,0
2026,黄浦区,上海市黄浦区教育学院附属中山学校,015003,上海市上海中学,042032,0,【黄浦】【2026】名额到校计划.pdf,1,0
2026,黄浦区,上海市黄浦区教育学院附属中山学校,015003,上海交通大学附属中学,102056,0,【黄浦】【2026】名额到校计划.pdf,1,0
2026,黄浦区,上海市黄浦区教育学院附属中山学校,015003,复旦大学附属中学,102057,0,【黄浦】【2026】名额到校计划.pdf,1,0
2026,黄浦区,上海市黄浦区教育学院附属中山学校,015003,华东师范大学第二附属中学,152003,0,【黄浦】【2026】名额到校计划.pdf,1,0
2026,黄浦区,上海民办永昌学校,015004,上海市格致中学,012001,2,【黄浦】【2026】名额到校计划.pdf,1,0
2026,黄浦区,上海民办永昌学校,015004,上海市格致中学（奉贤校区）,012002,1,【黄浦】【2026】名额到校计划.pdf,1,0
2026,黄浦区,上海民办永昌学校,015004,上海市大同中学,012003,2,【黄浦】【2026】名额到校计划.pdf,1,0
2026,黄浦区,上海民办永昌学校,015004,上海市向明中学,012005,2,【黄浦】【2026】名额到校计划.pdf,1,0
2026,黄浦区,上海民办永昌学校,015004,上海市向明中学（浦江校区）,012006,1,【黄浦】【2026】名额到校计划.pdf,1,0
2026,黄浦区,上海民办永昌学校,015004,上海外国语大学附属大境中学,012007,2,【黄浦】【2026】名额到校计划.pdf,1,0
2026,黄浦区,上海民办永昌学校,015004,上海市光明中学,012008,2,【黄浦】【2026】名额到校计划.pdf,1,0
2026,黄浦区,上海民办永昌学校,015004,上海市敬业中学,012009,2,【黄浦】【2026】名额到校计划.pdf,1,0
2026,黄浦区,上海民办永昌学校,015004,上海市卢湾高级中学,012010,3,【黄浦】【2026】名额到校计划.pdf,1,0
2026,黄浦区,上海民办永昌学校,015004,同济大学科技中学,012011,1,【黄浦】【2026】名额到校计划.pdf,1,0
2026,黄浦区,上海民办永昌学校,015004,上海市上海中学,042032,0,【黄浦】【2026】名额到校计划.pdf,1,0
2026,黄浦区,上海民办永昌学校,015004,上海交通大学附属中学,102056,0,【黄浦】【2026】名额到校计划.pdf,1,0
2026,黄浦区,上海民办永昌学校,015004,复旦大学附属中学,102057,0,【黄浦】【2026】名额到校计划.pdf,1,0
2026,黄浦区,上海民办永昌学校,015004,华东师范大学第二附属中学,152003,0,【黄浦】【2026】名额到校计划.pdf,1,0
2026,黄浦区,上海康德双语实验学校,015005,上海市格致中学,012001,1,【黄浦】【2026】名额到校计划.pdf,1,0
2026,黄浦区,上海康德双语实验学校,015005,上海市格致中学（奉贤校区）,012002,0,【黄浦】【2026】名额到校计划.pdf,1,0
2026,黄浦区,上海康德双语实验学校,015005,上海市大同中学,012003,1,【黄浦】【2026】名额到校计划.pdf,1,0
2026,黄浦区,上海康德双语实验学校,015005,上海市向明中学,012005,1,【黄浦】【2026】名额到校计划.pdf,1,0
2026,黄浦区,上海康德双语实验学校,015005,上海市向明中学（浦江校区）,012006,0,【黄浦】【2026】名额到校计划.pdf,1,0
2026,黄浦区,上海康德双语实验学校,015005,上海外国语大学附属大境中学,012007,1,【黄浦】【2026】名额到校计划.pdf,1,0
2026,黄浦区,上海康德双语实验学校,015005,上海市光明中学,012008,1,【黄浦】【2026】名额到校计划.pdf,1,0
2026,黄浦区,上海康德双语实验学校,015005,上海市敬业中学,012009,1,【黄浦】【2026】名额到校计划.pdf,1,0
2026,黄浦区,上海康德双语实验学校,015005,上海市卢湾高级中学,012010,1,【黄浦】【2026】名额到校计划.pdf,1,0
2026,黄浦区,上海康德双语实验学校,015005,同济大学科技中学,012011,0,【黄浦】【2026】名额到校计划.pdf,1,0
2026,黄浦区,上海康德双语实验学校,015005,上海市上海中学,042032,0,【黄浦】【2026】名额到校计划.pdf,1,0
2026,黄浦区,上海康德双语实验学校,015005,上海交通大学附属中学,102056,0,【黄浦】【2026】名额到校计划.pdf,1,0
2026,黄浦区,上海康德双语实验学校,015005,复旦大学附属中学,102057,0,【黄浦】【2026】名额到校计划.pdf,1,0
2026,黄浦区,上海康德双语实验学校,015005,华东师范大学第二附属中学,152003,0,【黄浦】【2026】名额到校计划.pdf,1,0
