junior_high_school,rank_wq,rank_lin,rank_exp,rank_r3,P_wq,P_lin,P_exp,P_r3,shift_wq_eq,max_shift
上海市卢湾中学,1,1,2,2,0.8632,0.8213,0.8188,0.7917,0,1
上海市大同初级中学,2,2,3,4,0.8309,0.8169,0.8112,0.777,-1,2
上海外国语大学附属大境初级中学,3,3,1,3,0.7846,0.8108,0.8567,0.7782,1,2
上海市格致初级中学,4,5,5,5,0.7816,0.7664,0.74,0.7733,-3,1
上海市尚文中学,5,4,4,1,0.6794,0.7794,0.7989,0.8578,-1,4
上海市黄浦区教育学院附属中山学校,6,6,7,6,0.661,0.6289,0.6233,0.6507,2,1
上海市向明初级中学,7,7,6,8,0.6596,0.6201,0.6537,0.5502,2,1
上海市敬业初级中学,8,8,8,7,0.45,0.4995,0.5028,0.5735,-4,1
上海市第十中学,9,9,10,12,0.4213,0.3904,0.3719,0.3493,-2,3
上海市光明初级中学,10,10,14,11,0.3949,0.3706,0.3254,0.364,2,4
上海市市八初级中学,11,13,11,15,0.3831,0.3326,0.3624,0.2071,1,4
上海交通大学附属黄浦实验中学,12,14,13,13,0.3257,0.3184,0.3472,0.288,3,2
上海市市南中学,13,15,15,16,0.3206,0.2358,0.186,0.201,-2,3
上海市金陵中学,14,11,9,9,0.2809,0.3569,0.4118,0.4289,1,5
上海音乐学院附属黄浦比乐中学,15,12,12,10,0.2721,0.3517,0.3615,0.4142,1,5
上海市清华中学,16,16,16,14,0.1838,0.202,0.1784,0.2083,0,2
上海理工大学附属储能中学,17,17,17,17,0.1426,0.1199,0.0977,0.1397,0,0
