junior_high_school,in_pool5,in_pool3,historic,P_2022,rank_2022,P_2023,rank_2023,P_2024,rank_2024,P_2025,rank_2025,P_2026,rank_2026,P_wq,rank_wq,P_3y,rank_3y
上海交通大学附属黄浦实验中学,1,1,0,0.4706,10,0.2941,13,0.1765,15,0.25,13,0.4375,10,0.3257,12,0.3137,14
上海外国语大学附属大境初级中学,1,1,0,0.7059,6,0.8824,3,0.6471,7,0.6875,6,1.0,1,0.7846,3,0.7451,4
上海市光明初级中学,1,1,0,0.2941,13,0.5882,8,0.5294,9,0.3125,12,0.25,13,0.3949,10,0.4706,9
上海市卢湾中学,1,1,0,1.0,1,0.9412,2,1.0,1,0.4375,10,0.9375,2,0.8632,1,0.9804,1
上海市向明初级中学,1,1,0,0.8824,3,0.7647,5,0.5882,8,0.1875,14,0.875,3,0.6596,7,0.7451,5
上海市大同初级中学,1,1,0,0.8235,4,1.0,1,0.7059,6,0.8125,4,0.8125,4,0.8309,2,0.8431,2
上海市尚文中学,1,1,0,0.1765,15,0.6471,7,0.8235,4,1.0,1,0.75,5,0.6794,5,0.549,8
上海市市八初级中学,1,1,0,0.5882,8,0.7059,6,0.0588,17,0.0,17,0.5625,8,0.3831,11,0.451,10
上海市市南中学,1,1,0,0.6471,7,0.3529,12,0.3529,12,0.125,15,0.125,15,0.3206,13,0.451,11
上海市敬业初级中学,1,1,0,0.3529,12,0.1765,15,0.4706,10,0.875,3,0.375,11,0.45,8,0.3333,13
上海市格致初级中学,1,1,0,0.7647,5,0.8235,4,0.8824,3,0.75,5,0.6875,6,0.7816,4,0.8235,3
上海市清华中学,1,1,0,0.0588,17,0.2353,14,0.0,18,0.625,7,0.0,17,0.1838,16,0.098,17
上海市第十中学,1,1,0,0.5294,9,0.5294,9,0.2353,14,0.5,9,0.3125,12,0.4213,9,0.4314,12
上海市金陵中学,1,1,0,0.1176,16,0.0,18,0.4118,11,0.375,11,0.5,9,0.2809,14,0.1765,16
上海市黄浦区教育学院附属中山学校,1,1,0,0.9412,2,0.4118,11,0.7647,5,0.5625,8,0.625,7,0.661,6,0.7059,6
上海市黄浦学校,0,1,1,0.4118,11,0.4706,10,0.9412,2,,,,,,,0.6078,7
上海理工大学附属储能中学,1,1,0,0.2353,14,0.0588,17,0.2941,13,0.0625,16,0.0625,16,0.1426,17,0.1961,15
上海音乐学院附属黄浦比乐中学,1,1,0,0.0,18,0.1176,16,0.1176,16,0.9375,2,0.1875,14,0.2721,15,0.0784,18
