junior_high_school,senior_high_school,n_years,mean_score,total_quota,first_year,last_year
上海交通大学附属黄浦实验中学,上海交通大学附属中学,1,752.0,1,2025,2025
上海交通大学附属黄浦实验中学,上海外国语大学附属大境中学,5,692.9,29,2022,2026
上海交通大学附属黄浦实验中学,上海市光明中学,5,681.6,41,2022,2026
上海交通大学附属黄浦实验中学,上海市卢湾高级中学,5,692.8,30,2022,2026
上海交通大学附属黄浦实验中学,上海市向明中学,5,710.2,24,2022,2026
上海交通大学附属黄浦实验中学,上海市向明中学（浦江校区）,5,705.2,7,2022,2026
上海交通大学附属黄浦实验中学,上海市大同中学,5,727.4,29,2022,2026
上海交通大学附属黄浦实验中学,上海市敬业中学,5,700.1,29,2022,2026
上海交通大学附属黄浦实验中学,上海市格致中学,5,727.3,31,2022,2026
上海交通大学附属黄浦实验中学,上海市格致中学（奉贤校区）,5,703.2,11,2022,2026
上海交通大学附属黄浦实验中学,华东师范大学第二附属中学,2,755.0,2,2023,2026
上海交通大学附属黄浦实验中学,复旦大学附属中学,1,746.0,1,2022,2022
上海外国语大学附属大境初级中学,上海外国语大学附属大境中学,5,703.3,56,2022,2026
上海外国语大学附属大境初级中学,上海市光明中学,5,688.9,41,2022,2026
上海外国语大学附属大境初级中学,上海市卢湾高级中学,5,698.2,41,2022,2026
上海外国语大学附属大境初级中学,上海市向明中学,5,712.5,33,2022,2026
上海外国语大学附属大境初级中学,上海市向明中学（浦江校区）,5,716.1,9,2022,2026
上海外国语大学附属大境初级中学,上海市大同中学,5,735.9,39,2022,2026
上海外国语大学附属大境初级中学,上海市敬业中学,5,711.9,41,2022,2026
上海外国语大学附属大境初级中学,上海市格致中学,5,737.3,42,2022,2026
上海外国语大学附属大境初级中学,上海市格致中学（奉贤校区）,5,725.6,11,2022,2026
上海外国语大学附属大境初级中学,复旦大学附属中学,1,764.5,1,2026,2026
上海市光明初级中学,上海交通大学附属中学,1,758.5,1,2022,2022
上海市光明初级中学,上海外国语大学附属大境中学,5,698.2,13,2022,2026
上海市光明初级中学,上海市上海中学,1,750.0,1,2026,2026
上海市光明初级中学,上海市光明中学,5,677.8,19,2022,2026
上海市光明初级中学,上海市卢湾高级中学,5,684.0,13,2022,2026
上海市光明初级中学,上海市向明中学,5,714.8,12,2022,2026
上海市光明初级中学,上海市向明中学（浦江校区）,5,707.2,6,2022,2026
上海市光明初级中学,上海市大同中学,5,732.0,15,2022,2026
上海市光明初级中学,上海市敬业中学,5,703.5,13,2022,2026
上海市光明初级中学,上海市格致中学,5,728.3,13,2022,2026
上海市光明初级中学,上海市格致中学（奉贤校区）,5,724.0,6,2022,2026
上海市光明初级中学,复旦大学附属中学,2,734.25,2,2023,2025
上海市卢湾中学,上海交通大学附属中学,1,761.5,1,2026,2026
上海市卢湾中学,上海外国语大学附属大境中学,5,703.3,38,2022,2026
上海市卢湾中学,上海市上海中学,2,754.5,2,2024,2025
上海市卢湾中学,上海市光明中学,5,687.9,39,2022,2026
上海市卢湾中学,上海市卢湾高级中学,5,700.5,49,2022,2026
上海市卢湾中学,上海市向明中学,5,728.5,32,2022,2026
上海市卢湾中学,上海市向明中学（浦江校区）,5,720.3,7,2022,2026
上海市卢湾中学,上海市大同中学,5,742.6,39,2022,2026
上海市卢湾中学,上海市敬业中学,5,711.9,39,2022,2026
上海市卢湾中学,上海市格致中学,5,738.1,39,2022,2026
上海市卢湾中学,上海市格致中学（奉贤校区）,5,728.1,12,2022,2026
上海市卢湾中学,上海师范大学附属中学,1,730.0,1,2023,2023
上海市向明初级中学,上海外国语大学附属大境中学,5,697.6,59,2022,2026
上海市向明初级中学,上海市光明中学,5,686.5,59,2022,2026
上海市向明初级中学,上海市卢湾高级中学,5,697.9,59,2022,2026
上海市向明初级中学,上海市向明中学,5,725.9,68,2022,2026
上海市向明初级中学,上海市向明中学（浦江校区）,5,717.2,28,2022,2026
上海市向明初级中学,上海市大同中学,5,734.5,55,2022,2026
上海市向明初级中学,上海市敬业中学,5,707.1,58,2022,2026
上海市向明初级中学,上海市格致中学,5,732.6,58,2022,2026
上海市向明初级中学,上海市格致中学（奉贤校区）,5,724.4,13,2022,2026
上海市向明初级中学,华东师范大学第二附属中学,1,770.0,1,2022,2022
上海市向明初级中学,同济大学科技中学,1,765.0,1,2026,2026
上海市大同初级中学,上海交通大学附属中学,1,763.0,1,2022,2022
上海市大同初级中学,上海外国语大学附属大境中学,5,703.7,53,2022,2026
上海市大同初级中学,上海市光明中学,5,684.0,53,2022,2026
上海市大同初级中学,上海市卢湾高级中学,5,692.0,53,2022,2026
上海市大同初级中学,上海市向明中学,5,725.1,41,2022,2026
上海市大同初级中学,上海市向明中学（浦江校区）,4,721.75,7,2023,2026
上海市大同初级中学,上海市大同中学,5,742.8,72,2022,2026
上海市大同初级中学,上海市敬业中学,5,700.9,56,2022,2026
上海市大同初级中学,上海市格致中学,5,739.2,51,2022,2026
上海市大同初级中学,上海市格致中学（奉贤校区）,5,723.8,12,2022,2026
上海市大同初级中学,华东师范大学第二附属中学,1,760.5,1,2026,2026
上海市尚文中学,上海交通大学附属中学,1,752.5,1,2024,2024
上海市尚文中学,上海外国语大学附属大境中学,5,696.7,26,2022,2026
上海市尚文中学,上海市上海中学,2,759.75,2,2022,2026
上海市尚文中学,上海市光明中学,5,687.2,26,2022,2026
上海市尚文中学,上海市卢湾高级中学,5,690.0,25,2022,2026
上海市尚文中学,上海市向明中学,5,718.4,20,2022,2026
上海市尚文中学,上海市向明中学（浦江校区）,5,706.7,7,2022,2026
上海市尚文中学,上海市大同中学,5,728.5,31,2022,2026
上海市尚文中学,上海市敬业中学,5,707.2,26,2022,2026
上海市尚文中学,上海市格致中学,5,721.8,25,2022,2026
上海市尚文中学,上海市格致中学（奉贤校区）,5,720.0,9,2022,2026
上海市尚文中学,华东师范大学第二附属中学,1,747.0,1,2025,2025
上海市市八初级中学,上海交通大学附属中学,1,750.0,1,2023,2023
上海市市八初级中学,上海外国语大学附属大境中学,5,697.0,20,2022,2026
上海市市八初级中学,上海市光明中学,5,679.1,21,2022,2026
上海市市八初级中学,上海市卢湾高级中学,5,686.3,21,2022,2026
上海市市八初级中学,上海市向明中学,5,708.7,17,2022,2026
上海市市八初级中学,上海市向明中学（浦江校区）,5,714.7,6,2022,2026
上海市市八初级中学,上海市大同中学,5,729.1,19,2022,2026
上海市市八初级中学,上海市敬业中学,5,699.4,27,2022,2026
上海市市八初级中学,上海市格致中学,5,722.5,20,2022,2026
上海市市八初级中学,上海市格致中学（奉贤校区）,5,721.7,9,2022,2026
上海市市八初级中学,华东师范大学第二附属中学,1,758.5,1,2022,2022
上海市市八初级中学,同济大学科技中学,1,762.0,1,2026,2026
上海市市南中学,上海交通大学附属中学,1,761.5,1,2026,2026
上海市市南中学,上海外国语大学附属大境中学,5,700.0,25,2022,2026
上海市市南中学,上海市光明中学,5,681.7,24,2022,2026
上海市市南中学,上海市卢湾高级中学,5,689.7,25,2022,2026
上海市市南中学,上海市向明中学,5,708.7,19,2022,2026
上海市市南中学,上海市向明中学（浦江校区）,5,699.8,6,2022,2026
上海市市南中学,上海市大同中学,5,723.3,28,2022,2026
上海市市南中学,上海市敬业中学,5,692.6,24,2022,2026
上海市市南中学,上海市格致中学,5,721.3,24,2022,2026
上海市市南中学,上海市格致中学（奉贤校区）,5,712.2,9,2022,2026
上海市市南中学,复旦大学附属中学,1,756.5,1,2025,2025
上海市敬业初级中学,上海外国语大学附属大境中学,5,698.1,25,2022,2026
上海市敬业初级中学,上海市上海中学,1,743.5,1,2025,2025
上海市敬业初级中学,上海市光明中学,5,682.9,26,2022,2026
上海市敬业初级中学,上海市卢湾高级中学,5,687.5,26,2022,2026
上海市敬业初级中学,上海市向明中学,5,716.4,20,2022,2026
上海市敬业初级中学,上海市向明中学（浦江校区）,5,694.0,6,2022,2026
上海市敬业初级中学,上海市大同中学,5,730.8,24,2022,2026
上海市敬业初级中学,上海市敬业中学,5,704.2,33,2022,2026
上海市敬业初级中学,上海市格致中学,5,725.7,24,2022,2026
上海市敬业初级中学,上海市格致中学（奉贤校区）,5,713.1,10,2022,2026
上海市敬业初级中学,同济大学科技中学,1,701.0,1,2026,2026
上海市格致初级中学,上海交通大学附属中学,1,765.0,1,2026,2026
上海市格致初级中学,上海外国语大学附属大境中学,5,693.3,70,2022,2026
上海市格致初级中学,上海市光明中学,5,682.2,71,2022,2026
上海市格致初级中学,上海市卢湾高级中学,5,685.0,72,2022,2026
上海市格致初级中学,上海市向明中学,5,726.0,55,2022,2026
上海市格致初级中学,上海市向明中学（浦江校区）,5,706.8,13,2022,2026
上海市格致初级中学,上海市大同中学,5,736.8,68,2022,2026
上海市格致初级中学,上海市敬业中学,5,707.6,69,2022,2026
上海市格致初级中学,上海市格致中学,5,741.1,97,2022,2026
上海市格致初级中学,上海市格致中学（奉贤校区）,5,723.8,37,2022,2026
上海市格致初级中学,上海师范大学附属中学,1,726.0,1,2022,2022
上海市清华中学,上海外国语大学附属大境中学,5,682.1,7,2022,2026
上海市清华中学,上海市上海中学,1,751.5,1,2023,2023
上海市清华中学,上海市光明中学,5,679.3,7,2022,2026
上海市清华中学,上海市卢湾高级中学,5,682.6,8,2022,2026
上海市清华中学,上海市向明中学,5,708.8,9,2022,2026
上海市清华中学,上海市向明中学（浦江校区）,5,683.6,14,2022,2026
上海市清华中学,上海市大同中学,5,739.1,6,2022,2026
上海市清华中学,上海市敬业中学,5,685.7,6,2022,2026
上海市清华中学,上海市格致中学,5,722.9,6,2022,2026
上海市清华中学,上海市格致中学（奉贤校区）,5,707.8,6,2022,2026
上海市清华中学,同济大学科技中学,1,739.0,1,2026,2026
上海市第十中学,上海外国语大学附属大境中学,5,694.1,39,2022,2026
上海市第十中学,上海市光明中学,5,684.4,38,2022,2026
上海市第十中学,上海市卢湾高级中学,5,689.2,38,2022,2026
上海市第十中学,上海市向明中学,5,716.0,29,2022,2026
上海市第十中学,上海市向明中学（浦江校区）,4,713.12,6,2022,2026
上海市第十中学,上海市大同中学,5,732.1,34,2022,2026
上海市第十中学,上海市敬业中学,5,698.2,51,2022,2026
上海市第十中学,上海市格致中学,5,728.9,36,2022,2026
上海市第十中学,上海市格致中学（奉贤校区）,5,707.5,11,2022,2026
上海市第十中学,同济大学科技中学,1,759.0,1,2026,2026
上海市金陵中学,上海外国语大学附属大境中学,5,681.7,11,2022,2026
上海市金陵中学,上海市光明中学,5,677.6,11,2022,2026
上海市金陵中学,上海市卢湾高级中学,5,684.6,13,2022,2026
上海市金陵中学,上海市向明中学,5,713.9,11,2022,2026
上海市金陵中学,上海市向明中学（浦江校区）,5,697.0,14,2022,2026
上海市金陵中学,上海市大同中学,5,722.5,12,2022,2026
上海市金陵中学,上海市敬业中学,5,691.7,11,2022,2026
上海市金陵中学,上海市格致中学,5,721.4,10,2022,2026
上海市金陵中学,上海市格致中学（奉贤校区）,3,726.0,4,2022,2025
上海市金陵中学,华东师范大学第二附属中学,2,756.0,2,2024,2026
上海市金陵中学,复旦大学附属中学,1,773.0,1,2022,2022
上海市黄浦区教育学院附属中山学校,上海交通大学附属中学,2,746.75,2,2023,2024
上海市黄浦区教育学院附属中山学校,上海外国语大学附属大境中学,5,699.9,41,2022,2026
上海市黄浦区教育学院附属中山学校,上海市光明中学,5,687.0,29,2022,2026
上海市黄浦区教育学院附属中山学校,上海市卢湾高级中学,5,698.2,31,2022,2026
上海市黄浦区教育学院附属中山学校,上海市向明中学,5,724.4,23,2022,2026
上海市黄浦区教育学院附属中山学校,上海市向明中学（浦江校区）,5,715.5,6,2022,2026
上海市黄浦区教育学院附属中山学校,上海市大同中学,5,727.4,29,2022,2026
上海市黄浦区教育学院附属中山学校,上海市敬业中学,5,700.4,29,2022,2026
上海市黄浦区教育学院附属中山学校,上海市格致中学,5,736.1,31,2022,2026
上海市黄浦区教育学院附属中山学校,上海市格致中学（奉贤校区）,5,723.0,10,2022,2026
上海市黄浦区教育学院附属中山学校,同济大学科技中学,1,749.0,1,2026,2026
上海市黄浦学校,上海外国语大学附属大境中学,3,703.33,8,2022,2024
上海市黄浦学校,上海市光明中学,3,682.33,8,2022,2024
上海市黄浦学校,上海市卢湾高级中学,3,685.33,10,2022,2024
上海市黄浦学校,上海市向明中学,3,717.5,7,2022,2024
上海市黄浦学校,上海市向明中学（浦江校区）,2,703.0,3,2022,2024
上海市黄浦学校,上海市大同中学,3,731.83,10,2022,2024
上海市黄浦学校,上海市敬业中学,3,699.67,8,2022,2024
上海市黄浦学校,上海市格致中学,3,732.83,9,2022,2024
上海市黄浦学校,上海市格致中学（奉贤校区）,3,695.83,5,2022,2024
上海市黄浦学校,复旦大学附属中学,1,754.5,1,2023,2023
上海理工大学附属储能中学,上海交通大学附属中学,1,745.0,1,2025,2025
上海理工大学附属储能中学,上海外国语大学附属大境中学,5,689.5,13,2022,2026
上海理工大学附属储能中学,上海市光明中学,5,676.5,15,2022,2026
上海理工大学附属储能中学,上海市卢湾高级中学,5,683.4,14,2022,2026
上海理工大学附属储能中学,上海市向明中学,5,705.3,10,2022,2026
上海理工大学附属储能中学,上海市向明中学（浦江校区）,4,698.62,5,2022,2026
上海理工大学附属储能中学,上海市大同中学,5,717.8,12,2022,2026
上海理工大学附属储能中学,上海市敬业中学,5,683.3,13,2022,2026
上海理工大学附属储能中学,上海市格致中学,5,726.4,13,2022,2026
上海理工大学附属储能中学,上海市格致中学（奉贤校区）,5,709.6,14,2022,2026
上海理工大学附属储能中学,华东师范大学第二附属中学,1,753.5,1,2023,2023
上海理工大学附属储能中学,同济大学科技中学,1,752.0,1,2026,2026
上海理工大学附属储能中学,复旦大学附属中学,1,732.0,1,2024,2024
上海音乐学院附属黄浦比乐中学,上海外国语大学附属大境中学,5,689.8,30,2022,2026
上海音乐学院附属黄浦比乐中学,上海市上海中学,1,745.0,1,2024,2024
上海音乐学院附属黄浦比乐中学,上海市光明中学,5,676.6,30,2022,2026
上海音乐学院附属黄浦比乐中学,上海市卢湾高级中学,5,681.3,36,2022,2026
上海音乐学院附属黄浦比乐中学,上海市向明中学,5,706.3,23,2022,2026
上海音乐学院附属黄浦比乐中学,上海市向明中学（浦江校区）,5,701.1,6,2022,2026
上海音乐学院附属黄浦比乐中学,上海市大同中学,5,728.2,29,2022,2026
上海音乐学院附属黄浦比乐中学,上海市敬业中学,5,693.4,30,2022,2026
上海音乐学院附属黄浦比乐中学,上海市格致中学,5,724.3,30,2022,2026
上海音乐学院附属黄浦比乐中学,上海市格致中学（奉贤校区）,5,711.0,10,2022,2026
上海音乐学院附属黄浦比乐中学,复旦大学附属中学,2,753.5,2,2023,2026
