junior_high_school,ownership,in_pool5,in_pool3,historic,structural_break_2024,n_years,wq_2022,eq_2022,P_2022,P_eq_2022,Z_2022,rel_2022,quota_2022,n_pairs_2022,hi_2022,lo_2022,wq_2023,eq_2023,P_2023,P_eq_2023,Z_2023,rel_2023,quota_2023,n_pairs_2023,hi_2023,lo_2023,wq_2024,eq_2024,P_2024,P_eq_2024,Z_2024,rel_2024,quota_2024,n_pairs_2024,hi_2024,lo_2024,wq_2025,eq_2025,P_2025,P_eq_2025,Z_2025,rel_2025,quota_2025,n_pairs_2025,hi_2025,lo_2025,wq_2026,eq_2026,P_2026,P_eq_2026,Z_2026,rel_2026,quota_2026,n_pairs_2026,hi_2026,lo_2026,quota_avg,P_wq,P_eq,Z_avg,ZR_avg,rel_avg,rel_first,rel_last,delta_rel,SEN,sen_recent3,sen_ex2024,spearman,sen_z,trend_class,sen_abs,sen_2y,reversed_2y,P_2y,rank_P_2y,rank_P_wq,rank_P_eq,rank_Z,rank_Z_wq_comb,rank_P_lin,rank_P_exp,rank_P_recent3,shift_wq_eq,rank_P_2022,rank_P_2023,rank_P_2024,rank_P_2025,rank_P_2026,rank_P_eq_2022,rank_P_eq_2023,rank_P_eq_2024,rank_P_eq_2025,rank_P_eq_2026
上海交通大学附属黄浦实验中学,公办,1,1,0,0,5,708.8026,713.1,0.4706,0.4706,-0.1619,-0.826,38,10,746.0,681.5,700.8727,702.45,0.2941,0.2353,-0.51,-2.582,55,10,749.5,674.5,695.5581,697.3889,0.1765,0.1765,-1.1875,-9.306,43,9,733.5,670.5,699.0732,704.8,0.25,0.75,-0.0233,-0.76,41,10,752.0,672.5,716.2414,723.15,0.4375,0.625,-0.0276,-0.723,58,10,760.5,693.5,47.0,0.3257,0.4515,-0.3821,0.0,-2.839,-0.826,-0.723,0.103,0.2028,4.2914,-0.0653,0.6,0.343,平稳,1.3078,0.0373,近两年续升,0.3438,12,12,9,11,3,14,13,13,3,10,13,15,13,10,10,14,15,5,7
上海外国语大学附属大境初级中学,公办,1,1,0,0,5,715.8367,717.3333,0.7059,0.7647,0.5613,6.208,49,9,747.0,672.5,714.8868,715.6111,0.8824,0.8824,1.2575,11.432,53,9,736.5,693.0,707.6104,709.0,0.6471,0.6471,0.689,2.747,77,9,729.5,685.0,700.4786,703.8889,0.6875,0.6875,0.4752,0.645,70,9,730.0,667.5,724.9385,730.05,1.0,0.9375,1.3601,7.974,65,10,764.5,695.5,62.8,0.7846,0.7838,0.8686,0.0,5.801,6.208,7.974,1.766,-0.7255,2.6138,-0.0926,-0.2,-0.102,平稳,0.3795,7.3289,已反转,0.8438,2,3,2,3,1,3,1,3,1,6,3,7,6,1,5,3,7,6,2
上海市光明初级中学,公办,1,1,0,0,5,706.6316,712.1,0.2941,0.4118,-0.3852,-2.997,19,10,758.5,665.0,705.4048,709.35,0.5882,0.5882,0.0616,1.95,21,10,740.0,686.0,706.0882,709.1667,0.5294,0.7059,0.452,1.224,17,9,735.5,668.5,699.1538,702.8,0.3125,0.4375,0.0053,-0.679,26,10,748.0,667.0,713.8871,720.1,0.25,0.375,-0.4032,-3.077,31,10,750.0,676.0,22.8,0.3949,0.5037,-0.0539,0.0,-0.716,-2.997,-3.077,-0.08,-0.279,-2.1508,-0.3241,-0.4,0.112,平稳,0.826,-2.3977,近两年续降,0.2812,14,10,8,9,10,10,14,11,2,13,8,9,12,13,11,8,6,10,11
上海市卢湾中学,公办,1,1,0,0,5,729.3594,730.3889,1.0,1.0,1.9517,19.731,64,9,759.0,698.5,716.8806,720.95,0.9412,1.0,1.509,13.426,67,10,739.5,689.5,711.9811,715.3,1.0,1.0,1.3695,7.117,53,10,758.0,683.0,699.8182,706.85,0.4375,1.0,0.2409,-0.015,55,10,751.0,666.5,724.6695,730.2,0.9375,1.0,1.3172,7.705,59,10,761.5,702.0,59.6,0.8632,1.0,1.2777,0.0,9.593,19.731,7.705,-12.026,-3.7492,0.294,-2.9123,-0.7,-1.551,明显下降,-2.6442,7.7204,已反转,0.6875,5,1,1,1,11,1,2,2,0,1,2,1,10,2,1,1,1,1,1
上海市向明初级中学,公办,1,1,0,0,5,721.3155,728.35,0.8824,0.9412,1.1246,11.687,103,10,770.0,708.5,711.3602,712.3333,0.7647,0.7059,0.8127,7.906,93,9,730.0,691.0,707.4302,708.2222,0.5882,0.5882,0.6609,2.566,86,9,734.0,677.5,698.5523,700.5556,0.1875,0.3125,-0.2081,-1.281,86,9,736.0,655.5,723.6209,728.0,0.875,0.875,1.1499,6.657,91,10,765.0,700.0,91.8,0.6596,0.6846,0.708,-0.0,5.507,11.687,6.657,-5.03,-1.9247,2.0451,-1.23,-0.7,-0.677,平稳,-0.8197,7.9376,已反转,0.5312,9,7,5,5,17,7,6,8,2,3,5,8,14,3,2,6,8,12,3
上海市大同初级中学,公办,1,1,0,1,5,720.4217,725.4444,0.8235,0.8824,1.0327,10.793,83,9,763.0,672.0,717.5542,718.5556,1.0,0.9412,1.5939,14.1,83,9,742.0,684.0,707.6806,711.0,0.7059,0.8235,0.6999,2.817,72,9,739.0,676.5,701.359,700.1111,0.8125,0.25,0.7874,1.526,78,9,739.5,661.5,722.375,727.2,0.8125,0.8125,0.9511,5.411,84,10,760.5,693.5,80.0,0.8309,0.7419,1.013,0.0,6.929,10.793,5.411,-5.382,-2.3339,1.297,-1.8954,-0.6,-0.873,平稳,-1.2289,3.8851,已反转,0.8125,3,2,3,2,7,2,3,4,-1,4,1,6,4,4,3,2,4,13,4
上海市尚文中学,公办,1,1,0,0,5,701.5882,707.25,0.1765,0.1765,-0.9037,-8.04,51,10,766.0,671.0,708.5625,709.4444,0.6471,0.6471,0.4599,5.108,40,9,724.0,686.0,709.4194,714.35,0.8235,0.9412,0.9706,4.555,31,10,752.5,682.0,701.973,706.5,1.0,0.9375,1.0052,2.14,37,10,747.0,679.5,722.1125,723.55,0.75,0.6875,0.9092,5.148,40,10,753.5,693.0,39.8,0.6794,0.6779,0.4882,-0.0,1.782,-8.04,5.148,13.189,2.3409,0.2964,2.6242,0.6,1.368,明显上升,3.4459,3.0086,近两年续升,0.875,1,5,6,7,12,4,4,1,-1,15,7,4,1,5,15,7,2,2,6
上海市市八初级中学,公办,1,1,0,0,5,711.1892,716.8,0.5882,0.7059,0.0834,1.561,37,10,758.5,689.0,708.8611,714.25,0.7059,0.7647,0.4975,5.407,36,10,750.0,689.5,694.1143,697.1667,0.0588,0.1176,-1.4123,-10.75,35,9,724.0,677.5,692.6167,696.3889,0.0,0.0,-2.3134,-7.217,30,9,731.5,663.0,717.38,721.05,0.5625,0.5,0.1541,0.416,25,10,762.0,673.5,32.6,0.3831,0.4176,-0.5981,-0.0,-2.117,1.561,0.416,-1.145,-1.4913,5.5827,-0.9758,-0.5,-0.469,平稳,-0.3863,7.6324,已反转,0.2812,15,11,10,12,13,13,11,15,1,8,6,17,17,8,6,5,16,17,9
上海市市南中学,公办,1,1,0,0,5,713.5132,713.3333,0.6471,0.5294,0.3224,3.885,38,9,739.0,688.0,701.7159,700.3333,0.3529,0.1176,-0.4037,-1.739,44,9,719.0,686.5,698.6667,700.2778,0.3529,0.2941,-0.7035,-6.197,30,9,722.0,676.0,694.6806,698.05,0.125,0.125,-1.5813,-5.153,36,10,756.5,657.5,709.3421,715.85,0.125,0.25,-1.1284,-7.622,38,10,761.5,680.5,37.2,0.3206,0.2632,-0.6989,0.0,-3.365,3.885,-7.622,-11.507,-2.6428,-0.7125,-2.7649,-0.9,-1.021,明显下降,-1.5377,-2.4694,近两年续降,0.125,16,13,15,14,4,15,15,16,-2,7,12,12,15,15,9,16,13,15,13
上海市敬业初级中学,公办,1,1,0,0,5,707.75,707.3333,0.3529,0.2353,-0.2702,-1.879,32,9,754.5,689.5,699.6875,701.0,0.1765,0.1765,-0.6595,-3.767,40,9,726.5,683.0,703.6395,702.1667,0.4706,0.4118,0.0707,-1.224,43,9,731.5,665.0,701.4405,705.55,0.875,0.8125,0.8163,1.607,42,10,743.5,671.5,715.7436,715.8,0.375,0.1875,-0.107,-1.221,39,10,732.0,690.5,39.2,0.45,0.3647,-0.0299,0.0,-1.297,-1.879,-1.221,0.658,0.669,0.0018,0.3497,0.8,0.566,平稳,1.774,-2.8278,方向未变,0.625,6,8,12,8,9,8,8,7,-4,12,15,10,3,11,14,15,11,4,14
上海市格致初级中学,公办,1,1,0,0,5,716.8983,714.45,0.7647,0.6471,0.6704,7.27,118,10,749.0,673.5,713.6481,714.5,0.8235,0.8235,1.1013,10.194,108,9,735.5,685.0,710.125,709.5556,0.8824,0.7647,1.0805,5.261,92,9,738.0,676.0,701.1008,701.3333,0.75,0.375,0.6959,1.268,119,9,741.0,656.5,718.9701,723.1,0.6875,0.5625,0.4078,2.006,117,10,765.0,693.0,110.8,0.7816,0.6346,0.7912,0.0,5.2,7.27,2.006,-5.264,-1.9454,-1.6277,-1.6616,-0.8,-0.687,平稳,-0.8404,0.7383,已反转,0.7188,4,4,7,4,2,5,5,5,-3,5,4,3,5,6,7,4,5,11,8
上海市清华中学,公办,1,1,0,0,5,695.2333,700.7778,0.0588,0.0588,-1.5571,-14.395,15,9,743.0,673.5,700.8667,709.15,0.2353,0.5294,-0.5108,-2.588,15,10,751.5,670.0,690.8929,695.9444,0.0,0.0588,-1.9138,-13.971,14,9,742.0,658.5,700.4231,698.1667,0.625,0.1875,0.4555,0.59,13,9,749.5,661.5,701.5,700.45,0.0,0.0,-2.3797,-15.464,14,10,739.0,672.5,14.2,0.1838,0.1669,-1.1812,-0.0,-9.166,-14.395,-15.464,-1.069,0.1039,-0.7466,-1.2748,-0.1,0.296,平稳,1.209,-16.054,方向未变,0.3125,13,16,16,16,14,16,16,14,0,17,14,18,7,17,17,9,17,14,17
上海市第十中学,公办,1,1,0,0,5,710.4545,713.4444,0.5294,0.5882,0.0079,0.826,55,9,740.0,693.0,703.569,704.7778,0.5294,0.2941,-0.17,0.114,58,9,731.0,685.5,697.7857,695.375,0.2353,0.0,-0.8407,-7.078,56,8,720.5,659.0,699.8333,703.8333,0.5,0.625,0.2463,0.0,60,9,739.5,671.0,714.8519,720.2,0.3125,0.4375,-0.2493,-2.112,54,10,759.0,691.5,56.6,0.4213,0.389,-0.2011,0.0,-1.65,0.826,-2.112,-2.938,-0.5991,2.4829,-0.9204,-0.7,-0.041,平稳,0.5059,-2.1124,近两年续降,0.4062,11,9,11,10,5,9,10,12,-2,9,9,14,9,12,8,13,18,7,10
上海市金陵中学,公办,1,1,0,0,5,696.5781,703.3,0.1176,0.1176,-1.4188,-13.05,32,10,773.0,663.5,687.5,687.5,0.0,0.0,-2.1967,-15.954,24,8,706.5,660.5,703.5333,704.75,0.4118,0.4706,0.0542,-1.331,15,10,752.0,671.0,699.6,706.1667,0.375,0.875,0.1635,-0.233,15,9,735.5,676.5,716.9643,719.8889,0.5,0.3125,0.0878,0.0,14,9,760.0,690.5,20.0,0.2809,0.3551,-0.662,0.0,-6.114,-13.05,0.0,13.05,4.1822,0.6653,3.9396,0.9,2.25,明显上升,5.2872,0.2333,近两年续升,0.4375,10,14,13,13,6,11,9,9,1,16,18,11,11,9,16,18,10,3,12
上海市黄浦区教育学院附属中山学校,公办,1,1,0,0,5,724.0455,724.0556,0.9412,0.8235,1.4053,14.417,44,9,745.5,679.0,703.1735,706.6,0.4118,0.4706,-0.2198,-0.281,49,10,746.5,674.0,708.0375,713.4,0.7647,0.8824,0.7555,3.174,40,10,747.0,679.5,700.3864,703.3333,0.5625,0.5,0.4425,0.553,44,9,735.5,667.0,717.7545,725.55,0.625,0.75,0.2139,0.79,55,10,750.5,693.0,46.4,0.661,0.6853,0.5195,-0.0,3.731,14.417,0.79,-13.627,-2.6419,-1.1917,-2.5654,-0.3,-1.021,明显下降,-1.5369,0.2372,已反转,0.5938,7,6,4,6,16,6,7,6,2,2,11,5,8,7,4,10,3,9,5
上海市黄浦学校,公办,0,1,1,0,3,708.0,708.3889,0.4118,0.3529,-0.2445,-1.629,24,9,739.5,676.5,703.34,706.4444,0.4706,0.4118,-0.1988,-0.114,25,9,754.5,671.0,711.1,708.1111,0.9412,0.5294,1.2323,6.236,20,9,745.5,668.5,,,,,,,,,,,,,,,,,,,,,,,,,,,,,,,,,,,,,,,,,,,,,,,,,11,10,2,,,12,11,9,,
上海理工大学附属储能中学,公办,1,1,0,0,5,706.4211,707.5556,0.2353,0.2941,-0.4068,-3.208,19,9,741.5,686.0,692.4167,697.2222,0.0588,0.0588,-1.5765,-11.038,24,9,753.5,664.5,698.1818,700.0,0.2941,0.2353,-0.779,-6.682,22,10,732.0,678.5,693.06,697.0,0.0625,0.0625,-2.1561,-6.773,25,10,745.0,664.0,706.5435,712.3,0.0625,0.0625,-1.575,-10.421,23,10,752.0,675.5,22.6,0.1426,0.1426,-1.2987,-0.0,-7.624,-3.208,-10.421,-7.213,-1.0162,-1.8694,-1.2829,-0.4,-0.241,平稳,0.0888,-3.6475,近两年续降,0.0625,17,17,17,17,15,17,17,17,0,14,17,13,16,16,13,17,14,16,16
上海音乐学院附属黄浦比乐中学,公办,1,1,0,0,5,692.7576,696.3889,0.0,0.0,-1.8117,-16.871,66,9,729.5,667.0,698.1961,705.45,0.1176,0.3529,-0.8476,-5.258,51,10,746.0,675.0,695.4875,701.4,0.1176,0.3529,-1.1985,-9.376,40,10,745.0,663.5,701.8125,703.4444,0.9375,0.5625,0.9483,1.979,32,9,737.0,674.5,712.1447,714.5,0.1875,0.125,-0.6812,-4.82,38,10,761.0,694.0,45.4,0.2721,0.2787,-0.7181,0.0,-6.869,-16.871,-4.82,12.051,3.134,2.2784,2.3177,0.8,1.748,明显上升,4.2391,-6.7987,方向未变,0.5625,8,15,14,15,8,12,12,10,1,18,16,16,2,14,18,12,12,8,15
