junior_high_school,rank_P_wq,P_wq,P_eq,Z_avg,SEN,trend_class,rank_P_2y,P_2y,shift_2y,reversed_2y,P_2022,P_2023,P_2024,P_2025,P_2026,rank_P_2022,rank_P_2023,rank_P_2024,rank_P_2025,rank_P_2026,quota_2022,quota_2023,quota_2024,quota_2025,quota_2026
上海市卢湾中学,1,0.8632,1.0,1.2777,-3.7492,明显下降,,,,,1.0,0.9412,1.0,0.4375,0.9375,1,2,1,10,2,64,67,53,55,59
上海市大同初级中学,2,0.8309,0.7419,1.013,-2.3339,平稳,,,,,0.8235,1.0,0.7059,0.8125,0.8125,4,1,6,4,4,83,83,72,78,84
上海外国语大学附属大境初级中学,3,0.7846,0.7838,0.8686,-0.7255,平稳,,,,,0.7059,0.8824,0.6471,0.6875,1.0,6,3,7,6,1,49,53,77,70,65
上海市格致初级中学,4,0.7816,0.6346,0.7912,-1.9454,平稳,,,,,0.7647,0.8235,0.8824,0.75,0.6875,5,4,3,5,6,118,108,92,119,117
上海市尚文中学,5,0.6794,0.6779,0.4882,2.3409,明显上升,,,,,0.1765,0.6471,0.8235,1.0,0.75,15,7,4,1,5,51,40,31,37,40
上海市黄浦区教育学院附属中山学校,6,0.661,0.6853,0.5195,-2.6419,明显下降,,,,,0.9412,0.4118,0.7647,0.5625,0.625,2,11,5,8,7,44,49,40,44,55
上海市向明初级中学,7,0.6596,0.6846,0.708,-1.9247,平稳,,,,,0.8824,0.7647,0.5882,0.1875,0.875,3,5,8,14,3,103,93,86,86,91
上海市敬业初级中学,8,0.45,0.3647,-0.0299,0.669,平稳,,,,,0.3529,0.1765,0.4706,0.875,0.375,12,15,10,3,11,32,40,43,42,39
上海市第十中学,9,0.4213,0.389,-0.2011,-0.5991,平稳,,,,,0.5294,0.5294,0.2353,0.5,0.3125,9,9,14,9,12,55,58,56,60,54
上海市光明初级中学,10,0.3949,0.5037,-0.0539,-0.279,平稳,,,,,0.2941,0.5882,0.5294,0.3125,0.25,13,8,9,12,13,19,21,17,26,31
上海市市八初级中学,11,0.3831,0.4176,-0.5981,-1.4913,平稳,,,,,0.5882,0.7059,0.0588,0.0,0.5625,8,6,17,17,8,37,36,35,30,25
上海交通大学附属黄浦实验中学,12,0.3257,0.4515,-0.3821,0.2028,平稳,,,,,0.4706,0.2941,0.1765,0.25,0.4375,10,13,15,13,10,38,55,43,41,58
上海市市南中学,13,0.3206,0.2632,-0.6989,-2.6428,明显下降,,,,,0.6471,0.3529,0.3529,0.125,0.125,7,12,12,15,15,38,44,30,36,38
上海市金陵中学,14,0.2809,0.3551,-0.662,4.1822,明显上升,,,,,0.1176,0.0,0.4118,0.375,0.5,16,18,11,11,9,32,24,15,15,14
上海音乐学院附属黄浦比乐中学,15,0.2721,0.2787,-0.7181,3.134,明显上升,,,,,0.0,0.1176,0.1176,0.9375,0.1875,18,16,16,2,14,66,51,40,32,38
上海市清华中学,16,0.1838,0.1669,-1.1812,0.1039,平稳,,,,,0.0588,0.2353,0.0,0.625,0.0,17,14,18,7,17,15,15,14,13,14
上海理工大学附属储能中学,17,0.1426,0.1426,-1.2987,-1.0162,平稳,,,,,0.2353,0.0588,0.2941,0.0625,0.0625,14,17,13,16,16,19,24,22,25,23
