junior_high_school,n_years,rel_first,rel_last,delta_rel,rel_avg,SEN,sen_z,trend_class,sen_recent3,sen_ex2024,spearman,structural_break_2024,rel_2022,rel_2023,rel_2024,rel_2025,rel_2026
上海市卢湾中学,5,19.731,7.705,-12.026,9.593,-3.7492,-1.551,明显下降,0.294,-2.9123,-0.7,0,19.731,13.426,7.117,-0.015,7.705
上海市大同初级中学,5,10.793,5.411,-5.382,6.929,-2.3339,-0.873,平稳,1.297,-1.8954,-0.6,1,10.793,14.1,2.817,1.526,5.411
上海外国语大学附属大境初级中学,5,6.208,7.974,1.766,5.801,-0.7255,-0.102,平稳,2.6138,-0.0926,-0.2,0,6.208,11.432,2.747,0.645,7.974
上海市格致初级中学,5,7.27,2.006,-5.264,5.2,-1.9454,-0.687,平稳,-1.6277,-1.6616,-0.8,0,7.27,10.194,5.261,1.268,2.006
上海市尚文中学,5,-8.04,5.148,13.189,1.782,2.3409,1.368,明显上升,0.2964,2.6242,0.6,0,-8.04,5.108,4.555,2.14,5.148
上海市黄浦区教育学院附属中山学校,5,14.417,0.79,-13.627,3.731,-2.6419,-1.021,明显下降,-1.1917,-2.5654,-0.3,0,14.417,-0.281,3.174,0.553,0.79
上海市向明初级中学,5,11.687,6.657,-5.03,5.507,-1.9247,-0.677,平稳,2.0451,-1.23,-0.7,0,11.687,7.906,2.566,-1.281,6.657
上海市敬业初级中学,5,-1.879,-1.221,0.658,-1.297,0.669,0.566,平稳,0.0018,0.3497,0.8,0,-1.879,-3.767,-1.224,1.607,-1.221
上海市第十中学,5,0.826,-2.112,-2.938,-1.65,-0.5991,-0.041,平稳,2.4829,-0.9204,-0.7,0,0.826,0.114,-7.078,0.0,-2.112
上海市光明初级中学,5,-2.997,-3.077,-0.08,-0.716,-0.279,0.112,平稳,-2.1508,-0.3241,-0.4,0,-2.997,1.95,1.224,-0.679,-3.077
上海市市八初级中学,5,1.561,0.416,-1.145,-2.117,-1.4913,-0.469,平稳,5.5827,-0.9758,-0.5,0,1.561,5.407,-10.75,-7.217,0.416
上海交通大学附属黄浦实验中学,5,-0.826,-0.723,0.103,-2.839,0.2028,0.343,平稳,4.2914,-0.0653,0.6,0,-0.826,-2.582,-9.306,-0.76,-0.723
上海市市南中学,5,3.885,-7.622,-11.507,-3.365,-2.6428,-1.021,明显下降,-0.7125,-2.7649,-0.9,0,3.885,-1.739,-6.197,-5.153,-7.622
上海市金陵中学,5,-13.05,0.0,13.05,-6.114,4.1822,2.25,明显上升,0.6653,3.9396,0.9,0,-13.05,-15.954,-1.331,-0.233,0.0
上海音乐学院附属黄浦比乐中学,5,-16.871,-4.82,12.051,-6.869,3.134,1.748,明显上升,2.2784,2.3177,0.8,0,-16.871,-5.258,-9.376,1.979,-4.82
上海市清华中学,5,-14.395,-15.464,-1.069,-9.166,0.1039,0.296,平稳,-0.7466,-1.2748,-0.1,0,-14.395,-2.588,-13.971,0.59,-15.464
上海理工大学附属储能中学,5,-3.208,-10.421,-7.213,-7.624,-1.0162,-0.241,平稳,-1.8694,-1.2829,-0.4,0,-3.208,-11.038,-6.682,-6.773,-10.421
