junior_high_school,junior_high_school_former_names,junior_high_school_code,district,ownership,ownership_basis,plan_years,score_years,years_included,quota_total_2022,quota_total_2023_2026,plan_quarter_lines
上海外国语大学嘉定外国语学校,,,嘉定区,公办,嘉定区教育局官网「学校查询」页核实业办性质,2022;2023;2024;2025;2026,2022;2023;2024;2025;2026,5,18,79,142001;142002;142004
上海大学附属嘉定留云中学,,,嘉定区,公办,嘉定区教育局官网「学校查询」页核实业办性质,2022;2023;2024;2025;2026,2022;2023;2024;2025;2026,5,8,53,142001;142002;142004
上海市嘉定区丰庄中学,,,嘉定区,公办,嘉定区教育局官网「学校查询」页核实业办性质,2022;2023;2024;2025;2026,2022;2023;2024;2025;2026,5,11,58,142001;142002;142004
上海市嘉定区华亭学校,,,嘉定区,公办,嘉定区教育局官网「学校查询」页核实业办性质,2022;2023;2024;2025;2026,2022;2023;2024;2025;2026,5,2,11,142001;142002;142004
上海市嘉定区华江中学,,,嘉定区,公办,嘉定区教育局官网「学校查询」页核实业办性质,2022;2023;2024;2025;2026,2022;2023;2024;2025;2026,5,7,52,142001;142002;142004
上海市嘉定区南翔中学,,,嘉定区,公办,嘉定区教育局官网「学校查询」页核实业办性质,2022;2023;2024;2025;2026,2022;2023;2024;2025;2026,5,13,64,142001;142002;142004
上海市嘉定区南苑中学,,,嘉定区,公办,嘉定区教育局官网「学校查询」页核实业办性质,2022;2023;2024;2025;2026,2022;2023;2024;2025;2026,5,9,41,142001;142002;142004
上海市嘉定区启良中学,,,嘉定区,公办,嘉定区教育局官网「学校查询」页核实业办性质,2022;2023;2024;2025;2026,2022;2023;2024;2025;2026,5,18,68,142001;142002;142004
上海市嘉定区嘉二实验学校,上海市嘉定区杨柳初级中学,,嘉定区,公办,嘉定区教育局官网「学校查询·一贯制」页：办学性质=公办，创建日期 2022.02；前身为 1959 年创建的杨柳初级中学,2022;2023;2024;2025;2026,2022;2023;2024;2025;2026,5,11,52,142001;142002;142004
上海市嘉定区外冈中学,,,嘉定区,公办,嘉定区教育局官网「学校查询」页核实业办性质,2022;2023;2024;2025;2026,2022;2023;2024;2025;2026,5,7,33,142001;142002;142004
上海市嘉定区娄塘学校,,,嘉定区,公办,嘉定区教育局官网「学校查询」页核实业办性质,2022;2023;2024;2025;2026,2022;2023;2024;2025;2026,5,2,13,142001;142002;142004
上海市嘉定区徐行中学,,,嘉定区,公办,嘉定区教育局官网「学校查询」页核实业办性质,2022;2023;2024;2025;2026,2022;2023;2024;2025;2026,5,4,24,142001;142002;142004
上海市嘉定区戬浜学校,,,嘉定区,公办,嘉定区教育局官网「学校查询」页核实业办性质,2022;2023;2024;2025;2026,2022;2023;2024;2025;2026,5,3,11,142001;142002;142004
上海市嘉定区方泰中学,,,嘉定区,公办,嘉定区教育局官网「学校查询」页核实业办性质,2022;2023;2024;2025;2026,2022;2023;2024;2025;2026,5,5,19,142001;142002;142004
上海市嘉定区朱桥学校,,,嘉定区,公办,嘉定区教育局官网「学校查询」页核实业办性质,2022;2023;2024;2025;2026,2022;2023;2024;2025;2026,5,5,21,142001;142002;142004
上海市嘉定区疁城实验学校,,,嘉定区,公办,嘉定区教育局官网「学校查询」页核实业办性质,2022;2023;2024;2025;2026,2022;2023;2024;2025;2026,5,25,99,142001;142002;142004
上海市嘉定区练川实验学校,,,嘉定区,公办,嘉定区教育局官网「学校查询」页核实业办性质,2022;2023;2024;2025;2026,2022;2023;2024;2025;2026,5,13,54,142001;142002;142004
上海市嘉定区苏民学校,,,嘉定区,公办,嘉定区教育局官网「学校查询」页核实业办性质,2022;2023;2024;2025;2026,2022;2023;2024;2025;2026,5,12,66,142001;142002;142004
上海市嘉定区迎园中学,,,嘉定区,公办,嘉定区教育局官网「学校查询」页核实业办性质,2022;2023;2024;2025;2026,2022;2023;2024;2025;2026,5,31,113,142001;142002;142004
上海市嘉定区金鹤学校,,,嘉定区,公办,嘉定区教育局官网「学校查询」页核实业办性质,2022;2023;2024;2025;2026,2022;2023;2024;2025;2026,5,11,62,142001;142002;142004
上海市嘉定区震川中学,,,嘉定区,公办,嘉定区教育局官网「学校查询」页核实业办性质,2022;2023;2024;2025;2026,2022;2023;2024;2025;2026,5,22,124,142001;142002;142004
上海市嘉定区马陆育才联合中学,,,嘉定区,公办,嘉定区教育局官网「学校查询」页核实业办性质,2022;2023;2024;2025;2026,2022;2023;2024;2025;2026,5,8,36,142001;142002;142004
上海市嘉定区黄渡中学,,,嘉定区,公办,嘉定区教育局官网「学校查询」页核实业办性质,2022;2023;2024;2025;2026,2022;2023;2024;2025;2026,5,11,58,142001;142002;142004
上海市曹杨二中附属江桥实验中学,,,嘉定区,公办,嘉定区教育局官网「学校查询」页核实业办性质,2022;2023;2024;2025;2026,2022;2023;2024;2025;2026,5,20,85,142001;142002;142004
中科院上海实验学校,,,嘉定区,公办,嘉定区教育局官网「学校查询」页核实业办性质,2022;2023;2024;2025;2026,2022;2023;2024;2025;2026,5,18,91,142001;142002;142004
交大附中附属嘉定德富中学,上海市嘉定区德富路中学,,嘉定区,公办,嘉定区教育局官网「学校查询·初中」页：办学性质=公办；前身为 2015 年成立的德富路中学，2022-02-21 更名,2022;2023;2024;2025;2026,2022;2023;2024;2025;2026,5,20,81,142001;142002;142004
同济大学附属实验中学,,,嘉定区,公办,嘉定区教育局官网「学校查询」页核实业办性质,2022;2023;2024;2025;2026,2022;2023;2024;2025;2026,5,12,62,142001;142002;142004
上海市嘉定区新城实验中学,,,嘉定区,公办,嘉定区教育局官网「学校查询」页核实业办性质,2023;2024;2025;2026,2023;2024;2025;2026,4,0,64,142001;142002;142004
上海华旭双语学校,,,嘉定区,民办,嘉定区教育局官网「学校查询·一贯制」页：办学性质=民办学校，创建日期 2015.9。原判依据为名称含「双语」，本次由官方名录页确认；注意其为 2015 年老校，2024 年系首次获得名额到校资格，非新办,2024;2025;2026,2024;2025;2026,3,0,11,142001;142002;142004
上海嘉定区世外学校,上海嘉定区世界外国语学校,,嘉定区,民办,学校官网 shwfl.edu.cn「原为上海嘉定区世界外国语学校，是一所民办九年一贯制学校」；百度百科同表述。原判因名称不含「民办」二字而误标公办，本次修正,2024;2025;2026,2024;2025;2026,3,0,28,142001;142002;142004
上海嘉定区民办华盛怀少学校,,,嘉定区,民办,名称含「民办」；前身为 1941 年创办的怀少教育院，亦系老校首次获得名额资格,2024;2025;2026,2024;2025;2026,3,0,45,142001;142002;142004
上海市民办桃李园实验学校,,,嘉定区,民办,嘉定区教育局官网「学校查询」页核实业办性质,2024;2025;2026,2024;2025;2026,3,0,85,142001;142002;142004
上海市民办远东学校,,,嘉定区,民办,嘉定区教育局官网「学校查询」页核实业办性质,2024;2025;2026,2024;2025;2026,3,0,33,142001;142002;142004
上海民办华曜嘉定初级中学,,,嘉定区,民办,嘉定区教育局官网「学校查询」页核实业办性质,2024;2025;2026,2024;2025;2026,3,0,50,142001;142002;142004
上海市民办嘉一联合中学,,,嘉定区,民办,嘉定区教育局官网「学校查询」页核实业办性质,2024;2025,2024;2025,2,0,43,142001;142002;142004
上海师范大学附属第五嘉定实验学校,,,嘉定区,公办,上海师大基建处官网 jjc.shnu.edu.cn：公办九年一贯制，2021-09 开学,2025;2026,2025;2026,2,0,15,142001;142002;142004
交大附中附属嘉定洪德中学,,,嘉定区,公办,嘉定区教育局官网「学校查询·初中」页：办学性质=公办，2021-09 建成启用,2025;2026,2025;2026,2,0,28,142001;142002;142004
同济大学附属嘉定实验中学,,,嘉定区,公办,嘉定区教育局官网「学校查询·初中」页：办学性质=公办，2021-07 创办,2025;2026,2025;2026,2,0,15,142001;142002;142004
上海市嘉定区嘉一实验初级中学,,,嘉定区,公办,嘉定区教育局官网 + 2026 招生简章：四年制公办初级中学，2022-08 创办,2026,2026,1,0,13,142001;142002;142004
上海市民办嘉宜初级中学,,,嘉定区,民办,嘉定区教育局官网「学校查询」页核实业办性质,2026,2026,1,0,22,142001;142002;142004
