year,junior_high_school,senior_high_school_code,senior_high_school,senior_high_school_tier,quota,source_doc,source_page
2023,上海市嘉定区启良中学,142001,上海市嘉定区第一中学,区属,10,【嘉定】【2023】名额到校计划.html,1
2023,上海市嘉定区启良中学,142002,上海交通大学附属中学嘉定分校,区属,10,【嘉定】【2023】名额到校计划.html,1
2023,上海市嘉定区方泰中学,142001,上海市嘉定区第一中学,区属,2,【嘉定】【2023】名额到校计划.html,1
2023,上海市嘉定区方泰中学,142002,上海交通大学附属中学嘉定分校,区属,2,【嘉定】【2023】名额到校计划.html,1
2023,上海市曹杨二中附属江桥实验中学,142001,上海市嘉定区第一中学,区属,11,【嘉定】【2023】名额到校计划.html,1
2023,上海市曹杨二中附属江桥实验中学,142002,上海交通大学附属中学嘉定分校,区属,11,【嘉定】【2023】名额到校计划.html,1
2023,上海市嘉定区迎园中学,042032,上海市上海中学,委属,1,【嘉定】【2023】名额到校计划.html,1
2023,上海市嘉定区迎园中学,142001,上海市嘉定区第一中学,区属,14,【嘉定】【2023】名额到校计划.html,1
2023,上海市嘉定区迎园中学,142002,上海交通大学附属中学嘉定分校,区属,15,【嘉定】【2023】名额到校计划.html,1
2023,上海市嘉定区南苑中学,142001,上海市嘉定区第一中学,区属,5,【嘉定】【2023】名额到校计划.html,1
2023,上海市嘉定区南苑中学,142002,上海交通大学附属中学嘉定分校,区属,5,【嘉定】【2023】名额到校计划.html,1
2023,上海市嘉定区黄渡中学,142001,上海市嘉定区第一中学,区属,6,【嘉定】【2023】名额到校计划.html,1
2023,上海市嘉定区黄渡中学,142002,上海交通大学附属中学嘉定分校,区属,6,【嘉定】【2023】名额到校计划.html,1
2023,上海市嘉定区徐行中学,142001,上海市嘉定区第一中学,区属,3,【嘉定】【2023】名额到校计划.html,1
2023,上海市嘉定区徐行中学,142002,上海交通大学附属中学嘉定分校,区属,3,【嘉定】【2023】名额到校计划.html,1
2023,上海市嘉定区马陆育才联合中学,142001,上海市嘉定区第一中学,区属,3,【嘉定】【2023】名额到校计划.html,1
2023,上海市嘉定区马陆育才联合中学,142002,上海交通大学附属中学嘉定分校,区属,3,【嘉定】【2023】名额到校计划.html,1
2023,上海市嘉定区丰庄中学,102057,复旦大学附属中学,委属,1,【嘉定】【2023】名额到校计划.html,1
2023,上海市嘉定区丰庄中学,142001,上海市嘉定区第一中学,区属,5,【嘉定】【2023】名额到校计划.html,1
2023,上海市嘉定区丰庄中学,142002,上海交通大学附属中学嘉定分校,区属,6,【嘉定】【2023】名额到校计划.html,1
2023,上海市嘉定区外冈中学,142001,上海市嘉定区第一中学,区属,4,【嘉定】【2023】名额到校计划.html,1
2023,上海市嘉定区外冈中学,142002,上海交通大学附属中学嘉定分校,区属,4,【嘉定】【2023】名额到校计划.html,1
2023,上海市嘉定区震川中学,152006,上海师范大学附属中学,委属,1,【嘉定】【2023】名额到校计划.html,1
2023,上海市嘉定区震川中学,142001,上海市嘉定区第一中学,区属,13,【嘉定】【2023】名额到校计划.html,1
2023,上海市嘉定区震川中学,142002,上海交通大学附属中学嘉定分校,区属,14,【嘉定】【2023】名额到校计划.html,1
2023,上海大学附属嘉定留云中学,152003,华东师范大学第二附属中学,委属,1,【嘉定】【2023】名额到校计划.html,1
2023,上海大学附属嘉定留云中学,142001,上海市嘉定区第一中学,区属,3,【嘉定】【2023】名额到校计划.html,1
2023,上海大学附属嘉定留云中学,142002,上海交通大学附属中学嘉定分校,区属,4,【嘉定】【2023】名额到校计划.html,1
2023,交大附中附属嘉定德富中学,152003,华东师范大学第二附属中学,委属,1,【嘉定】【2023】名额到校计划.html,1
2023,交大附中附属嘉定德富中学,142001,上海市嘉定区第一中学,区属,10,【嘉定】【2023】名额到校计划.html,1
2023,交大附中附属嘉定德富中学,142002,上海交通大学附属中学嘉定分校,区属,9,【嘉定】【2023】名额到校计划.html,1
2023,同济大学附属实验中学,102057,复旦大学附属中学,委属,1,【嘉定】【2023】名额到校计划.html,1
2023,同济大学附属实验中学,142001,上海市嘉定区第一中学,区属,6,【嘉定】【2023】名额到校计划.html,1
2023,同济大学附属实验中学,142002,上海交通大学附属中学嘉定分校,区属,5,【嘉定】【2023】名额到校计划.html,1
2023,上海市嘉定区华江中学,142001,上海市嘉定区第一中学,区属,5,【嘉定】【2023】名额到校计划.html,1
2023,上海市嘉定区华江中学,142002,上海交通大学附属中学嘉定分校,区属,5,【嘉定】【2023】名额到校计划.html,1
2023,上海市嘉定区新城实验中学,142001,上海市嘉定区第一中学,区属,3,【嘉定】【2023】名额到校计划.html,1
2023,上海市嘉定区新城实验中学,142002,上海交通大学附属中学嘉定分校,区属,4,【嘉定】【2023】名额到校计划.html,1
2023,上海市嘉定区南翔中学,142001,上海市嘉定区第一中学,区属,7,【嘉定】【2023】名额到校计划.html,1
2023,上海市嘉定区南翔中学,142002,上海交通大学附属中学嘉定分校,区属,7,【嘉定】【2023】名额到校计划.html,1
2023,上海市嘉定区疁城实验学校,042032,上海市上海中学,委属,1,【嘉定】【2023】名额到校计划.html,1
2023,上海市嘉定区疁城实验学校,142001,上海市嘉定区第一中学,区属,13,【嘉定】【2023】名额到校计划.html,1
2023,上海市嘉定区疁城实验学校,142002,上海交通大学附属中学嘉定分校,区属,12,【嘉定】【2023】名额到校计划.html,1
2023,上海市嘉定区戬浜学校,142001,上海市嘉定区第一中学,区属,1,【嘉定】【2023】名额到校计划.html,1
2023,上海市嘉定区戬浜学校,142002,上海交通大学附属中学嘉定分校,区属,1,【嘉定】【2023】名额到校计划.html,1
2023,上海市嘉定区朱桥学校,142001,上海市嘉定区第一中学,区属,3,【嘉定】【2023】名额到校计划.html,1
2023,上海市嘉定区朱桥学校,142002,上海交通大学附属中学嘉定分校,区属,3,【嘉定】【2023】名额到校计划.html,1
2023,上海市嘉定区苏民学校,152003,华东师范大学第二附属中学,委属,1,【嘉定】【2023】名额到校计划.html,1
2023,上海市嘉定区苏民学校,142001,上海市嘉定区第一中学,区属,7,【嘉定】【2023】名额到校计划.html,1
2023,上海市嘉定区苏民学校,142002,上海交通大学附属中学嘉定分校,区属,6,【嘉定】【2023】名额到校计划.html,1
2023,上海市嘉定区华亭学校,142001,上海市嘉定区第一中学,区属,1,【嘉定】【2023】名额到校计划.html,1
2023,上海市嘉定区华亭学校,142002,上海交通大学附属中学嘉定分校,区属,1,【嘉定】【2023】名额到校计划.html,1
2023,上海市嘉定区娄塘学校,102056,上海交通大学附属中学,委属,1,【嘉定】【2023】名额到校计划.html,1
2023,上海市嘉定区娄塘学校,142001,上海市嘉定区第一中学,区属,1,【嘉定】【2023】名额到校计划.html,1
2023,上海市嘉定区娄塘学校,142002,上海交通大学附属中学嘉定分校,区属,1,【嘉定】【2023】名额到校计划.html,1
2023,上海外国语大学嘉定外国语学校,142001,上海市嘉定区第一中学,区属,10,【嘉定】【2023】名额到校计划.html,1
2023,上海外国语大学嘉定外国语学校,142002,上海交通大学附属中学嘉定分校,区属,10,【嘉定】【2023】名额到校计划.html,1
2023,上海市嘉定区练川实验学校,102056,上海交通大学附属中学,委属,1,【嘉定】【2023】名额到校计划.html,1
2023,上海市嘉定区练川实验学校,142001,上海市嘉定区第一中学,区属,7,【嘉定】【2023】名额到校计划.html,1
2023,上海市嘉定区练川实验学校,142002,上海交通大学附属中学嘉定分校,区属,6,【嘉定】【2023】名额到校计划.html,1
2023,中科院上海实验学校,142001,上海市嘉定区第一中学,区属,11,【嘉定】【2023】名额到校计划.html,1
2023,中科院上海实验学校,142002,上海交通大学附属中学嘉定分校,区属,11,【嘉定】【2023】名额到校计划.html,1
2023,上海市嘉定区金鹤学校,142001,上海市嘉定区第一中学,区属,7,【嘉定】【2023】名额到校计划.html,1
2023,上海市嘉定区金鹤学校,142002,上海交通大学附属中学嘉定分校,区属,7,【嘉定】【2023】名额到校计划.html,1
2023,上海市嘉定区嘉二实验学校,142001,上海市嘉定区第一中学,区属,5,【嘉定】【2023】名额到校计划.html,1
2023,上海市嘉定区嘉二实验学校,142002,上海交通大学附属中学嘉定分校,区属,5,【嘉定】【2023】名额到校计划.html,1
2024,上海市嘉定区启良中学,142001,上海市嘉定区第一中学,区属,7,【嘉定】【2024】名额到校计划.html,1
2024,上海市嘉定区启良中学,142002,上海交通大学附属中学嘉定分校,区属,9,【嘉定】【2024】名额到校计划.html,1
2024,上海市嘉定区方泰中学,142001,上海市嘉定区第一中学,区属,2,【嘉定】【2024】名额到校计划.html,1
2024,上海市嘉定区方泰中学,142002,上海交通大学附属中学嘉定分校,区属,2,【嘉定】【2024】名额到校计划.html,1
2024,上海市曹杨二中附属江桥实验中学,102057,复旦大学附属中学,委属,1,【嘉定】【2024】名额到校计划.html,1
2024,上海市曹杨二中附属江桥实验中学,142001,上海市嘉定区第一中学,区属,8,【嘉定】【2024】名额到校计划.html,1
2024,上海市曹杨二中附属江桥实验中学,142002,上海交通大学附属中学嘉定分校,区属,11,【嘉定】【2024】名额到校计划.html,1
2024,上海市嘉定区迎园中学,142001,上海市嘉定区第一中学,区属,12,【嘉定】【2024】名额到校计划.html,1
2024,上海市嘉定区迎园中学,142002,上海交通大学附属中学嘉定分校,区属,15,【嘉定】【2024】名额到校计划.html,1
2024,上海市嘉定区南苑中学,142001,上海市嘉定区第一中学,区属,4,【嘉定】【2024】名额到校计划.html,1
2024,上海市嘉定区南苑中学,142002,上海交通大学附属中学嘉定分校,区属,5,【嘉定】【2024】名额到校计划.html,1
2024,上海市嘉定区黄渡中学,142001,上海市嘉定区第一中学,区属,6,【嘉定】【2024】名额到校计划.html,1
2024,上海市嘉定区黄渡中学,142002,上海交通大学附属中学嘉定分校,区属,8,【嘉定】【2024】名额到校计划.html,1
2024,上海市嘉定区徐行中学,142001,上海市嘉定区第一中学,区属,2,【嘉定】【2024】名额到校计划.html,1
2024,上海市嘉定区徐行中学,142002,上海交通大学附属中学嘉定分校,区属,3,【嘉定】【2024】名额到校计划.html,1
2024,上海市嘉定区马陆育才联合中学,102057,复旦大学附属中学,委属,1,【嘉定】【2024】名额到校计划.html,1
2024,上海市嘉定区马陆育才联合中学,142001,上海市嘉定区第一中学,区属,4,【嘉定】【2024】名额到校计划.html,1
2024,上海市嘉定区马陆育才联合中学,142002,上海交通大学附属中学嘉定分校,区属,3,【嘉定】【2024】名额到校计划.html,1
2024,上海市民办嘉一联合中学,142001,上海市嘉定区第一中学,区属,9,【嘉定】【2024】名额到校计划.html,1
2024,上海市民办嘉一联合中学,142002,上海交通大学附属中学嘉定分校,区属,11,【嘉定】【2024】名额到校计划.html,1
2024,上海市嘉定区丰庄中学,152006,上海师范大学附属中学,委属,1,【嘉定】【2024】名额到校计划.html,1
2024,上海市嘉定区丰庄中学,142001,上海市嘉定区第一中学,区属,6,【嘉定】【2024】名额到校计划.html,1
2024,上海市嘉定区丰庄中学,142002,上海交通大学附属中学嘉定分校,区属,7,【嘉定】【2024】名额到校计划.html,1
2024,上海市嘉定区外冈中学,152003,华东师范大学第二附属中学,委属,1,【嘉定】【2024】名额到校计划.html,1
2024,上海市嘉定区外冈中学,142001,上海市嘉定区第一中学,区属,4,【嘉定】【2024】名额到校计划.html,1
2024,上海市嘉定区外冈中学,142002,上海交通大学附属中学嘉定分校,区属,3,【嘉定】【2024】名额到校计划.html,1
2024,上海民办华曜嘉定初级中学,142001,上海市嘉定区第一中学,区属,7,【嘉定】【2024】名额到校计划.html,1
2024,上海民办华曜嘉定初级中学,142002,上海交通大学附属中学嘉定分校,区属,8,【嘉定】【2024】名额到校计划.html,1
2024,上海市嘉定区震川中学,142001,上海市嘉定区第一中学,区属,14,【嘉定】【2024】名额到校计划.html,1
2024,上海市嘉定区震川中学,142002,上海交通大学附属中学嘉定分校,区属,16,【嘉定】【2024】名额到校计划.html,1
2024,上海大学附属嘉定留云中学,142001,上海市嘉定区第一中学,区属,3,【嘉定】【2024】名额到校计划.html,1
2024,上海大学附属嘉定留云中学,142002,上海交通大学附属中学嘉定分校,区属,3,【嘉定】【2024】名额到校计划.html,1
2024,交大附中附属嘉定德富中学,102056,上海交通大学附属中学,委属,1,【嘉定】【2024】名额到校计划.html,1
2024,交大附中附属嘉定德富中学,142001,上海市嘉定区第一中学,区属,8,【嘉定】【2024】名额到校计划.html,1
2024,交大附中附属嘉定德富中学,142002,上海交通大学附属中学嘉定分校,区属,11,【嘉定】【2024】名额到校计划.html,1
2024,同济大学附属实验中学,142001,上海市嘉定区第一中学,区属,6,【嘉定】【2024】名额到校计划.html,1
2024,同济大学附属实验中学,142002,上海交通大学附属中学嘉定分校,区属,7,【嘉定】【2024】名额到校计划.html,1
2024,上海市嘉定区华江中学,142001,上海市嘉定区第一中学,区属,5,【嘉定】【2024】名额到校计划.html,1
2024,上海市嘉定区华江中学,142002,上海交通大学附属中学嘉定分校,区属,6,【嘉定】【2024】名额到校计划.html,1
2024,上海市嘉定区新城实验中学,142001,上海市嘉定区第一中学,区属,7,【嘉定】【2024】名额到校计划.html,1
2024,上海市嘉定区新城实验中学,142002,上海交通大学附属中学嘉定分校,区属,8,【嘉定】【2024】名额到校计划.html,1
2024,上海市嘉定区南翔中学,142001,上海市嘉定区第一中学,区属,6,【嘉定】【2024】名额到校计划.html,1
2024,上海市嘉定区南翔中学,142002,上海交通大学附属中学嘉定分校,区属,7,【嘉定】【2024】名额到校计划.html,1
2024,上海市嘉定区疁城实验学校,142001,上海市嘉定区第一中学,区属,11,【嘉定】【2024】名额到校计划.html,1
2024,上海市嘉定区疁城实验学校,142002,上海交通大学附属中学嘉定分校,区属,13,【嘉定】【2024】名额到校计划.html,1
2024,上海市嘉定区戬浜学校,142001,上海市嘉定区第一中学,区属,1,【嘉定】【2024】名额到校计划.html,1
2024,上海市嘉定区戬浜学校,142002,上海交通大学附属中学嘉定分校,区属,1,【嘉定】【2024】名额到校计划.html,1
2024,上海市嘉定区朱桥学校,142001,上海市嘉定区第一中学,区属,2,【嘉定】【2024】名额到校计划.html,1
2024,上海市嘉定区朱桥学校,142002,上海交通大学附属中学嘉定分校,区属,3,【嘉定】【2024】名额到校计划.html,1
2024,上海市嘉定区苏民学校,142001,上海市嘉定区第一中学,区属,7,【嘉定】【2024】名额到校计划.html,1
2024,上海市嘉定区苏民学校,142002,上海交通大学附属中学嘉定分校,区属,9,【嘉定】【2024】名额到校计划.html,1
2024,上海市民办远东学校,142001,上海市嘉定区第一中学,区属,5,【嘉定】【2024】名额到校计划.html,1
2024,上海市民办远东学校,142002,上海交通大学附属中学嘉定分校,区属,6,【嘉定】【2024】名额到校计划.html,1
2024,上海市民办桃李园实验学校,142001,上海市嘉定区第一中学,区属,13,【嘉定】【2024】名额到校计划.html,1
2024,上海市民办桃李园实验学校,142002,上海交通大学附属中学嘉定分校,区属,15,【嘉定】【2024】名额到校计划.html,1
2024,上海市嘉定区华亭学校,142001,上海市嘉定区第一中学,区属,1,【嘉定】【2024】名额到校计划.html,1
2024,上海市嘉定区华亭学校,142002,上海交通大学附属中学嘉定分校,区属,1,【嘉定】【2024】名额到校计划.html,1
2024,上海市嘉定区娄塘学校,142001,上海市嘉定区第一中学,区属,1,【嘉定】【2024】名额到校计划.html,1
2024,上海市嘉定区娄塘学校,142002,上海交通大学附属中学嘉定分校,区属,2,【嘉定】【2024】名额到校计划.html,1
2024,上海外国语大学嘉定外国语学校,102056,上海交通大学附属中学,委属,1,【嘉定】【2024】名额到校计划.html,1
2024,上海外国语大学嘉定外国语学校,142001,上海市嘉定区第一中学,区属,9,【嘉定】【2024】名额到校计划.html,1
2024,上海外国语大学嘉定外国语学校,142002,上海交通大学附属中学嘉定分校,区属,9,【嘉定】【2024】名额到校计划.html,1
2024,上海市嘉定区练川实验学校,142001,上海市嘉定区第一中学,区属,6,【嘉定】【2024】名额到校计划.html,1
2024,上海市嘉定区练川实验学校,142002,上海交通大学附属中学嘉定分校,区属,7,【嘉定】【2024】名额到校计划.html,1
2024,上海华旭双语学校,042032,上海市上海中学,委属,1,【嘉定】【2024】名额到校计划.html,1
2024,上海华旭双语学校,142001,上海市嘉定区第一中学,区属,2,【嘉定】【2024】名额到校计划.html,1
2024,上海华旭双语学校,142002,上海交通大学附属中学嘉定分校,区属,1,【嘉定】【2024】名额到校计划.html,1
2024,中科院上海实验学校,152003,华东师范大学第二附属中学,委属,1,【嘉定】【2024】名额到校计划.html,1
2024,中科院上海实验学校,142001,上海市嘉定区第一中学,区属,8,【嘉定】【2024】名额到校计划.html,1
2024,中科院上海实验学校,142002,上海交通大学附属中学嘉定分校,区属,11,【嘉定】【2024】名额到校计划.html,1
2024,上海嘉定区世界外国语学校,152003,华东师范大学第二附属中学,委属,1,【嘉定】【2024】名额到校计划.html,1
2024,上海嘉定区世界外国语学校,142001,上海市嘉定区第一中学,区属,3,【嘉定】【2024】名额到校计划.html,1
2024,上海嘉定区世界外国语学校,142002,上海交通大学附属中学嘉定分校,区属,5,【嘉定】【2024】名额到校计划.html,1
2024,上海市嘉定区金鹤学校,142001,上海市嘉定区第一中学,区属,6,【嘉定】【2024】名额到校计划.html,1
2024,上海市嘉定区金鹤学校,142002,上海交通大学附属中学嘉定分校,区属,7,【嘉定】【2024】名额到校计划.html,1
2024,上海市嘉定区嘉二实验学校,042032,上海市上海中学,委属,1,【嘉定】【2024】名额到校计划.html,1
2024,上海市嘉定区嘉二实验学校,142001,上海市嘉定区第一中学,区属,4,【嘉定】【2024】名额到校计划.html,1
2024,上海市嘉定区嘉二实验学校,142002,上海交通大学附属中学嘉定分校,区属,6,【嘉定】【2024】名额到校计划.html,1
2024,上海嘉定区民办华盛怀少学校,142001,上海市嘉定区第一中学,区属,6,【嘉定】【2024】名额到校计划.html,1
2024,上海嘉定区民办华盛怀少学校,142002,上海交通大学附属中学嘉定分校,区属,7,【嘉定】【2024】名额到校计划.html,1
2025,上海市嘉定区启良中学,142001,上海市嘉定区第一中学,区属,6,【嘉定】【2025】名额到校计划.pdf,1
2025,上海市嘉定区启良中学,142002,上海交通大学附属中学嘉定分校,区属,7,【嘉定】【2025】名额到校计划.pdf,1
2025,上海市嘉定区启良中学,142004,上海师范大学附属中学嘉定新城分校,区属,2,【嘉定】【2025】名额到校计划.pdf,1
2025,上海市嘉定区方泰中学,152003,华东师范大学第二附属中学,委属,1,【嘉定】【2025】名额到校计划.pdf,1
2025,上海市嘉定区方泰中学,142001,上海市嘉定区第一中学,区属,1,【嘉定】【2025】名额到校计划.pdf,1
2025,上海市嘉定区方泰中学,142002,上海交通大学附属中学嘉定分校,区属,2,【嘉定】【2025】名额到校计划.pdf,1
2025,上海市嘉定区方泰中学,142004,上海师范大学附属中学嘉定新城分校,区属,1,【嘉定】【2025】名额到校计划.pdf,1
2025,上海市曹杨二中附属江桥实验中学,142001,上海市嘉定区第一中学,区属,8,【嘉定】【2025】名额到校计划.pdf,1
2025,上海市曹杨二中附属江桥实验中学,142002,上海交通大学附属中学嘉定分校,区属,10,【嘉定】【2025】名额到校计划.pdf,1
2025,上海市曹杨二中附属江桥实验中学,142004,上海师范大学附属中学嘉定新城分校,区属,3,【嘉定】【2025】名额到校计划.pdf,1
2025,上海市嘉定区迎园中学,142001,上海市嘉定区第一中学,区属,11,【嘉定】【2025】名额到校计划.pdf,1
2025,上海市嘉定区迎园中学,142002,上海交通大学附属中学嘉定分校,区属,13,【嘉定】【2025】名额到校计划.pdf,1
2025,上海市嘉定区迎园中学,142004,上海师范大学附属中学嘉定新城分校,区属,4,【嘉定】【2025】名额到校计划.pdf,1
2025,上海市嘉定区南苑中学,142001,上海市嘉定区第一中学,区属,4,【嘉定】【2025】名额到校计划.pdf,1
2025,上海市嘉定区南苑中学,142002,上海交通大学附属中学嘉定分校,区属,5,【嘉定】【2025】名额到校计划.pdf,1
2025,上海市嘉定区南苑中学,142004,上海师范大学附属中学嘉定新城分校,区属,1,【嘉定】【2025】名额到校计划.pdf,1
2025,上海市嘉定区黄渡中学,152003,华东师范大学第二附属中学,委属,1,【嘉定】【2025】名额到校计划.pdf,1
2025,上海市嘉定区黄渡中学,142001,上海市嘉定区第一中学,区属,6,【嘉定】【2025】名额到校计划.pdf,1
2025,上海市嘉定区黄渡中学,142002,上海交通大学附属中学嘉定分校,区属,6,【嘉定】【2025】名额到校计划.pdf,1
2025,上海市嘉定区黄渡中学,142004,上海师范大学附属中学嘉定新城分校,区属,2,【嘉定】【2025】名额到校计划.pdf,1
2025,上海市嘉定区徐行中学,142001,上海市嘉定区第一中学,区属,2,【嘉定】【2025】名额到校计划.pdf,1
2025,上海市嘉定区徐行中学,142002,上海交通大学附属中学嘉定分校,区属,2,【嘉定】【2025】名额到校计划.pdf,1
2025,上海市嘉定区徐行中学,142004,上海师范大学附属中学嘉定新城分校,区属,1,【嘉定】【2025】名额到校计划.pdf,1
2025,上海市嘉定区马陆育才联合中学,152003,华东师范大学第二附属中学,委属,1,【嘉定】【2025】名额到校计划.pdf,1
2025,上海市嘉定区马陆育才联合中学,142001,上海市嘉定区第一中学,区属,4,【嘉定】【2025】名额到校计划.pdf,1
2025,上海市嘉定区马陆育才联合中学,142002,上海交通大学附属中学嘉定分校,区属,4,【嘉定】【2025】名额到校计划.pdf,1
2025,上海市嘉定区马陆育才联合中学,142004,上海师范大学附属中学嘉定新城分校,区属,2,【嘉定】【2025】名额到校计划.pdf,1
2025,上海市民办嘉一联合中学,042032,上海市上海中学,委属,1,【嘉定】【2025】名额到校计划.pdf,1
2025,上海市民办嘉一联合中学,142001,上海市嘉定区第一中学,区属,8,【嘉定】【2025】名额到校计划.pdf,1
2025,上海市民办嘉一联合中学,142002,上海交通大学附属中学嘉定分校,区属,11,【嘉定】【2025】名额到校计划.pdf,1
2025,上海市民办嘉一联合中学,142004,上海师范大学附属中学嘉定新城分校,区属,3,【嘉定】【2025】名额到校计划.pdf,1
2025,上海市嘉定区丰庄中学,042032,上海市上海中学,委属,1,【嘉定】【2025】名额到校计划.pdf,1
2025,上海市嘉定区丰庄中学,142001,上海市嘉定区第一中学,区属,6,【嘉定】【2025】名额到校计划.pdf,1
2025,上海市嘉定区丰庄中学,142002,上海交通大学附属中学嘉定分校,区属,6,【嘉定】【2025】名额到校计划.pdf,1
2025,上海市嘉定区丰庄中学,142004,上海师范大学附属中学嘉定新城分校,区属,2,【嘉定】【2025】名额到校计划.pdf,1
2025,上海市嘉定区外冈中学,142001,上海市嘉定区第一中学,区属,3,【嘉定】【2025】名额到校计划.pdf,1
2025,上海市嘉定区外冈中学,142002,上海交通大学附属中学嘉定分校,区属,4,【嘉定】【2025】名额到校计划.pdf,1
2025,上海市嘉定区外冈中学,142004,上海师范大学附属中学嘉定新城分校,区属,1,【嘉定】【2025】名额到校计划.pdf,1
2025,上海民办华曜嘉定初级中学,142001,上海市嘉定区第一中学,区属,7,【嘉定】【2025】名额到校计划.pdf,1
2025,上海民办华曜嘉定初级中学,142002,上海交通大学附属中学嘉定分校,区属,8,【嘉定】【2025】名额到校计划.pdf,1
2025,上海民办华曜嘉定初级中学,142004,上海师范大学附属中学嘉定新城分校,区属,3,【嘉定】【2025】名额到校计划.pdf,1
2025,上海市嘉定区震川中学,142001,上海市嘉定区第一中学,区属,12,【嘉定】【2025】名额到校计划.pdf,1
2025,上海市嘉定区震川中学,142002,上海交通大学附属中学嘉定分校,区属,14,【嘉定】【2025】名额到校计划.pdf,1
2025,上海市嘉定区震川中学,142004,上海师范大学附属中学嘉定新城分校,区属,5,【嘉定】【2025】名额到校计划.pdf,1
2025,上海大学附属嘉定留云中学,142001,上海市嘉定区第一中学,区属,5,【嘉定】【2025】名额到校计划.pdf,1
2025,上海大学附属嘉定留云中学,142002,上海交通大学附属中学嘉定分校,区属,6,【嘉定】【2025】名额到校计划.pdf,1
2025,上海大学附属嘉定留云中学,142004,上海师范大学附属中学嘉定新城分校,区属,2,【嘉定】【2025】名额到校计划.pdf,1
2025,交大附中附属嘉定德富中学,142001,上海市嘉定区第一中学,区属,8,【嘉定】【2025】名额到校计划.pdf,1
2025,交大附中附属嘉定德富中学,142002,上海交通大学附属中学嘉定分校,区属,9,【嘉定】【2025】名额到校计划.pdf,1
2025,交大附中附属嘉定德富中学,142004,上海师范大学附属中学嘉定新城分校,区属,3,【嘉定】【2025】名额到校计划.pdf,1
2025,同济大学附属实验中学,142001,上海市嘉定区第一中学,区属,7,【嘉定】【2025】名额到校计划.pdf,1
2025,同济大学附属实验中学,142002,上海交通大学附属中学嘉定分校,区属,9,【嘉定】【2025】名额到校计划.pdf,1
2025,同济大学附属实验中学,142004,上海师范大学附属中学嘉定新城分校,区属,3,【嘉定】【2025】名额到校计划.pdf,1
2025,上海市嘉定区华江中学,142001,上海市嘉定区第一中学,区属,5,【嘉定】【2025】名额到校计划.pdf,1
2025,上海市嘉定区华江中学,142002,上海交通大学附属中学嘉定分校,区属,6,【嘉定】【2025】名额到校计划.pdf,1
2025,上海市嘉定区华江中学,142004,上海师范大学附属中学嘉定新城分校,区属,2,【嘉定】【2025】名额到校计划.pdf,1
2025,上海市嘉定区新城实验中学,142001,上海市嘉定区第一中学,区属,7,【嘉定】【2025】名额到校计划.pdf,1
2025,上海市嘉定区新城实验中学,142002,上海交通大学附属中学嘉定分校,区属,9,【嘉定】【2025】名额到校计划.pdf,1
2025,上海市嘉定区新城实验中学,142004,上海师范大学附属中学嘉定新城分校,区属,3,【嘉定】【2025】名额到校计划.pdf,1
2025,上海市嘉定区南翔中学,142001,上海市嘉定区第一中学,区属,6,【嘉定】【2025】名额到校计划.pdf,1
2025,上海市嘉定区南翔中学,142002,上海交通大学附属中学嘉定分校,区属,8,【嘉定】【2025】名额到校计划.pdf,1
2025,上海市嘉定区南翔中学,142004,上海师范大学附属中学嘉定新城分校,区属,2,【嘉定】【2025】名额到校计划.pdf,1
2025,上海市嘉定区疁城实验学校,102056,上海交通大学附属中学,委属,1,【嘉定】【2025】名额到校计划.pdf,1
2025,上海市嘉定区疁城实验学校,142001,上海市嘉定区第一中学,区属,8,【嘉定】【2025】名额到校计划.pdf,1
2025,上海市嘉定区疁城实验学校,142002,上海交通大学附属中学嘉定分校,区属,11,【嘉定】【2025】名额到校计划.pdf,1
2025,上海市嘉定区疁城实验学校,142004,上海师范大学附属中学嘉定新城分校,区属,4,【嘉定】【2025】名额到校计划.pdf,1
2025,上海市嘉定区戬浜学校,042032,上海市上海中学,委属,1,【嘉定】【2025】名额到校计划.pdf,1
2025,上海市嘉定区戬浜学校,142001,上海市嘉定区第一中学,区属,1,【嘉定】【2025】名额到校计划.pdf,1
2025,上海市嘉定区戬浜学校,142002,上海交通大学附属中学嘉定分校,区属,1,【嘉定】【2025】名额到校计划.pdf,1
2025,上海市嘉定区戬浜学校,142004,上海师范大学附属中学嘉定新城分校,区属,1,【嘉定】【2025】名额到校计划.pdf,1
2025,上海市嘉定区朱桥学校,102056,上海交通大学附属中学,委属,1,【嘉定】【2025】名额到校计划.pdf,1
2025,上海市嘉定区朱桥学校,142001,上海市嘉定区第一中学,区属,2,【嘉定】【2025】名额到校计划.pdf,1
2025,上海市嘉定区朱桥学校,142002,上海交通大学附属中学嘉定分校,区属,1,【嘉定】【2025】名额到校计划.pdf,1
2025,上海市嘉定区朱桥学校,142004,上海师范大学附属中学嘉定新城分校,区属,1,【嘉定】【2025】名额到校计划.pdf,1
2025,上海市嘉定区苏民学校,102057,复旦大学附属中学,委属,1,【嘉定】【2025】名额到校计划.pdf,1
2025,上海市嘉定区苏民学校,142001,上海市嘉定区第一中学,区属,6,【嘉定】【2025】名额到校计划.pdf,1
2025,上海市嘉定区苏民学校,142002,上海交通大学附属中学嘉定分校,区属,8,【嘉定】【2025】名额到校计划.pdf,1
2025,上海市嘉定区苏民学校,142004,上海师范大学附属中学嘉定新城分校,区属,3,【嘉定】【2025】名额到校计划.pdf,1
2025,上海市民办远东学校,142001,上海市嘉定区第一中学,区属,4,【嘉定】【2025】名额到校计划.pdf,1
2025,上海市民办远东学校,142002,上海交通大学附属中学嘉定分校,区属,5,【嘉定】【2025】名额到校计划.pdf,1
2025,上海市民办远东学校,142004,上海师范大学附属中学嘉定新城分校,区属,1,【嘉定】【2025】名额到校计划.pdf,1
2025,上海市民办桃李园实验学校,102057,复旦大学附属中学,委属,1,【嘉定】【2025】名额到校计划.pdf,1
2025,上海市民办桃李园实验学校,142001,上海市嘉定区第一中学,区属,11,【嘉定】【2025】名额到校计划.pdf,1
2025,上海市民办桃李园实验学校,142002,上海交通大学附属中学嘉定分校,区属,12,【嘉定】【2025】名额到校计划.pdf,1
2025,上海市民办桃李园实验学校,142004,上海师范大学附属中学嘉定新城分校,区属,4,【嘉定】【2025】名额到校计划.pdf,1
2025,上海市嘉定区华亭学校,142001,上海市嘉定区第一中学,区属,1,【嘉定】【2025】名额到校计划.pdf,1
2025,上海市嘉定区华亭学校,142002,上海交通大学附属中学嘉定分校,区属,1,【嘉定】【2025】名额到校计划.pdf,1
2025,上海市嘉定区华亭学校,142004,上海师范大学附属中学嘉定新城分校,区属,1,【嘉定】【2025】名额到校计划.pdf,1
2025,上海市嘉定区娄塘学校,142001,上海市嘉定区第一中学,区属,1,【嘉定】【2025】名额到校计划.pdf,1
2025,上海市嘉定区娄塘学校,142002,上海交通大学附属中学嘉定分校,区属,1,【嘉定】【2025】名额到校计划.pdf,1
2025,上海市嘉定区娄塘学校,142004,上海师范大学附属中学嘉定新城分校,区属,1,【嘉定】【2025】名额到校计划.pdf,1
2025,上海外国语大学嘉定外国语学校,142001,上海市嘉定区第一中学,区属,8,【嘉定】【2025】名额到校计划.pdf,1
2025,上海外国语大学嘉定外国语学校,142002,上海交通大学附属中学嘉定分校,区属,10,【嘉定】【2025】名额到校计划.pdf,1
2025,上海外国语大学嘉定外国语学校,142004,上海师范大学附属中学嘉定新城分校,区属,3,【嘉定】【2025】名额到校计划.pdf,1
2025,上海市嘉定区练川实验学校,102057,复旦大学附属中学,委属,1,【嘉定】【2025】名额到校计划.pdf,1
2025,上海市嘉定区练川实验学校,142001,上海市嘉定区第一中学,区属,5,【嘉定】【2025】名额到校计划.pdf,1
2025,上海市嘉定区练川实验学校,142002,上海交通大学附属中学嘉定分校,区属,6,【嘉定】【2025】名额到校计划.pdf,1
2025,上海市嘉定区练川实验学校,142004,上海师范大学附属中学嘉定新城分校,区属,1,【嘉定】【2025】名额到校计划.pdf,1
2025,上海华旭双语学校,152006,上海师范大学附属中学,委属,1,【嘉定】【2025】名额到校计划.pdf,1
2025,上海华旭双语学校,142001,上海市嘉定区第一中学,区属,1,【嘉定】【2025】名额到校计划.pdf,1
2025,上海华旭双语学校,142002,上海交通大学附属中学嘉定分校,区属,1,【嘉定】【2025】名额到校计划.pdf,1
2025,上海华旭双语学校,142004,上海师范大学附属中学嘉定新城分校,区属,1,【嘉定】【2025】名额到校计划.pdf,1
2025,中科院上海实验学校,142001,上海市嘉定区第一中学,区属,10,【嘉定】【2025】名额到校计划.pdf,1
2025,中科院上海实验学校,142002,上海交通大学附属中学嘉定分校,区属,13,【嘉定】【2025】名额到校计划.pdf,1
2025,中科院上海实验学校,142004,上海师范大学附属中学嘉定新城分校,区属,4,【嘉定】【2025】名额到校计划.pdf,1
2025,上海嘉定区世界外国语学校,142001,上海市嘉定区第一中学,区属,4,【嘉定】【2025】名额到校计划.pdf,1
2025,上海嘉定区世界外国语学校,142002,上海交通大学附属中学嘉定分校,区属,4,【嘉定】【2025】名额到校计划.pdf,1
2025,上海嘉定区世界外国语学校,142004,上海师范大学附属中学嘉定新城分校,区属,1,【嘉定】【2025】名额到校计划.pdf,1
2025,上海市嘉定区金鹤学校,142001,上海市嘉定区第一中学,区属,7,【嘉定】【2025】名额到校计划.pdf,2
2025,上海市嘉定区金鹤学校,142002,上海交通大学附属中学嘉定分校,区属,8,【嘉定】【2025】名额到校计划.pdf,2
2025,上海市嘉定区金鹤学校,142004,上海师范大学附属中学嘉定新城分校,区属,3,【嘉定】【2025】名额到校计划.pdf,2
2025,上海师范大学附属第五嘉定实验学校,142001,上海市嘉定区第一中学,区属,2,【嘉定】【2025】名额到校计划.pdf,2
2025,上海师范大学附属第五嘉定实验学校,142002,上海交通大学附属中学嘉定分校,区属,2,【嘉定】【2025】名额到校计划.pdf,2
2025,上海师范大学附属第五嘉定实验学校,142004,上海师范大学附属中学嘉定新城分校,区属,1,【嘉定】【2025】名额到校计划.pdf,2
2025,同济大学附属嘉定实验中学,142001,上海市嘉定区第一中学,区属,2,【嘉定】【2025】名额到校计划.pdf,2
2025,同济大学附属嘉定实验中学,142002,上海交通大学附属中学嘉定分校,区属,3,【嘉定】【2025】名额到校计划.pdf,2
2025,同济大学附属嘉定实验中学,142004,上海师范大学附属中学嘉定新城分校,区属,1,【嘉定】【2025】名额到校计划.pdf,2
2025,交大附中附属嘉定洪德中学,102056,上海交通大学附属中学,委属,1,【嘉定】【2025】名额到校计划.pdf,2
2025,交大附中附属嘉定洪德中学,142001,上海市嘉定区第一中学,区属,4,【嘉定】【2025】名额到校计划.pdf,2
2025,交大附中附属嘉定洪德中学,142002,上海交通大学附属中学嘉定分校,区属,5,【嘉定】【2025】名额到校计划.pdf,2
2025,交大附中附属嘉定洪德中学,142004,上海师范大学附属中学嘉定新城分校,区属,1,【嘉定】【2025】名额到校计划.pdf,2
2025,上海市嘉定区嘉二实验学校,142001,上海市嘉定区第一中学,区属,5,【嘉定】【2025】名额到校计划.pdf,2
2025,上海市嘉定区嘉二实验学校,142002,上海交通大学附属中学嘉定分校,区属,6,【嘉定】【2025】名额到校计划.pdf,2
2025,上海市嘉定区嘉二实验学校,142004,上海师范大学附属中学嘉定新城分校,区属,2,【嘉定】【2025】名额到校计划.pdf,2
2025,上海嘉定区民办华盛怀少学校,142001,上海市嘉定区第一中学,区属,8,【嘉定】【2025】名额到校计划.pdf,2
2025,上海嘉定区民办华盛怀少学校,142002,上海交通大学附属中学嘉定分校,区属,9,【嘉定】【2025】名额到校计划.pdf,2
2025,上海嘉定区民办华盛怀少学校,142004,上海师范大学附属中学嘉定新城分校,区属,3,【嘉定】【2025】名额到校计划.pdf,2
2026,上海市嘉定区启良中学,142001,上海市嘉定区第一中学,区属,6,【嘉定】【2026】名额到校计划.pdf,1
2026,上海市嘉定区启良中学,142002,上海交通大学附属中学嘉定分校,区属,7,【嘉定】【2026】名额到校计划.pdf,1
2026,上海市嘉定区启良中学,142004,上海师范大学附属中学嘉定新城分校,区属,4,【嘉定】【2026】名额到校计划.pdf,1
2026,上海市嘉定区方泰中学,152006,上海师范大学附属中学,委属,1,【嘉定】【2026】名额到校计划.pdf,1
2026,上海市嘉定区方泰中学,142001,上海市嘉定区第一中学,区属,2,【嘉定】【2026】名额到校计划.pdf,1
2026,上海市嘉定区方泰中学,142002,上海交通大学附属中学嘉定分校,区属,2,【嘉定】【2026】名额到校计划.pdf,1
2026,上海市嘉定区方泰中学,142004,上海师范大学附属中学嘉定新城分校,区属,1,【嘉定】【2026】名额到校计划.pdf,1
2026,上海市曹杨二中附属江桥实验中学,142001,上海市嘉定区第一中学,区属,8,【嘉定】【2026】名额到校计划.pdf,1
2026,上海市曹杨二中附属江桥实验中学,142002,上海交通大学附属中学嘉定分校,区属,9,【嘉定】【2026】名额到校计划.pdf,1
2026,上海市曹杨二中附属江桥实验中学,142004,上海师范大学附属中学嘉定新城分校,区属,5,【嘉定】【2026】名额到校计划.pdf,1
2026,上海市嘉定区迎园中学,152003,华东师范大学第二附属中学,委属,1,【嘉定】【2026】名额到校计划.pdf,1
2026,上海市嘉定区迎园中学,142001,上海市嘉定区第一中学,区属,10,【嘉定】【2026】名额到校计划.pdf,1
2026,上海市嘉定区迎园中学,142002,上海交通大学附属中学嘉定分校,区属,11,【嘉定】【2026】名额到校计划.pdf,1
2026,上海市嘉定区迎园中学,142004,上海师范大学附属中学嘉定新城分校,区属,6,【嘉定】【2026】名额到校计划.pdf,1
2026,上海市嘉定区南苑中学,142001,上海市嘉定区第一中学,区属,4,【嘉定】【2026】名额到校计划.pdf,1
2026,上海市嘉定区南苑中学,142002,上海交通大学附属中学嘉定分校,区属,5,【嘉定】【2026】名额到校计划.pdf,1
2026,上海市嘉定区南苑中学,142004,上海师范大学附属中学嘉定新城分校,区属,3,【嘉定】【2026】名额到校计划.pdf,1
2026,上海市嘉定区黄渡中学,142001,上海市嘉定区第一中学,区属,6,【嘉定】【2026】名额到校计划.pdf,1
2026,上海市嘉定区黄渡中学,142002,上海交通大学附属中学嘉定分校,区属,7,【嘉定】【2026】名额到校计划.pdf,1
2026,上海市嘉定区黄渡中学,142004,上海师范大学附属中学嘉定新城分校,区属,4,【嘉定】【2026】名额到校计划.pdf,1
2026,上海市嘉定区徐行中学,152003,华东师范大学第二附属中学,委属,1,【嘉定】【2026】名额到校计划.pdf,1
2026,上海市嘉定区徐行中学,142001,上海市嘉定区第一中学,区属,3,【嘉定】【2026】名额到校计划.pdf,1
2026,上海市嘉定区徐行中学,142002,上海交通大学附属中学嘉定分校,区属,3,【嘉定】【2026】名额到校计划.pdf,1
2026,上海市嘉定区徐行中学,142004,上海师范大学附属中学嘉定新城分校,区属,1,【嘉定】【2026】名额到校计划.pdf,1
2026,上海市嘉定区马陆育才联合中学,142001,上海市嘉定区第一中学,区属,4,【嘉定】【2026】名额到校计划.pdf,1
2026,上海市嘉定区马陆育才联合中学,142002,上海交通大学附属中学嘉定分校,区属,5,【嘉定】【2026】名额到校计划.pdf,1
2026,上海市嘉定区马陆育才联合中学,142004,上海师范大学附属中学嘉定新城分校,区属,2,【嘉定】【2026】名额到校计划.pdf,1
2026,上海市民办嘉宜初级中学,142001,上海市嘉定区第一中学,区属,8,【嘉定】【2026】名额到校计划.pdf,1
2026,上海市民办嘉宜初级中学,142002,上海交通大学附属中学嘉定分校,区属,9,【嘉定】【2026】名额到校计划.pdf,1
2026,上海市民办嘉宜初级中学,142004,上海师范大学附属中学嘉定新城分校,区属,5,【嘉定】【2026】名额到校计划.pdf,1
2026,上海市嘉定区丰庄中学,142001,上海市嘉定区第一中学,区属,6,【嘉定】【2026】名额到校计划.pdf,1
2026,上海市嘉定区丰庄中学,142002,上海交通大学附属中学嘉定分校,区属,7,【嘉定】【2026】名额到校计划.pdf,1
2026,上海市嘉定区丰庄中学,142004,上海师范大学附属中学嘉定新城分校,区属,4,【嘉定】【2026】名额到校计划.pdf,1
2026,上海市嘉定区外冈中学,142001,上海市嘉定区第一中学,区属,3,【嘉定】【2026】名额到校计划.pdf,1
2026,上海市嘉定区外冈中学,142002,上海交通大学附属中学嘉定分校,区属,4,【嘉定】【2026】名额到校计划.pdf,1
2026,上海市嘉定区外冈中学,142004,上海师范大学附属中学嘉定新城分校,区属,2,【嘉定】【2026】名额到校计划.pdf,1
2026,上海民办华曜嘉定初级中学,042032,上海市上海中学,委属,1,【嘉定】【2026】名额到校计划.pdf,1
2026,上海民办华曜嘉定初级中学,142001,上海市嘉定区第一中学,区属,5,【嘉定】【2026】名额到校计划.pdf,1
2026,上海民办华曜嘉定初级中学,142002,上海交通大学附属中学嘉定分校,区属,7,【嘉定】【2026】名额到校计划.pdf,1
2026,上海民办华曜嘉定初级中学,142004,上海师范大学附属中学嘉定新城分校,区属,4,【嘉定】【2026】名额到校计划.pdf,1
2026,上海市嘉定区震川中学,102057,复旦大学附属中学,委属,1,【嘉定】【2026】名额到校计划.pdf,1
2026,上海市嘉定区震川中学,142001,上海市嘉定区第一中学,区属,11,【嘉定】【2026】名额到校计划.pdf,1
2026,上海市嘉定区震川中学,142002,上海交通大学附属中学嘉定分校,区属,15,【嘉定】【2026】名额到校计划.pdf,1
2026,上海市嘉定区震川中学,142004,上海师范大学附属中学嘉定新城分校,区属,8,【嘉定】【2026】名额到校计划.pdf,1
2026,上海大学附属嘉定留云中学,102056,上海交通大学附属中学,委属,1,【嘉定】【2026】名额到校计划.pdf,1
2026,上海大学附属嘉定留云中学,142001,上海市嘉定区第一中学,区属,9,【嘉定】【2026】名额到校计划.pdf,1
2026,上海大学附属嘉定留云中学,142002,上海交通大学附属中学嘉定分校,区属,11,【嘉定】【2026】名额到校计划.pdf,1
2026,上海大学附属嘉定留云中学,142004,上海师范大学附属中学嘉定新城分校,区属,5,【嘉定】【2026】名额到校计划.pdf,1
2026,交大附中附属嘉定德富中学,142001,上海市嘉定区第一中学,区属,7,【嘉定】【2026】名额到校计划.pdf,1
2026,交大附中附属嘉定德富中学,142002,上海交通大学附属中学嘉定分校,区属,9,【嘉定】【2026】名额到校计划.pdf,1
2026,交大附中附属嘉定德富中学,142004,上海师范大学附属中学嘉定新城分校,区属,5,【嘉定】【2026】名额到校计划.pdf,1
2026,同济大学附属实验中学,142001,上海市嘉定区第一中学,区属,6,【嘉定】【2026】名额到校计划.pdf,1
2026,同济大学附属实验中学,142002,上海交通大学附属中学嘉定分校,区属,8,【嘉定】【2026】名额到校计划.pdf,1
2026,同济大学附属实验中学,142004,上海师范大学附属中学嘉定新城分校,区属,4,【嘉定】【2026】名额到校计划.pdf,1
2026,上海市嘉定区华江中学,142001,上海市嘉定区第一中学,区属,6,【嘉定】【2026】名额到校计划.pdf,1
2026,上海市嘉定区华江中学,142002,上海交通大学附属中学嘉定分校,区属,8,【嘉定】【2026】名额到校计划.pdf,1
2026,上海市嘉定区华江中学,142004,上海师范大学附属中学嘉定新城分校,区属,4,【嘉定】【2026】名额到校计划.pdf,1
2026,上海市嘉定区新城实验中学,152003,华东师范大学第二附属中学,委属,1,【嘉定】【2026】名额到校计划.pdf,1
2026,上海市嘉定区新城实验中学,142001,上海市嘉定区第一中学,区属,7,【嘉定】【2026】名额到校计划.pdf,1
2026,上海市嘉定区新城实验中学,142002,上海交通大学附属中学嘉定分校,区属,10,【嘉定】【2026】名额到校计划.pdf,1
2026,上海市嘉定区新城实验中学,142004,上海师范大学附属中学嘉定新城分校,区属,5,【嘉定】【2026】名额到校计划.pdf,1
2026,上海市嘉定区南翔中学,142001,上海市嘉定区第一中学,区属,7,【嘉定】【2026】名额到校计划.pdf,1
2026,上海市嘉定区南翔中学,142002,上海交通大学附属中学嘉定分校,区属,9,【嘉定】【2026】名额到校计划.pdf,1
2026,上海市嘉定区南翔中学,142004,上海师范大学附属中学嘉定新城分校,区属,5,【嘉定】【2026】名额到校计划.pdf,1
2026,上海市嘉定区疁城实验学校,142001,上海市嘉定区第一中学,区属,9,【嘉定】【2026】名额到校计划.pdf,1
2026,上海市嘉定区疁城实验学校,142002,上海交通大学附属中学嘉定分校,区属,10,【嘉定】【2026】名额到校计划.pdf,1
2026,上海市嘉定区疁城实验学校,142004,上海师范大学附属中学嘉定新城分校,区属,6,【嘉定】【2026】名额到校计划.pdf,1
2026,上海市嘉定区戬浜学校,142001,上海市嘉定区第一中学,区属,1,【嘉定】【2026】名额到校计划.pdf,1
2026,上海市嘉定区戬浜学校,142002,上海交通大学附属中学嘉定分校,区属,1,【嘉定】【2026】名额到校计划.pdf,1
2026,上海市嘉定区戬浜学校,142004,上海师范大学附属中学嘉定新城分校,区属,1,【嘉定】【2026】名额到校计划.pdf,1
2026,上海市嘉定区朱桥学校,042032,上海市上海中学,委属,1,【嘉定】【2026】名额到校计划.pdf,1
2026,上海市嘉定区朱桥学校,142001,上海市嘉定区第一中学,区属,2,【嘉定】【2026】名额到校计划.pdf,1
2026,上海市嘉定区朱桥学校,142002,上海交通大学附属中学嘉定分校,区属,1,【嘉定】【2026】名额到校计划.pdf,1
2026,上海市嘉定区朱桥学校,142004,上海师范大学附属中学嘉定新城分校,区属,1,【嘉定】【2026】名额到校计划.pdf,1
2026,上海市嘉定区苏民学校,102057,复旦大学附属中学,委属,1,【嘉定】【2026】名额到校计划.pdf,1
2026,上海市嘉定区苏民学校,142001,上海市嘉定区第一中学,区属,6,【嘉定】【2026】名额到校计划.pdf,1
2026,上海市嘉定区苏民学校,142002,上海交通大学附属中学嘉定分校,区属,7,【嘉定】【2026】名额到校计划.pdf,1
2026,上海市嘉定区苏民学校,142004,上海师范大学附属中学嘉定新城分校,区属,4,【嘉定】【2026】名额到校计划.pdf,1
2026,上海市民办远东学校,142001,上海市嘉定区第一中学,区属,4,【嘉定】【2026】名额到校计划.pdf,1
2026,上海市民办远东学校,142002,上海交通大学附属中学嘉定分校,区属,5,【嘉定】【2026】名额到校计划.pdf,1
2026,上海市民办远东学校,142004,上海师范大学附属中学嘉定新城分校,区属,3,【嘉定】【2026】名额到校计划.pdf,1
2026,上海市民办桃李园实验学校,142001,上海市嘉定区第一中学,区属,10,【嘉定】【2026】名额到校计划.pdf,1
2026,上海市民办桃李园实验学校,142002,上海交通大学附属中学嘉定分校,区属,12,【嘉定】【2026】名额到校计划.pdf,1
2026,上海市民办桃李园实验学校,142004,上海师范大学附属中学嘉定新城分校,区属,7,【嘉定】【2026】名额到校计划.pdf,1
2026,上海市嘉定区华亭学校,102056,上海交通大学附属中学,委属,1,【嘉定】【2026】名额到校计划.pdf,1
2026,上海市嘉定区华亭学校,142001,上海市嘉定区第一中学,区属,1,【嘉定】【2026】名额到校计划.pdf,1
2026,上海市嘉定区华亭学校,142002,上海交通大学附属中学嘉定分校,区属,1,【嘉定】【2026】名额到校计划.pdf,1
2026,上海市嘉定区华亭学校,142004,上海师范大学附属中学嘉定新城分校,区属,1,【嘉定】【2026】名额到校计划.pdf,1
2026,上海市嘉定区娄塘学校,102056,上海交通大学附属中学,委属,1,【嘉定】【2026】名额到校计划.pdf,1
2026,上海市嘉定区娄塘学校,142001,上海市嘉定区第一中学,区属,1,【嘉定】【2026】名额到校计划.pdf,1
2026,上海市嘉定区娄塘学校,142002,上海交通大学附属中学嘉定分校,区属,1,【嘉定】【2026】名额到校计划.pdf,1
2026,上海市嘉定区娄塘学校,142004,上海师范大学附属中学嘉定新城分校,区属,1,【嘉定】【2026】名额到校计划.pdf,1
2026,上海外国语大学嘉定外国语学校,142001,上海市嘉定区第一中学,区属,7,【嘉定】【2026】名额到校计划.pdf,1
2026,上海外国语大学嘉定外国语学校,142002,上海交通大学附属中学嘉定分校,区属,8,【嘉定】【2026】名额到校计划.pdf,1
2026,上海外国语大学嘉定外国语学校,142004,上海师范大学附属中学嘉定新城分校,区属,4,【嘉定】【2026】名额到校计划.pdf,1
2026,上海市嘉定区练川实验学校,142001,上海市嘉定区第一中学,区属,5,【嘉定】【2026】名额到校计划.pdf,1
2026,上海市嘉定区练川实验学校,142002,上海交通大学附属中学嘉定分校,区属,6,【嘉定】【2026】名额到校计划.pdf,1
2026,上海市嘉定区练川实验学校,142004,上海师范大学附属中学嘉定新城分校,区属,3,【嘉定】【2026】名额到校计划.pdf,1
2026,上海华旭双语学校,142001,上海市嘉定区第一中学,区属,1,【嘉定】【2026】名额到校计划.pdf,1
2026,上海华旭双语学校,142002,上海交通大学附属中学嘉定分校,区属,1,【嘉定】【2026】名额到校计划.pdf,1
2026,上海华旭双语学校,142004,上海师范大学附属中学嘉定新城分校,区属,1,【嘉定】【2026】名额到校计划.pdf,1
2026,中科院上海实验学校,142001,上海市嘉定区第一中学,区属,8,【嘉定】【2026】名额到校计划.pdf,1
2026,中科院上海实验学校,142002,上海交通大学附属中学嘉定分校,区属,9,【嘉定】【2026】名额到校计划.pdf,1
2026,中科院上海实验学校,142004,上海师范大学附属中学嘉定新城分校,区属,5,【嘉定】【2026】名额到校计划.pdf,1
2026,上海嘉定区世外学校,142001,上海市嘉定区第一中学,区属,4,【嘉定】【2026】名额到校计划.pdf,1
2026,上海嘉定区世外学校,142002,上海交通大学附属中学嘉定分校,区属,4,【嘉定】【2026】名额到校计划.pdf,1
2026,上海嘉定区世外学校,142004,上海师范大学附属中学嘉定新城分校,区属,2,【嘉定】【2026】名额到校计划.pdf,1
2026,上海市嘉定区金鹤学校,142001,上海市嘉定区第一中学,区属,6,【嘉定】【2026】名额到校计划.pdf,2
2026,上海市嘉定区金鹤学校,142002,上海交通大学附属中学嘉定分校,区属,7,【嘉定】【2026】名额到校计划.pdf,2
2026,上海市嘉定区金鹤学校,142004,上海师范大学附属中学嘉定新城分校,区属,4,【嘉定】【2026】名额到校计划.pdf,2
2026,上海师范大学附属第五嘉定实验学校,102056,上海交通大学附属中学,委属,1,【嘉定】【2026】名额到校计划.pdf,2
2026,上海师范大学附属第五嘉定实验学校,142001,上海市嘉定区第一中学,区属,3,【嘉定】【2026】名额到校计划.pdf,2
2026,上海师范大学附属第五嘉定实验学校,142002,上海交通大学附属中学嘉定分校,区属,4,【嘉定】【2026】名额到校计划.pdf,2
2026,上海师范大学附属第五嘉定实验学校,142004,上海师范大学附属中学嘉定新城分校,区属,2,【嘉定】【2026】名额到校计划.pdf,2
2026,同济大学附属嘉定实验中学,142001,上海市嘉定区第一中学,区属,3,【嘉定】【2026】名额到校计划.pdf,2
2026,同济大学附属嘉定实验中学,142002,上海交通大学附属中学嘉定分校,区属,4,【嘉定】【2026】名额到校计划.pdf,2
2026,同济大学附属嘉定实验中学,142004,上海师范大学附属中学嘉定新城分校,区属,2,【嘉定】【2026】名额到校计划.pdf,2
2026,交大附中附属嘉定洪德中学,042032,上海市上海中学,委属,1,【嘉定】【2026】名额到校计划.pdf,2
2026,交大附中附属嘉定洪德中学,142001,上海市嘉定区第一中学,区属,6,【嘉定】【2026】名额到校计划.pdf,2
2026,交大附中附属嘉定洪德中学,142002,上海交通大学附属中学嘉定分校,区属,7,【嘉定】【2026】名额到校计划.pdf,2
2026,交大附中附属嘉定洪德中学,142004,上海师范大学附属中学嘉定新城分校,区属,3,【嘉定】【2026】名额到校计划.pdf,2
2026,上海市嘉定区嘉二实验学校,142001,上海市嘉定区第一中学,区属,6,【嘉定】【2026】名额到校计划.pdf,2
2026,上海市嘉定区嘉二实验学校,142002,上海交通大学附属中学嘉定分校,区属,8,【嘉定】【2026】名额到校计划.pdf,2
2026,上海市嘉定区嘉二实验学校,142004,上海师范大学附属中学嘉定新城分校,区属,4,【嘉定】【2026】名额到校计划.pdf,2
2026,上海市嘉定区嘉一实验初级中学,142001,上海市嘉定区第一中学,区属,5,【嘉定】【2026】名额到校计划.pdf,2
2026,上海市嘉定区嘉一实验初级中学,142002,上海交通大学附属中学嘉定分校,区属,5,【嘉定】【2026】名额到校计划.pdf,2
2026,上海市嘉定区嘉一实验初级中学,142004,上海师范大学附属中学嘉定新城分校,区属,3,【嘉定】【2026】名额到校计划.pdf,2
2026,上海嘉定区民办华盛怀少学校,142001,上海市嘉定区第一中学,区属,4,【嘉定】【2026】名额到校计划.pdf,2
2026,上海嘉定区民办华盛怀少学校,142002,上海交通大学附属中学嘉定分校,区属,5,【嘉定】【2026】名额到校计划.pdf,2
2026,上海嘉定区民办华盛怀少学校,142004,上海师范大学附属中学嘉定新城分校,区属,3,【嘉定】【2026】名额到校计划.pdf,2
