year,district,junior_high_school,junior_high_school_code,senior_high_school,senior_high_school_code,high_school_tier,min_score,score_full_mark,source_doc,source_page
2022,嘉定区,上海市嘉定区启良中学,,上海市上海中学,042032,委属,745.5,800.0,【嘉定】【2022】名额到校最低分数线.pdf,1
2022,嘉定区,上海市嘉定区启良中学,,上海市嘉定区第一中学,142001,区属,736.5,800.0,【嘉定】【2022】名额到校最低分数线.pdf,1
2022,嘉定区,上海市嘉定区启良中学,,上海交通大学附属中学嘉定分校,142002,区属,731.0,800.0,【嘉定】【2022】名额到校最低分数线.pdf,1
2022,嘉定区,上海市嘉定区方泰中学,,上海市嘉定区第一中学,142001,区属,733.0,800.0,【嘉定】【2022】名额到校最低分数线.pdf,1
2022,嘉定区,上海市嘉定区方泰中学,,上海交通大学附属中学嘉定分校,142002,区属,753.0,800.0,【嘉定】【2022】名额到校最低分数线.pdf,1
2022,嘉定区,上海市曹杨二中附属江桥实验中学,,复旦大学附属中学,102057,委属,766.5,800.0,【嘉定】【2022】名额到校最低分数线.pdf,1
2022,嘉定区,上海市曹杨二中附属江桥实验中学,,上海市嘉定区第一中学,142001,区属,737.0,800.0,【嘉定】【2022】名额到校最低分数线.pdf,1
2022,嘉定区,上海市曹杨二中附属江桥实验中学,,上海交通大学附属中学嘉定分校,142002,区属,742.0,800.0,【嘉定】【2022】名额到校最低分数线.pdf,1
2022,嘉定区,上海市嘉定区迎园中学,,上海市嘉定区第一中学,142001,区属,735.0,800.0,【嘉定】【2022】名额到校最低分数线.pdf,1
2022,嘉定区,上海市嘉定区迎园中学,,上海交通大学附属中学嘉定分校,142002,区属,717.5,800.0,【嘉定】【2022】名额到校最低分数线.pdf,1
2022,嘉定区,上海市嘉定区南苑中学,,上海交通大学附属中学,102056,委属,737.0,800.0,【嘉定】【2022】名额到校最低分数线.pdf,1
2022,嘉定区,上海市嘉定区南苑中学,,上海市嘉定区第一中学,142001,区属,718.0,800.0,【嘉定】【2022】名额到校最低分数线.pdf,1
2022,嘉定区,上海市嘉定区南苑中学,,上海交通大学附属中学嘉定分校,142002,区属,715.5,800.0,【嘉定】【2022】名额到校最低分数线.pdf,1
2022,嘉定区,上海市嘉定区黄渡中学,,上海市嘉定区第一中学,142001,区属,732.0,800.0,【嘉定】【2022】名额到校最低分数线.pdf,1
2022,嘉定区,上海市嘉定区黄渡中学,,上海交通大学附属中学嘉定分校,142002,区属,735.0,800.0,【嘉定】【2022】名额到校最低分数线.pdf,1
2022,嘉定区,上海市嘉定区徐行中学,,上海市嘉定区第一中学,142001,区属,715.5,800.0,【嘉定】【2022】名额到校最低分数线.pdf,1
2022,嘉定区,上海市嘉定区徐行中学,,上海交通大学附属中学嘉定分校,142002,区属,744.5,800.0,【嘉定】【2022】名额到校最低分数线.pdf,1
2022,嘉定区,上海市嘉定区马陆育才联合中学,,上海市嘉定区第一中学,142001,区属,728.0,800.0,【嘉定】【2022】名额到校最低分数线.pdf,1
2022,嘉定区,上海市嘉定区马陆育才联合中学,,上海交通大学附属中学嘉定分校,142002,区属,725.5,800.0,【嘉定】【2022】名额到校最低分数线.pdf,1
2022,嘉定区,上海市嘉定区丰庄中学,,上海市嘉定区第一中学,142001,区属,729.0,800.0,【嘉定】【2022】名额到校最低分数线.pdf,1
2022,嘉定区,上海市嘉定区丰庄中学,,上海交通大学附属中学嘉定分校,142002,区属,743.0,800.0,【嘉定】【2022】名额到校最低分数线.pdf,1
2022,嘉定区,上海市嘉定区外冈中学,,上海市嘉定区第一中学,142001,区属,722.5,800.0,【嘉定】【2022】名额到校最低分数线.pdf,1
2022,嘉定区,上海市嘉定区外冈中学,,上海交通大学附属中学嘉定分校,142002,区属,716.5,800.0,【嘉定】【2022】名额到校最低分数线.pdf,1
2022,嘉定区,上海市嘉定区震川中学,,上海市嘉定区第一中学,142001,区属,732.5,800.0,【嘉定】【2022】名额到校最低分数线.pdf,2
2022,嘉定区,上海市嘉定区震川中学,,上海交通大学附属中学嘉定分校,142002,区属,686.5,800.0,【嘉定】【2022】名额到校最低分数线.pdf,2
2022,嘉定区,上海市嘉定区杨柳初级中学,,上海市嘉定区第一中学,142001,区属,733.0,800.0,【嘉定】【2022】名额到校最低分数线.pdf,2
2022,嘉定区,上海市嘉定区杨柳初级中学,,上海交通大学附属中学嘉定分校,142002,区属,734.5,800.0,【嘉定】【2022】名额到校最低分数线.pdf,2
2022,嘉定区,上海大学附属嘉定留云中学,,上海市嘉定区第一中学,142001,区属,726.0,800.0,【嘉定】【2022】名额到校最低分数线.pdf,2
2022,嘉定区,上海大学附属嘉定留云中学,,上海交通大学附属中学嘉定分校,142002,区属,739.0,800.0,【嘉定】【2022】名额到校最低分数线.pdf,2
2022,嘉定区,上海大学附属嘉定留云中学,,上海师范大学附属中学,152006,委属,748.0,800.0,【嘉定】【2022】名额到校最低分数线.pdf,2
2022,嘉定区,上海市嘉定区德富路中学,,上海市嘉定区第一中学,142001,区属,734.5,800.0,【嘉定】【2022】名额到校最低分数线.pdf,2
2022,嘉定区,上海市嘉定区德富路中学,,上海交通大学附属中学嘉定分校,142002,区属,744.0,800.0,【嘉定】【2022】名额到校最低分数线.pdf,2
2022,嘉定区,同济大学附属实验中学,,上海市嘉定区第一中学,142001,区属,731.0,800.0,【嘉定】【2022】名额到校最低分数线.pdf,2
2022,嘉定区,同济大学附属实验中学,,上海交通大学附属中学嘉定分校,142002,区属,767.5,800.0,【嘉定】【2022】名额到校最低分数线.pdf,2
2022,嘉定区,上海市嘉定区华江中学,,上海市嘉定区第一中学,142001,区属,735.0,800.0,【嘉定】【2022】名额到校最低分数线.pdf,2
2022,嘉定区,上海市嘉定区华江中学,,上海交通大学附属中学嘉定分校,142002,区属,753.0,800.0,【嘉定】【2022】名额到校最低分数线.pdf,2
2022,嘉定区,上海市嘉定区华江中学,,华东师范大学第二附属中学,152003,委属,759.0,800.0,【嘉定】【2022】名额到校最低分数线.pdf,2
2022,嘉定区,上海市嘉定区南翔中学,,复旦大学附属中学,102057,委属,756.0,800.0,【嘉定】【2022】名额到校最低分数线.pdf,2
2022,嘉定区,上海市嘉定区南翔中学,,上海市嘉定区第一中学,142001,区属,721.0,800.0,【嘉定】【2022】名额到校最低分数线.pdf,2
2022,嘉定区,上海市嘉定区南翔中学,,上海交通大学附属中学嘉定分校,142002,区属,685.0,800.0,【嘉定】【2022】名额到校最低分数线.pdf,2
2022,嘉定区,上海市嘉定区疁城实验学校,,上海市嘉定区第一中学,142001,区属,732.5,800.0,【嘉定】【2022】名额到校最低分数线.pdf,2
2022,嘉定区,上海市嘉定区疁城实验学校,,上海交通大学附属中学嘉定分校,142002,区属,735.5,800.0,【嘉定】【2022】名额到校最低分数线.pdf,2
2022,嘉定区,上海市嘉定区戬浜学校,,上海市嘉定区第一中学,142001,区属,710.0,800.0,【嘉定】【2022】名额到校最低分数线.pdf,2
2022,嘉定区,上海市嘉定区戬浜学校,,上海交通大学附属中学嘉定分校,142002,区属,735.5,800.0,【嘉定】【2022】名额到校最低分数线.pdf,2
2022,嘉定区,上海市嘉定区戬浜学校,,华东师范大学第二附属中学,152003,委属,746.0,800.0,【嘉定】【2022】名额到校最低分数线.pdf,2
2022,嘉定区,上海市嘉定区朱桥学校,,上海交通大学附属中学,102056,委属,731.0,800.0,【嘉定】【2022】名额到校最低分数线.pdf,2
2022,嘉定区,上海市嘉定区朱桥学校,,上海市嘉定区第一中学,142001,区属,722.5,800.0,【嘉定】【2022】名额到校最低分数线.pdf,3
2022,嘉定区,上海市嘉定区朱桥学校,,上海交通大学附属中学嘉定分校,142002,区属,738.0,800.0,【嘉定】【2022】名额到校最低分数线.pdf,3
2022,嘉定区,上海市嘉定区苏民学校,,上海市嘉定区第一中学,142001,区属,738.5,800.0,【嘉定】【2022】名额到校最低分数线.pdf,3
2022,嘉定区,上海市嘉定区苏民学校,,上海交通大学附属中学嘉定分校,142002,区属,747.5,800.0,【嘉定】【2022】名额到校最低分数线.pdf,3
2022,嘉定区,上海市嘉定区华亭学校,,上海市嘉定区第一中学,142001,区属,738.0,800.0,【嘉定】【2022】名额到校最低分数线.pdf,3
2022,嘉定区,上海市嘉定区华亭学校,,上海交通大学附属中学嘉定分校,142002,区属,743.0,800.0,【嘉定】【2022】名额到校最低分数线.pdf,3
2022,嘉定区,上海市嘉定区娄塘学校,,上海市嘉定区第一中学,142001,区属,710.0,800.0,【嘉定】【2022】名额到校最低分数线.pdf,3
2022,嘉定区,上海市嘉定区娄塘学校,,上海交通大学附属中学嘉定分校,142002,区属,750.5,800.0,【嘉定】【2022】名额到校最低分数线.pdf,3
2022,嘉定区,上海外国语大学嘉定外国语学校,,上海市嘉定区第一中学,142001,区属,742.0,800.0,【嘉定】【2022】名额到校最低分数线.pdf,3
2022,嘉定区,上海外国语大学嘉定外国语学校,,上海交通大学附属中学嘉定分校,142002,区属,757.0,800.0,【嘉定】【2022】名额到校最低分数线.pdf,3
2022,嘉定区,上海市嘉定区练川实验学校,,上海市嘉定区第一中学,142001,区属,719.5,800.0,【嘉定】【2022】名额到校最低分数线.pdf,3
2022,嘉定区,上海市嘉定区练川实验学校,,上海交通大学附属中学嘉定分校,142002,区属,742.5,800.0,【嘉定】【2022】名额到校最低分数线.pdf,3
2022,嘉定区,中科院上海实验学校,,上海市嘉定区第一中学,142001,区属,744.0,800.0,【嘉定】【2022】名额到校最低分数线.pdf,3
2022,嘉定区,中科院上海实验学校,,上海交通大学附属中学嘉定分校,142002,区属,719.5,800.0,【嘉定】【2022】名额到校最低分数线.pdf,3
2022,嘉定区,上海市嘉定区金鹤学校,,上海市上海中学,042032,委属,757.0,800.0,【嘉定】【2022】名额到校最低分数线.pdf,3
2022,嘉定区,上海市嘉定区金鹤学校,,上海市嘉定区第一中学,142001,区属,744.5,800.0,【嘉定】【2022】名额到校最低分数线.pdf,3
2022,嘉定区,上海市嘉定区金鹤学校,,上海交通大学附属中学嘉定分校,142002,区属,744.0,800.0,【嘉定】【2022】名额到校最低分数线.pdf,3
2023,嘉定区,上海市嘉定区启良中学,,上海市嘉定区第一中学,142001,区属,710.5,800.0,【嘉定】【2023】名额到校最低分数线.pdf,1
2023,嘉定区,上海市嘉定区启良中学,,上海交通大学附属中学嘉定分校,142002,区属,719.0,800.0,【嘉定】【2023】名额到校最低分数线.pdf,1
2023,嘉定区,上海市嘉定区方泰中学,,上海市嘉定区第一中学,142001,区属,709.5,800.0,【嘉定】【2023】名额到校最低分数线.pdf,1
2023,嘉定区,上海市嘉定区方泰中学,,上海交通大学附属中学嘉定分校,142002,区属,724.0,800.0,【嘉定】【2023】名额到校最低分数线.pdf,1
2023,嘉定区,上海市曹杨二中附属江桥实验中学,,上海市嘉定区第一中学,142001,区属,727.5,800.0,【嘉定】【2023】名额到校最低分数线.pdf,1
2023,嘉定区,上海市曹杨二中附属江桥实验中学,,上海交通大学附属中学嘉定分校,142002,区属,741.0,800.0,【嘉定】【2023】名额到校最低分数线.pdf,1
2023,嘉定区,上海市嘉定区迎园中学,,上海市上海中学,042032,委属,749.0,800.0,【嘉定】【2023】名额到校最低分数线.pdf,1
2023,嘉定区,上海市嘉定区迎园中学,,上海市嘉定区第一中学,142001,区属,725.0,800.0,【嘉定】【2023】名额到校最低分数线.pdf,1
2023,嘉定区,上海市嘉定区迎园中学,,上海交通大学附属中学嘉定分校,142002,区属,732.5,800.0,【嘉定】【2023】名额到校最低分数线.pdf,1
2023,嘉定区,上海市嘉定区南苑中学,,上海市嘉定区第一中学,142001,区属,713.0,800.0,【嘉定】【2023】名额到校最低分数线.pdf,1
2023,嘉定区,上海市嘉定区南苑中学,,上海交通大学附属中学嘉定分校,142002,区属,721.5,800.0,【嘉定】【2023】名额到校最低分数线.pdf,1
2023,嘉定区,上海市嘉定区黄渡中学,,上海市嘉定区第一中学,142001,区属,717.5,800.0,【嘉定】【2023】名额到校最低分数线.pdf,1
2023,嘉定区,上海市嘉定区黄渡中学,,上海交通大学附属中学嘉定分校,142002,区属,733.5,800.0,【嘉定】【2023】名额到校最低分数线.pdf,1
2023,嘉定区,上海市嘉定区徐行中学,,上海市嘉定区第一中学,142001,区属,726.0,800.0,【嘉定】【2023】名额到校最低分数线.pdf,1
2023,嘉定区,上海市嘉定区徐行中学,,上海交通大学附属中学嘉定分校,142002,区属,727.0,800.0,【嘉定】【2023】名额到校最低分数线.pdf,1
2023,嘉定区,上海市嘉定区马陆育才联合中学,,上海市嘉定区第一中学,142001,区属,704.0,800.0,【嘉定】【2023】名额到校最低分数线.pdf,1
2023,嘉定区,上海市嘉定区马陆育才联合中学,,上海交通大学附属中学嘉定分校,142002,区属,704.0,800.0,【嘉定】【2023】名额到校最低分数线.pdf,1
2023,嘉定区,上海市嘉定区丰庄中学,,复旦大学附属中学,102057,委属,746.0,800.0,【嘉定】【2023】名额到校最低分数线.pdf,1
2023,嘉定区,上海市嘉定区丰庄中学,,上海市嘉定区第一中学,142001,区属,726.5,800.0,【嘉定】【2023】名额到校最低分数线.pdf,1
2023,嘉定区,上海市嘉定区丰庄中学,,上海交通大学附属中学嘉定分校,142002,区属,732.5,800.0,【嘉定】【2023】名额到校最低分数线.pdf,1
2023,嘉定区,上海市嘉定区外冈中学,,上海市嘉定区第一中学,142001,区属,719.0,800.0,【嘉定】【2023】名额到校最低分数线.pdf,1
2023,嘉定区,上海市嘉定区外冈中学,,上海交通大学附属中学嘉定分校,142002,区属,720.5,800.0,【嘉定】【2023】名额到校最低分数线.pdf,1
2023,嘉定区,上海市嘉定区震川中学,,上海市嘉定区第一中学,142001,区属,720.5,800.0,【嘉定】【2023】名额到校最低分数线.pdf,1
2023,嘉定区,上海市嘉定区震川中学,,上海交通大学附属中学嘉定分校,142002,区属,730.5,800.0,【嘉定】【2023】名额到校最低分数线.pdf,1
2023,嘉定区,上海市嘉定区震川中学,,上海师范大学附属中学,152006,委属,724.0,800.0,【嘉定】【2023】名额到校最低分数线.pdf,1
2023,嘉定区,上海大学附属嘉定留云中学,,上海市嘉定区第一中学,142001,区属,720.0,800.0,【嘉定】【2023】名额到校最低分数线.pdf,1
2023,嘉定区,上海大学附属嘉定留云中学,,上海交通大学附属中学嘉定分校,142002,区属,727.5,800.0,【嘉定】【2023】名额到校最低分数线.pdf,1
2023,嘉定区,上海大学附属嘉定留云中学,,华东师范大学第二附属中学,152003,委属,750.0,800.0,【嘉定】【2023】名额到校最低分数线.pdf,1
2023,嘉定区,交大附中附属嘉定德富中学,,上海市嘉定区第一中学,142001,区属,730.0,800.0,【嘉定】【2023】名额到校最低分数线.pdf,1
2023,嘉定区,交大附中附属嘉定德富中学,,上海交通大学附属中学嘉定分校,142002,区属,739.5,800.0,【嘉定】【2023】名额到校最低分数线.pdf,2
2023,嘉定区,交大附中附属嘉定德富中学,,华东师范大学第二附属中学,152003,委属,756.5,800.0,【嘉定】【2023】名额到校最低分数线.pdf,2
2023,嘉定区,同济大学附属实验中学,,复旦大学附属中学,102057,委属,760.0,800.0,【嘉定】【2023】名额到校最低分数线.pdf,2
2023,嘉定区,同济大学附属实验中学,,上海市嘉定区第一中学,142001,区属,729.0,800.0,【嘉定】【2023】名额到校最低分数线.pdf,2
2023,嘉定区,同济大学附属实验中学,,上海交通大学附属中学嘉定分校,142002,区属,745.5,800.0,【嘉定】【2023】名额到校最低分数线.pdf,2
2023,嘉定区,上海市嘉定区华江中学,,上海市嘉定区第一中学,142001,区属,728.0,800.0,【嘉定】【2023】名额到校最低分数线.pdf,2
2023,嘉定区,上海市嘉定区华江中学,,上海交通大学附属中学嘉定分校,142002,区属,742.0,800.0,【嘉定】【2023】名额到校最低分数线.pdf,2
2023,嘉定区,上海市嘉定区新城实验中学,,上海市嘉定区第一中学,142001,区属,734.5,800.0,【嘉定】【2023】名额到校最低分数线.pdf,2
2023,嘉定区,上海市嘉定区新城实验中学,,上海交通大学附属中学嘉定分校,142002,区属,741.0,800.0,【嘉定】【2023】名额到校最低分数线.pdf,2
2023,嘉定区,上海市嘉定区南翔中学,,上海市嘉定区第一中学,142001,区属,715.5,800.0,【嘉定】【2023】名额到校最低分数线.pdf,2
2023,嘉定区,上海市嘉定区南翔中学,,上海交通大学附属中学嘉定分校,142002,区属,723.0,800.0,【嘉定】【2023】名额到校最低分数线.pdf,2
2023,嘉定区,上海市嘉定区疁城实验学校,,上海市上海中学,042032,委属,754.0,800.0,【嘉定】【2023】名额到校最低分数线.pdf,2
2023,嘉定区,上海市嘉定区疁城实验学校,,上海市嘉定区第一中学,142001,区属,712.0,800.0,【嘉定】【2023】名额到校最低分数线.pdf,2
2023,嘉定区,上海市嘉定区疁城实验学校,,上海交通大学附属中学嘉定分校,142002,区属,715.5,800.0,【嘉定】【2023】名额到校最低分数线.pdf,2
2023,嘉定区,上海市嘉定区戬浜学校,,上海市嘉定区第一中学,142001,区属,726.0,800.0,【嘉定】【2023】名额到校最低分数线.pdf,2
2023,嘉定区,上海市嘉定区戬浜学校,,上海交通大学附属中学嘉定分校,142002,区属,742.0,800.0,【嘉定】【2023】名额到校最低分数线.pdf,2
2023,嘉定区,上海市嘉定区朱桥学校,,上海市嘉定区第一中学,142001,区属,713.5,800.0,【嘉定】【2023】名额到校最低分数线.pdf,2
2023,嘉定区,上海市嘉定区朱桥学校,,上海交通大学附属中学嘉定分校,142002,区属,724.0,800.0,【嘉定】【2023】名额到校最低分数线.pdf,2
2023,嘉定区,上海市嘉定区苏民学校,,上海市嘉定区第一中学,142001,区属,721.5,800.0,【嘉定】【2023】名额到校最低分数线.pdf,2
2023,嘉定区,上海市嘉定区苏民学校,,上海交通大学附属中学嘉定分校,142002,区属,734.5,800.0,【嘉定】【2023】名额到校最低分数线.pdf,2
2023,嘉定区,上海市嘉定区苏民学校,,华东师范大学第二附属中学,152003,委属,760.0,800.0,【嘉定】【2023】名额到校最低分数线.pdf,2
2023,嘉定区,上海市嘉定区华亭学校,,上海市嘉定区第一中学,142001,区属,715.0,800.0,【嘉定】【2023】名额到校最低分数线.pdf,2
2023,嘉定区,上海市嘉定区华亭学校,,上海交通大学附属中学嘉定分校,142002,区属,737.0,800.0,【嘉定】【2023】名额到校最低分数线.pdf,2
2023,嘉定区,上海市嘉定区娄塘学校,,上海交通大学附属中学,102056,委属,703.5,800.0,【嘉定】【2023】名额到校最低分数线.pdf,2
2023,嘉定区,上海市嘉定区娄塘学校,,上海市嘉定区第一中学,142001,区属,734.5,800.0,【嘉定】【2023】名额到校最低分数线.pdf,2
2023,嘉定区,上海市嘉定区娄塘学校,,上海交通大学附属中学嘉定分校,142002,区属,743.0,800.0,【嘉定】【2023】名额到校最低分数线.pdf,2
2023,嘉定区,上海外国语大学嘉定外国语学校,,上海市嘉定区第一中学,142001,区属,723.5,800.0,【嘉定】【2023】名额到校最低分数线.pdf,2
2023,嘉定区,上海外国语大学嘉定外国语学校,,上海交通大学附属中学嘉定分校,142002,区属,734.0,800.0,【嘉定】【2023】名额到校最低分数线.pdf,2
2023,嘉定区,上海市嘉定区练川实验学校,,上海交通大学附属中学,102056,委属,741.0,800.0,【嘉定】【2023】名额到校最低分数线.pdf,2
2023,嘉定区,上海市嘉定区练川实验学校,,上海市嘉定区第一中学,142001,区属,723.0,800.0,【嘉定】【2023】名额到校最低分数线.pdf,3
2023,嘉定区,上海市嘉定区练川实验学校,,上海交通大学附属中学嘉定分校,142002,区属,735.5,800.0,【嘉定】【2023】名额到校最低分数线.pdf,3
2023,嘉定区,中科院上海实验学校,,上海市嘉定区第一中学,142001,区属,730.5,800.0,【嘉定】【2023】名额到校最低分数线.pdf,3
2023,嘉定区,中科院上海实验学校,,上海交通大学附属中学嘉定分校,142002,区属,741.0,800.0,【嘉定】【2023】名额到校最低分数线.pdf,3
2023,嘉定区,上海市嘉定区金鹤学校,,上海市嘉定区第一中学,142001,区属,715.5,800.0,【嘉定】【2023】名额到校最低分数线.pdf,3
2023,嘉定区,上海市嘉定区金鹤学校,,上海交通大学附属中学嘉定分校,142002,区属,728.5,800.0,【嘉定】【2023】名额到校最低分数线.pdf,3
2023,嘉定区,上海市嘉定区嘉二实验学校,,上海市嘉定区第一中学,142001,区属,707.5,800.0,【嘉定】【2023】名额到校最低分数线.pdf,3
2023,嘉定区,上海市嘉定区嘉二实验学校,,上海交通大学附属中学嘉定分校,142002,区属,712.5,800.0,【嘉定】【2023】名额到校最低分数线.pdf,3
2024,嘉定区,上海市嘉定区启良中学,,上海市嘉定区第一中学,142001,区属,722.0,800.0,【嘉定】【2024】名额到校最低分数线.pdf,1
2024,嘉定区,上海市嘉定区启良中学,,上海交通大学附属中学嘉定分校,142002,区属,728.5,800.0,【嘉定】【2024】名额到校最低分数线.pdf,1
2024,嘉定区,上海市嘉定区方泰中学,,上海市嘉定区第一中学,142001,区属,720.5,800.0,【嘉定】【2024】名额到校最低分数线.pdf,1
2024,嘉定区,上海市嘉定区方泰中学,,上海交通大学附属中学嘉定分校,142002,区属,732.0,800.0,【嘉定】【2024】名额到校最低分数线.pdf,1
2024,嘉定区,上海市曹杨二中附属江桥实验中学,,复旦大学附属中学,102057,委属,755.0,800.0,【嘉定】【2024】名额到校最低分数线.pdf,1
2024,嘉定区,上海市曹杨二中附属江桥实验中学,,上海市嘉定区第一中学,142001,区属,725.0,800.0,【嘉定】【2024】名额到校最低分数线.pdf,1
2024,嘉定区,上海市曹杨二中附属江桥实验中学,,上海交通大学附属中学嘉定分校,142002,区属,729.0,800.0,【嘉定】【2024】名额到校最低分数线.pdf,1
2024,嘉定区,上海市嘉定区迎园中学,,上海市嘉定区第一中学,142001,区属,731.0,800.0,【嘉定】【2024】名额到校最低分数线.pdf,1
2024,嘉定区,上海市嘉定区迎园中学,,上海交通大学附属中学嘉定分校,142002,区属,739.0,800.0,【嘉定】【2024】名额到校最低分数线.pdf,1
2024,嘉定区,上海市嘉定区南苑中学,,上海市嘉定区第一中学,142001,区属,722.0,800.0,【嘉定】【2024】名额到校最低分数线.pdf,1
2024,嘉定区,上海市嘉定区南苑中学,,上海交通大学附属中学嘉定分校,142002,区属,734.0,800.0,【嘉定】【2024】名额到校最低分数线.pdf,1
2024,嘉定区,上海市嘉定区黄渡中学,,上海市嘉定区第一中学,142001,区属,714.5,800.0,【嘉定】【2024】名额到校最低分数线.pdf,1
2024,嘉定区,上海市嘉定区黄渡中学,,上海交通大学附属中学嘉定分校,142002,区属,724.0,800.0,【嘉定】【2024】名额到校最低分数线.pdf,1
2024,嘉定区,上海市嘉定区徐行中学,,上海市嘉定区第一中学,142001,区属,727.5,800.0,【嘉定】【2024】名额到校最低分数线.pdf,1
2024,嘉定区,上海市嘉定区徐行中学,,上海交通大学附属中学嘉定分校,142002,区属,730.5,800.0,【嘉定】【2024】名额到校最低分数线.pdf,1
2024,嘉定区,上海市嘉定区马陆育才联合中学,,复旦大学附属中学,102057,委属,720.5,800.0,【嘉定】【2024】名额到校最低分数线.pdf,1
2024,嘉定区,上海市嘉定区马陆育才联合中学,,上海市嘉定区第一中学,142001,区属,704.5,800.0,【嘉定】【2024】名额到校最低分数线.pdf,1
2024,嘉定区,上海市嘉定区马陆育才联合中学,,上海交通大学附属中学嘉定分校,142002,区属,716.5,800.0,【嘉定】【2024】名额到校最低分数线.pdf,1
2024,嘉定区,上海市民办嘉一联合中学,,上海市嘉定区第一中学,142001,区属,728.0,800.0,【嘉定】【2024】名额到校最低分数线.pdf,1
2024,嘉定区,上海市民办嘉一联合中学,,上海交通大学附属中学嘉定分校,142002,区属,744.5,800.0,【嘉定】【2024】名额到校最低分数线.pdf,1
2024,嘉定区,上海市嘉定区丰庄中学,,上海市嘉定区第一中学,142001,区属,729.5,800.0,【嘉定】【2024】名额到校最低分数线.pdf,1
2024,嘉定区,上海市嘉定区丰庄中学,,上海交通大学附属中学嘉定分校,142002,区属,737.5,800.0,【嘉定】【2024】名额到校最低分数线.pdf,1
2024,嘉定区,上海市嘉定区丰庄中学,,上海师范大学附属中学,152006,委属,716.5,800.0,【嘉定】【2024】名额到校最低分数线.pdf,1
2024,嘉定区,上海市嘉定区外冈中学,,上海市嘉定区第一中学,142001,区属,710.5,800.0,【嘉定】【2024】名额到校最低分数线.pdf,1
2024,嘉定区,上海市嘉定区外冈中学,,上海交通大学附属中学嘉定分校,142002,区属,727.5,800.0,【嘉定】【2024】名额到校最低分数线.pdf,1
2024,嘉定区,上海市嘉定区外冈中学,,华东师范大学第二附属中学,152003,委属,743.5,800.0,【嘉定】【2024】名额到校最低分数线.pdf,1
2024,嘉定区,上海民办华曜嘉定初级中学,,上海市嘉定区第一中学,142001,区属,719.0,800.0,【嘉定】【2024】名额到校最低分数线.pdf,1
2024,嘉定区,上海民办华曜嘉定初级中学,,上海交通大学附属中学嘉定分校,142002,区属,749.5,800.0,【嘉定】【2024】名额到校最低分数线.pdf,1
2024,嘉定区,上海市嘉定区震川中学,,上海市嘉定区第一中学,142001,区属,726.0,800.0,【嘉定】【2024】名额到校最低分数线.pdf,2
2024,嘉定区,上海市嘉定区震川中学,,上海交通大学附属中学嘉定分校,142002,区属,735.5,800.0,【嘉定】【2024】名额到校最低分数线.pdf,2
2024,嘉定区,上海大学附属嘉定留云中学,,上海市嘉定区第一中学,142001,区属,707.5,800.0,【嘉定】【2024】名额到校最低分数线.pdf,2
2024,嘉定区,上海大学附属嘉定留云中学,,上海交通大学附属中学嘉定分校,142002,区属,734.0,800.0,【嘉定】【2024】名额到校最低分数线.pdf,2
2024,嘉定区,交大附中附属嘉定德富中学,,上海交通大学附属中学,102056,委属,763.0,800.0,【嘉定】【2024】名额到校最低分数线.pdf,2
2024,嘉定区,交大附中附属嘉定德富中学,,上海市嘉定区第一中学,142001,区属,728.0,800.0,【嘉定】【2024】名额到校最低分数线.pdf,2
2024,嘉定区,交大附中附属嘉定德富中学,,上海交通大学附属中学嘉定分校,142002,区属,745.0,800.0,【嘉定】【2024】名额到校最低分数线.pdf,2
2024,嘉定区,同济大学附属实验中学,,上海市嘉定区第一中学,142001,区属,728.0,800.0,【嘉定】【2024】名额到校最低分数线.pdf,2
2024,嘉定区,同济大学附属实验中学,,上海交通大学附属中学嘉定分校,142002,区属,749.5,800.0,【嘉定】【2024】名额到校最低分数线.pdf,2
2024,嘉定区,上海市嘉定区华江中学,,上海市嘉定区第一中学,142001,区属,725.5,800.0,【嘉定】【2024】名额到校最低分数线.pdf,2
2024,嘉定区,上海市嘉定区华江中学,,上海交通大学附属中学嘉定分校,142002,区属,732.0,800.0,【嘉定】【2024】名额到校最低分数线.pdf,2
2024,嘉定区,上海市嘉定区新城实验中学,,上海市嘉定区第一中学,142001,区属,729.5,800.0,【嘉定】【2024】名额到校最低分数线.pdf,2
2024,嘉定区,上海市嘉定区新城实验中学,,上海交通大学附属中学嘉定分校,142002,区属,739.0,800.0,【嘉定】【2024】名额到校最低分数线.pdf,2
2024,嘉定区,上海市嘉定区南翔中学,,上海市嘉定区第一中学,142001,区属,728.5,800.0,【嘉定】【2024】名额到校最低分数线.pdf,2
2024,嘉定区,上海市嘉定区南翔中学,,上海交通大学附属中学嘉定分校,142002,区属,731.5,800.0,【嘉定】【2024】名额到校最低分数线.pdf,2
2024,嘉定区,上海市嘉定区疁城实验学校,,上海市嘉定区第一中学,142001,区属,715.0,800.0,【嘉定】【2024】名额到校最低分数线.pdf,2
2024,嘉定区,上海市嘉定区疁城实验学校,,上海交通大学附属中学嘉定分校,142002,区属,728.0,800.0,【嘉定】【2024】名额到校最低分数线.pdf,2
2024,嘉定区,上海市嘉定区戬浜学校,,上海市嘉定区第一中学,142001,区属,722.5,800.0,【嘉定】【2024】名额到校最低分数线.pdf,2
2024,嘉定区,上海市嘉定区戬浜学校,,上海交通大学附属中学嘉定分校,142002,区属,726.5,800.0,【嘉定】【2024】名额到校最低分数线.pdf,2
2024,嘉定区,上海市嘉定区朱桥学校,,上海市嘉定区第一中学,142001,区属,713.5,800.0,【嘉定】【2024】名额到校最低分数线.pdf,2
2024,嘉定区,上海市嘉定区朱桥学校,,上海交通大学附属中学嘉定分校,142002,区属,722.0,800.0,【嘉定】【2024】名额到校最低分数线.pdf,2
2024,嘉定区,上海市嘉定区苏民学校,,上海市嘉定区第一中学,142001,区属,724.0,800.0,【嘉定】【2024】名额到校最低分数线.pdf,2
2024,嘉定区,上海市嘉定区苏民学校,,上海交通大学附属中学嘉定分校,142002,区属,739.0,800.0,【嘉定】【2024】名额到校最低分数线.pdf,2
2024,嘉定区,上海市民办远东学校,,上海市嘉定区第一中学,142001,区属,728.5,800.0,【嘉定】【2024】名额到校最低分数线.pdf,2
2024,嘉定区,上海市民办远东学校,,上海交通大学附属中学嘉定分校,142002,区属,747.5,800.0,【嘉定】【2024】名额到校最低分数线.pdf,2
2024,嘉定区,上海市民办桃李园实验学校,,上海市嘉定区第一中学,142001,区属,727.0,800.0,【嘉定】【2024】名额到校最低分数线.pdf,2
2024,嘉定区,上海市民办桃李园实验学校,,上海交通大学附属中学嘉定分校,142002,区属,745.0,800.0,【嘉定】【2024】名额到校最低分数线.pdf,2
2024,嘉定区,上海市嘉定区华亭学校,,上海市嘉定区第一中学,142001,区属,699.0,800.0,【嘉定】【2024】名额到校最低分数线.pdf,2
2024,嘉定区,上海市嘉定区华亭学校,,上海交通大学附属中学嘉定分校,142002,区属,725.0,800.0,【嘉定】【2024】名额到校最低分数线.pdf,2
2024,嘉定区,上海市嘉定区娄塘学校,,上海市嘉定区第一中学,142001,区属,696.5,800.0,【嘉定】【2024】名额到校最低分数线.pdf,2
2024,嘉定区,上海市嘉定区娄塘学校,,上海交通大学附属中学嘉定分校,142002,区属,703.5,800.0,【嘉定】【2024】名额到校最低分数线.pdf,3
2024,嘉定区,上海外国语大学嘉定外国语学校,,上海交通大学附属中学,102056,委属,755.0,800.0,【嘉定】【2024】名额到校最低分数线.pdf,3
2024,嘉定区,上海外国语大学嘉定外国语学校,,上海市嘉定区第一中学,142001,区属,727.0,800.0,【嘉定】【2024】名额到校最低分数线.pdf,3
2024,嘉定区,上海外国语大学嘉定外国语学校,,上海交通大学附属中学嘉定分校,142002,区属,745.0,800.0,【嘉定】【2024】名额到校最低分数线.pdf,3
2024,嘉定区,上海市嘉定区练川实验学校,,上海市嘉定区第一中学,142001,区属,726.0,800.0,【嘉定】【2024】名额到校最低分数线.pdf,3
2024,嘉定区,上海市嘉定区练川实验学校,,上海交通大学附属中学嘉定分校,142002,区属,734.5,800.0,【嘉定】【2024】名额到校最低分数线.pdf,3
2024,嘉定区,上海华旭双语学校,,上海市上海中学,042032,委属,751.5,800.0,【嘉定】【2024】名额到校最低分数线.pdf,3
2024,嘉定区,上海华旭双语学校,,上海市嘉定区第一中学,142001,区属,730.0,800.0,【嘉定】【2024】名额到校最低分数线.pdf,3
2024,嘉定区,上海华旭双语学校,,上海交通大学附属中学嘉定分校,142002,区属,743.0,800.0,【嘉定】【2024】名额到校最低分数线.pdf,3
2024,嘉定区,中科院上海实验学校,,上海市嘉定区第一中学,142001,区属,728.5,800.0,【嘉定】【2024】名额到校最低分数线.pdf,3
2024,嘉定区,中科院上海实验学校,,上海交通大学附属中学嘉定分校,142002,区属,736.5,800.0,【嘉定】【2024】名额到校最低分数线.pdf,3
2024,嘉定区,中科院上海实验学校,,华东师范大学第二附属中学,152003,委属,756.5,800.0,【嘉定】【2024】名额到校最低分数线.pdf,3
2024,嘉定区,上海嘉定区世界外国语学校,,上海市嘉定区第一中学,142001,区属,725.5,800.0,【嘉定】【2024】名额到校最低分数线.pdf,3
2024,嘉定区,上海嘉定区世界外国语学校,,上海交通大学附属中学嘉定分校,142002,区属,740.5,800.0,【嘉定】【2024】名额到校最低分数线.pdf,3
2024,嘉定区,上海嘉定区世界外国语学校,,华东师范大学第二附属中学,152003,委属,762.0,800.0,【嘉定】【2024】名额到校最低分数线.pdf,3
2024,嘉定区,上海市嘉定区金鹤学校,,上海市嘉定区第一中学,142001,区属,726.5,800.0,【嘉定】【2024】名额到校最低分数线.pdf,3
2024,嘉定区,上海市嘉定区金鹤学校,,上海交通大学附属中学嘉定分校,142002,区属,733.5,800.0,【嘉定】【2024】名额到校最低分数线.pdf,3
2024,嘉定区,上海市嘉定区嘉二实验学校,,上海市上海中学,042032,委属,756.5,800.0,【嘉定】【2024】名额到校最低分数线.pdf,3
2024,嘉定区,上海市嘉定区嘉二实验学校,,上海市嘉定区第一中学,142001,区属,721.0,800.0,【嘉定】【2024】名额到校最低分数线.pdf,3
2024,嘉定区,上海市嘉定区嘉二实验学校,,上海交通大学附属中学嘉定分校,142002,区属,725.0,800.0,【嘉定】【2024】名额到校最低分数线.pdf,3
2024,嘉定区,上海嘉定区民办华盛怀少学校,,上海市嘉定区第一中学,142001,区属,728.5,800.0,【嘉定】【2024】名额到校最低分数线.pdf,3
2024,嘉定区,上海嘉定区民办华盛怀少学校,,上海交通大学附属中学嘉定分校,142002,区属,750.0,800.0,【嘉定】【2024】名额到校最低分数线.pdf,3
2025,嘉定区,上海市嘉定区启良中学,,上海市嘉定区第一中学,142001,区属,721.5,800.0,【嘉定】【2025】名额到校最低分数线.pdf,1
2025,嘉定区,上海市嘉定区启良中学,,上海交通大学附属中学嘉定分校,142002,区属,726.5,800.0,【嘉定】【2025】名额到校最低分数线.pdf,1
2025,嘉定区,上海市嘉定区启良中学,,上海师范大学附属中学嘉定新城分校,142004,区属,714.0,800.0,【嘉定】【2025】名额到校最低分数线.pdf,1
2025,嘉定区,上海市嘉定区方泰中学,,上海市嘉定区第一中学,142001,区属,730.0,800.0,【嘉定】【2025】名额到校最低分数线.pdf,1
2025,嘉定区,上海市嘉定区方泰中学,,上海交通大学附属中学嘉定分校,142002,区属,733.5,800.0,【嘉定】【2025】名额到校最低分数线.pdf,1
2025,嘉定区,上海市嘉定区方泰中学,,上海师范大学附属中学嘉定新城分校,142004,区属,728.5,800.0,【嘉定】【2025】名额到校最低分数线.pdf,1
2025,嘉定区,上海市嘉定区方泰中学,,华东师范大学第二附属中学,152003,委属,735.0,800.0,【嘉定】【2025】名额到校最低分数线.pdf,1
2025,嘉定区,上海市曹杨二中附属江桥实验中学,,上海市嘉定区第一中学,142001,区属,721.5,800.0,【嘉定】【2025】名额到校最低分数线.pdf,1
2025,嘉定区,上海市曹杨二中附属江桥实验中学,,上海交通大学附属中学嘉定分校,142002,区属,742.0,800.0,【嘉定】【2025】名额到校最低分数线.pdf,1
2025,嘉定区,上海市曹杨二中附属江桥实验中学,,上海师范大学附属中学嘉定新城分校,142004,区属,721.5,800.0,【嘉定】【2025】名额到校最低分数线.pdf,1
2025,嘉定区,上海市嘉定区迎园中学,,上海市嘉定区第一中学,142001,区属,729.0,800.0,【嘉定】【2025】名额到校最低分数线.pdf,1
2025,嘉定区,上海市嘉定区迎园中学,,上海交通大学附属中学嘉定分校,142002,区属,737.0,800.0,【嘉定】【2025】名额到校最低分数线.pdf,1
2025,嘉定区,上海市嘉定区迎园中学,,上海师范大学附属中学嘉定新城分校,142004,区属,725.5,800.0,【嘉定】【2025】名额到校最低分数线.pdf,1
2025,嘉定区,上海市嘉定区南苑中学,,上海市嘉定区第一中学,142001,区属,716.0,800.0,【嘉定】【2025】名额到校最低分数线.pdf,1
2025,嘉定区,上海市嘉定区南苑中学,,上海交通大学附属中学嘉定分校,142002,区属,729.0,800.0,【嘉定】【2025】名额到校最低分数线.pdf,1
2025,嘉定区,上海市嘉定区南苑中学,,上海师范大学附属中学嘉定新城分校,142004,区属,723.0,800.0,【嘉定】【2025】名额到校最低分数线.pdf,1
2025,嘉定区,上海市嘉定区黄渡中学,,上海市嘉定区第一中学,142001,区属,722.5,800.0,【嘉定】【2025】名额到校最低分数线.pdf,1
2025,嘉定区,上海市嘉定区黄渡中学,,上海交通大学附属中学嘉定分校,142002,区属,730.5,800.0,【嘉定】【2025】名额到校最低分数线.pdf,1
2025,嘉定区,上海市嘉定区黄渡中学,,上海师范大学附属中学嘉定新城分校,142004,区属,721.0,800.0,【嘉定】【2025】名额到校最低分数线.pdf,1
2025,嘉定区,上海市嘉定区黄渡中学,,华东师范大学第二附属中学,152003,委属,741.0,800.0,【嘉定】【2025】名额到校最低分数线.pdf,1
2025,嘉定区,上海市嘉定区徐行中学,,上海市嘉定区第一中学,142001,区属,697.5,800.0,【嘉定】【2025】名额到校最低分数线.pdf,1
2025,嘉定区,上海市嘉定区徐行中学,,上海交通大学附属中学嘉定分校,142002,区属,690.5,800.0,【嘉定】【2025】名额到校最低分数线.pdf,1
2025,嘉定区,上海市嘉定区徐行中学,,上海师范大学附属中学嘉定新城分校,142004,区属,698.5,800.0,【嘉定】【2025】名额到校最低分数线.pdf,1
2025,嘉定区,上海市嘉定区马陆育才联合中学,,上海市嘉定区第一中学,142001,区属,703.5,800.0,【嘉定】【2025】名额到校最低分数线.pdf,1
2025,嘉定区,上海市嘉定区马陆育才联合中学,,上海交通大学附属中学嘉定分校,142002,区属,706.5,800.0,【嘉定】【2025】名额到校最低分数线.pdf,1
2025,嘉定区,上海市嘉定区马陆育才联合中学,,上海师范大学附属中学嘉定新城分校,142004,区属,713.0,800.0,【嘉定】【2025】名额到校最低分数线.pdf,1
2025,嘉定区,上海市嘉定区马陆育才联合中学,,华东师范大学第二附属中学,152003,委属,741.5,800.0,【嘉定】【2025】名额到校最低分数线.pdf,1
2025,嘉定区,上海市民办嘉一联合中学,,上海市上海中学,042032,委属,757.5,800.0,【嘉定】【2025】名额到校最低分数线.pdf,1
2025,嘉定区,上海市民办嘉一联合中学,,上海市嘉定区第一中学,142001,区属,726.5,800.0,【嘉定】【2025】名额到校最低分数线.pdf,2
2025,嘉定区,上海市民办嘉一联合中学,,上海交通大学附属中学嘉定分校,142002,区属,743.0,800.0,【嘉定】【2025】名额到校最低分数线.pdf,2
2025,嘉定区,上海市民办嘉一联合中学,,上海师范大学附属中学嘉定新城分校,142004,区属,723.5,800.0,【嘉定】【2025】名额到校最低分数线.pdf,2
2025,嘉定区,上海市嘉定区丰庄中学,,上海市上海中学,042032,委属,752.0,800.0,【嘉定】【2025】名额到校最低分数线.pdf,2
2025,嘉定区,上海市嘉定区丰庄中学,,上海市嘉定区第一中学,142001,区属,709.5,800.0,【嘉定】【2025】名额到校最低分数线.pdf,2
2025,嘉定区,上海市嘉定区丰庄中学,,上海交通大学附属中学嘉定分校,142002,区属,730.0,800.0,【嘉定】【2025】名额到校最低分数线.pdf,2
2025,嘉定区,上海市嘉定区丰庄中学,,上海师范大学附属中学嘉定新城分校,142004,区属,709.0,800.0,【嘉定】【2025】名额到校最低分数线.pdf,2
2025,嘉定区,上海市嘉定区外冈中学,,上海市嘉定区第一中学,142001,区属,693.5,800.0,【嘉定】【2025】名额到校最低分数线.pdf,2
2025,嘉定区,上海市嘉定区外冈中学,,上海交通大学附属中学嘉定分校,142002,区属,715.5,800.0,【嘉定】【2025】名额到校最低分数线.pdf,2
2025,嘉定区,上海市嘉定区外冈中学,,上海师范大学附属中学嘉定新城分校,142004,区属,692.0,800.0,【嘉定】【2025】名额到校最低分数线.pdf,2
2025,嘉定区,上海民办华曜嘉定初级中学,,上海市嘉定区第一中学,142001,区属,722.0,800.0,【嘉定】【2025】名额到校最低分数线.pdf,2
2025,嘉定区,上海民办华曜嘉定初级中学,,上海交通大学附属中学嘉定分校,142002,区属,747.5,800.0,【嘉定】【2025】名额到校最低分数线.pdf,2
2025,嘉定区,上海民办华曜嘉定初级中学,,上海师范大学附属中学嘉定新城分校,142004,区属,732.0,800.0,【嘉定】【2025】名额到校最低分数线.pdf,2
2025,嘉定区,上海市嘉定区震川中学,,上海市嘉定区第一中学,142001,区属,725.0,800.0,【嘉定】【2025】名额到校最低分数线.pdf,2
2025,嘉定区,上海市嘉定区震川中学,,上海交通大学附属中学嘉定分校,142002,区属,733.5,800.0,【嘉定】【2025】名额到校最低分数线.pdf,2
2025,嘉定区,上海市嘉定区震川中学,,上海师范大学附属中学嘉定新城分校,142004,区属,716.5,800.0,【嘉定】【2025】名额到校最低分数线.pdf,2
2025,嘉定区,上海大学附属嘉定留云中学,,上海市嘉定区第一中学,142001,区属,720.0,800.0,【嘉定】【2025】名额到校最低分数线.pdf,2
2025,嘉定区,上海大学附属嘉定留云中学,,上海交通大学附属中学嘉定分校,142002,区属,734.0,800.0,【嘉定】【2025】名额到校最低分数线.pdf,2
2025,嘉定区,上海大学附属嘉定留云中学,,上海师范大学附属中学嘉定新城分校,142004,区属,716.0,800.0,【嘉定】【2025】名额到校最低分数线.pdf,2
2025,嘉定区,交大附中附属嘉定德富中学,,上海市嘉定区第一中学,142001,区属,714.5,800.0,【嘉定】【2025】名额到校最低分数线.pdf,2
2025,嘉定区,交大附中附属嘉定德富中学,,上海交通大学附属中学嘉定分校,142002,区属,750.0,800.0,【嘉定】【2025】名额到校最低分数线.pdf,2
2025,嘉定区,交大附中附属嘉定德富中学,,上海师范大学附属中学嘉定新城分校,142004,区属,725.0,800.0,【嘉定】【2025】名额到校最低分数线.pdf,2
2025,嘉定区,同济大学附属实验中学,,上海市嘉定区第一中学,142001,区属,719.0,800.0,【嘉定】【2025】名额到校最低分数线.pdf,2
2025,嘉定区,同济大学附属实验中学,,上海交通大学附属中学嘉定分校,142002,区属,750.0,800.0,【嘉定】【2025】名额到校最低分数线.pdf,2
2025,嘉定区,同济大学附属实验中学,,上海师范大学附属中学嘉定新城分校,142004,区属,726.5,800.0,【嘉定】【2025】名额到校最低分数线.pdf,2
2025,嘉定区,上海市嘉定区华江中学,,上海市嘉定区第一中学,142001,区属,725.5,800.0,【嘉定】【2025】名额到校最低分数线.pdf,2
2025,嘉定区,上海市嘉定区华江中学,,上海交通大学附属中学嘉定分校,142002,区属,739.0,800.0,【嘉定】【2025】名额到校最低分数线.pdf,2
2025,嘉定区,上海市嘉定区华江中学,,上海师范大学附属中学嘉定新城分校,142004,区属,725.5,800.0,【嘉定】【2025】名额到校最低分数线.pdf,2
2025,嘉定区,上海市嘉定区新城实验中学,,上海市嘉定区第一中学,142001,区属,722.5,800.0,【嘉定】【2025】名额到校最低分数线.pdf,2
2025,嘉定区,上海市嘉定区新城实验中学,,上海交通大学附属中学嘉定分校,142002,区属,744.0,800.0,【嘉定】【2025】名额到校最低分数线.pdf,2
2025,嘉定区,上海市嘉定区新城实验中学,,上海师范大学附属中学嘉定新城分校,142004,区属,725.0,800.0,【嘉定】【2025】名额到校最低分数线.pdf,3
2025,嘉定区,上海市嘉定区南翔中学,,上海市嘉定区第一中学,142001,区属,723.0,800.0,【嘉定】【2025】名额到校最低分数线.pdf,3
2025,嘉定区,上海市嘉定区南翔中学,,上海交通大学附属中学嘉定分校,142002,区属,739.0,800.0,【嘉定】【2025】名额到校最低分数线.pdf,3
2025,嘉定区,上海市嘉定区南翔中学,,上海师范大学附属中学嘉定新城分校,142004,区属,718.0,800.0,【嘉定】【2025】名额到校最低分数线.pdf,3
2025,嘉定区,上海市嘉定区疁城实验学校,,上海交通大学附属中学,102056,委属,695.5,800.0,【嘉定】【2025】名额到校最低分数线.pdf,3
2025,嘉定区,上海市嘉定区疁城实验学校,,上海市嘉定区第一中学,142001,区属,724.5,800.0,【嘉定】【2025】名额到校最低分数线.pdf,3
2025,嘉定区,上海市嘉定区疁城实验学校,,上海交通大学附属中学嘉定分校,142002,区属,732.0,800.0,【嘉定】【2025】名额到校最低分数线.pdf,3
2025,嘉定区,上海市嘉定区疁城实验学校,,上海师范大学附属中学嘉定新城分校,142004,区属,719.0,800.0,【嘉定】【2025】名额到校最低分数线.pdf,3
2025,嘉定区,上海市嘉定区戬浜学校,,上海市上海中学,042032,委属,728.5,800.0,【嘉定】【2025】名额到校最低分数线.pdf,3
2025,嘉定区,上海市嘉定区戬浜学校,,上海市嘉定区第一中学,142001,区属,702.0,800.0,【嘉定】【2025】名额到校最低分数线.pdf,3
2025,嘉定区,上海市嘉定区戬浜学校,,上海交通大学附属中学嘉定分校,142002,区属,723.5,800.0,【嘉定】【2025】名额到校最低分数线.pdf,3
2025,嘉定区,上海市嘉定区戬浜学校,,上海师范大学附属中学嘉定新城分校,142004,区属,679.0,800.0,【嘉定】【2025】名额到校最低分数线.pdf,3
2025,嘉定区,上海市嘉定区朱桥学校,,上海交通大学附属中学,102056,委属,752.0,800.0,【嘉定】【2025】名额到校最低分数线.pdf,3
2025,嘉定区,上海市嘉定区朱桥学校,,上海市嘉定区第一中学,142001,区属,714.0,800.0,【嘉定】【2025】名额到校最低分数线.pdf,3
2025,嘉定区,上海市嘉定区朱桥学校,,上海交通大学附属中学嘉定分校,142002,区属,736.5,800.0,【嘉定】【2025】名额到校最低分数线.pdf,3
2025,嘉定区,上海市嘉定区朱桥学校,,上海师范大学附属中学嘉定新城分校,142004,区属,720.5,800.0,【嘉定】【2025】名额到校最低分数线.pdf,3
2025,嘉定区,上海市嘉定区苏民学校,,复旦大学附属中学,102057,委属,751.5,800.0,【嘉定】【2025】名额到校最低分数线.pdf,3
2025,嘉定区,上海市嘉定区苏民学校,,上海市嘉定区第一中学,142001,区属,727.5,800.0,【嘉定】【2025】名额到校最低分数线.pdf,3
2025,嘉定区,上海市嘉定区苏民学校,,上海交通大学附属中学嘉定分校,142002,区属,749.0,800.0,【嘉定】【2025】名额到校最低分数线.pdf,3
2025,嘉定区,上海市嘉定区苏民学校,,上海师范大学附属中学嘉定新城分校,142004,区属,729.5,800.0,【嘉定】【2025】名额到校最低分数线.pdf,3
2025,嘉定区,上海市民办远东学校,,上海市嘉定区第一中学,142001,区属,726.0,800.0,【嘉定】【2025】名额到校最低分数线.pdf,3
2025,嘉定区,上海市民办远东学校,,上海交通大学附属中学嘉定分校,142002,区属,745.5,800.0,【嘉定】【2025】名额到校最低分数线.pdf,3
2025,嘉定区,上海市民办远东学校,,上海师范大学附属中学嘉定新城分校,142004,区属,725.5,800.0,【嘉定】【2025】名额到校最低分数线.pdf,3
2025,嘉定区,上海市民办桃李园实验学校,,复旦大学附属中学,102057,委属,760.0,800.0,【嘉定】【2025】名额到校最低分数线.pdf,3
2025,嘉定区,上海市民办桃李园实验学校,,上海市嘉定区第一中学,142001,区属,725.5,800.0,【嘉定】【2025】名额到校最低分数线.pdf,3
2025,嘉定区,上海市民办桃李园实验学校,,上海交通大学附属中学嘉定分校,142002,区属,752.0,800.0,【嘉定】【2025】名额到校最低分数线.pdf,3
2025,嘉定区,上海市民办桃李园实验学校,,上海师范大学附属中学嘉定新城分校,142004,区属,734.0,800.0,【嘉定】【2025】名额到校最低分数线.pdf,3
2025,嘉定区,上海市嘉定区华亭学校,,上海市嘉定区第一中学,142001,区属,709.0,800.0,【嘉定】【2025】名额到校最低分数线.pdf,3
2025,嘉定区,上海市嘉定区华亭学校,,上海交通大学附属中学嘉定分校,142002,区属,698.0,800.0,【嘉定】【2025】名额到校最低分数线.pdf,3
2025,嘉定区,上海市嘉定区华亭学校,,上海师范大学附属中学嘉定新城分校,142004,区属,691.5,800.0,【嘉定】【2025】名额到校最低分数线.pdf,3
2025,嘉定区,上海市嘉定区娄塘学校,,上海市嘉定区第一中学,142001,区属,705.0,800.0,【嘉定】【2025】名额到校最低分数线.pdf,4
2025,嘉定区,上海市嘉定区娄塘学校,,上海交通大学附属中学嘉定分校,142002,区属,749.5,800.0,【嘉定】【2025】名额到校最低分数线.pdf,4
2025,嘉定区,上海市嘉定区娄塘学校,,上海师范大学附属中学嘉定新城分校,142004,区属,724.5,800.0,【嘉定】【2025】名额到校最低分数线.pdf,4
2025,嘉定区,上海外国语大学嘉定外国语学校,,上海市嘉定区第一中学,142001,区属,725.0,800.0,【嘉定】【2025】名额到校最低分数线.pdf,4
2025,嘉定区,上海外国语大学嘉定外国语学校,,上海交通大学附属中学嘉定分校,142002,区属,744.5,800.0,【嘉定】【2025】名额到校最低分数线.pdf,4
2025,嘉定区,上海外国语大学嘉定外国语学校,,上海师范大学附属中学嘉定新城分校,142004,区属,728.0,800.0,【嘉定】【2025】名额到校最低分数线.pdf,4
2025,嘉定区,上海市嘉定区练川实验学校,,复旦大学附属中学,102057,委属,757.5,800.0,【嘉定】【2025】名额到校最低分数线.pdf,4
2025,嘉定区,上海市嘉定区练川实验学校,,上海市嘉定区第一中学,142001,区属,720.0,800.0,【嘉定】【2025】名额到校最低分数线.pdf,4
2025,嘉定区,上海市嘉定区练川实验学校,,上海交通大学附属中学嘉定分校,142002,区属,723.0,800.0,【嘉定】【2025】名额到校最低分数线.pdf,4
2025,嘉定区,上海市嘉定区练川实验学校,,上海师范大学附属中学嘉定新城分校,142004,区属,707.0,800.0,【嘉定】【2025】名额到校最低分数线.pdf,4
2025,嘉定区,上海华旭双语学校,,上海市嘉定区第一中学,142001,区属,685.5,800.0,【嘉定】【2025】名额到校最低分数线.pdf,4
2025,嘉定区,上海华旭双语学校,,上海交通大学附属中学嘉定分校,142002,区属,745.5,800.0,【嘉定】【2025】名额到校最低分数线.pdf,4
2025,嘉定区,上海华旭双语学校,,上海师范大学附属中学嘉定新城分校,142004,区属,732.0,800.0,【嘉定】【2025】名额到校最低分数线.pdf,4
2025,嘉定区,上海华旭双语学校,,上海师范大学附属中学,152006,委属,730.0,800.0,【嘉定】【2025】名额到校最低分数线.pdf,4
2025,嘉定区,中科院上海实验学校,,上海市嘉定区第一中学,142001,区属,733.0,800.0,【嘉定】【2025】名额到校最低分数线.pdf,4
2025,嘉定区,中科院上海实验学校,,上海交通大学附属中学嘉定分校,142002,区属,740.0,800.0,【嘉定】【2025】名额到校最低分数线.pdf,4
2025,嘉定区,中科院上海实验学校,,上海师范大学附属中学嘉定新城分校,142004,区属,729.0,800.0,【嘉定】【2025】名额到校最低分数线.pdf,4
2025,嘉定区,上海嘉定区世界外国语学校,,上海市嘉定区第一中学,142001,区属,728.0,800.0,【嘉定】【2025】名额到校最低分数线.pdf,4
2025,嘉定区,上海嘉定区世界外国语学校,,上海交通大学附属中学嘉定分校,142002,区属,748.5,800.0,【嘉定】【2025】名额到校最低分数线.pdf,4
2025,嘉定区,上海嘉定区世界外国语学校,,上海师范大学附属中学嘉定新城分校,142004,区属,725.5,800.0,【嘉定】【2025】名额到校最低分数线.pdf,4
2025,嘉定区,上海市嘉定区金鹤学校,,上海市嘉定区第一中学,142001,区属,717.5,800.0,【嘉定】【2025】名额到校最低分数线.pdf,4
2025,嘉定区,上海市嘉定区金鹤学校,,上海交通大学附属中学嘉定分校,142002,区属,727.0,800.0,【嘉定】【2025】名额到校最低分数线.pdf,4
2025,嘉定区,上海市嘉定区金鹤学校,,上海师范大学附属中学嘉定新城分校,142004,区属,714.5,800.0,【嘉定】【2025】名额到校最低分数线.pdf,4
2025,嘉定区,上海师范大学附属第五嘉定实验学校,,上海市嘉定区第一中学,142001,区属,721.0,800.0,【嘉定】【2025】名额到校最低分数线.pdf,4
2025,嘉定区,上海师范大学附属第五嘉定实验学校,,上海交通大学附属中学嘉定分校,142002,区属,724.5,800.0,【嘉定】【2025】名额到校最低分数线.pdf,4
2025,嘉定区,上海师范大学附属第五嘉定实验学校,,上海师范大学附属中学嘉定新城分校,142004,区属,724.0,800.0,【嘉定】【2025】名额到校最低分数线.pdf,4
2025,嘉定区,同济大学附属嘉定实验中学,,上海市嘉定区第一中学,142001,区属,720.5,800.0,【嘉定】【2025】名额到校最低分数线.pdf,4
2025,嘉定区,同济大学附属嘉定实验中学,,上海交通大学附属中学嘉定分校,142002,区属,743.0,800.0,【嘉定】【2025】名额到校最低分数线.pdf,4
2025,嘉定区,同济大学附属嘉定实验中学,,上海师范大学附属中学嘉定新城分校,142004,区属,731.0,800.0,【嘉定】【2025】名额到校最低分数线.pdf,4
2025,嘉定区,交大附中附属嘉定洪德中学,,上海交通大学附属中学,102056,委属,750.0,800.0,【嘉定】【2025】名额到校最低分数线.pdf,4
2025,嘉定区,交大附中附属嘉定洪德中学,,上海市嘉定区第一中学,142001,区属,719.5,800.0,【嘉定】【2025】名额到校最低分数线.pdf,5
2025,嘉定区,交大附中附属嘉定洪德中学,,上海交通大学附属中学嘉定分校,142002,区属,737.5,800.0,【嘉定】【2025】名额到校最低分数线.pdf,5
2025,嘉定区,交大附中附属嘉定洪德中学,,上海师范大学附属中学嘉定新城分校,142004,区属,723.0,800.0,【嘉定】【2025】名额到校最低分数线.pdf,5
2025,嘉定区,上海市嘉定区嘉二实验学校,,上海市嘉定区第一中学,142001,区属,718.0,800.0,【嘉定】【2025】名额到校最低分数线.pdf,5
2025,嘉定区,上海市嘉定区嘉二实验学校,,上海交通大学附属中学嘉定分校,142002,区属,722.0,800.0,【嘉定】【2025】名额到校最低分数线.pdf,5
2025,嘉定区,上海市嘉定区嘉二实验学校,,上海师范大学附属中学嘉定新城分校,142004,区属,717.5,800.0,【嘉定】【2025】名额到校最低分数线.pdf,5
2025,嘉定区,上海嘉定区民办华盛怀少学校,,上海市嘉定区第一中学,142001,区属,713.0,800.0,【嘉定】【2025】名额到校最低分数线.pdf,5
2025,嘉定区,上海嘉定区民办华盛怀少学校,,上海交通大学附属中学嘉定分校,142002,区属,741.5,800.0,【嘉定】【2025】名额到校最低分数线.pdf,5
2025,嘉定区,上海嘉定区民办华盛怀少学校,,上海师范大学附属中学嘉定新城分校,142004,区属,713.5,800.0,【嘉定】【2025】名额到校最低分数线.pdf,5
2026,嘉定区,上海市嘉定区启良中学,,上海市嘉定区第一中学,142001,区属,734.0,800.0,【嘉定】【2026】名额到校最低分数线.pdf,1
2026,嘉定区,上海市嘉定区启良中学,,上海交通大学附属中学嘉定分校,142002,区属,743.0,800.0,【嘉定】【2026】名额到校最低分数线.pdf,1
2026,嘉定区,上海市嘉定区启良中学,,上海师范大学附属中学嘉定新城分校,142004,区属,732.0,800.0,【嘉定】【2026】名额到校最低分数线.pdf,1
2026,嘉定区,上海市嘉定区方泰中学,,上海市嘉定区第一中学,142001,区属,726.0,800.0,【嘉定】【2026】名额到校最低分数线.pdf,1
2026,嘉定区,上海市嘉定区方泰中学,,上海交通大学附属中学嘉定分校,142002,区属,742.5,800.0,【嘉定】【2026】名额到校最低分数线.pdf,1
2026,嘉定区,上海市嘉定区方泰中学,,上海师范大学附属中学嘉定新城分校,142004,区属,724.5,800.0,【嘉定】【2026】名额到校最低分数线.pdf,1
2026,嘉定区,上海市嘉定区方泰中学,,上海师范大学附属中学,152006,委属,733.0,800.0,【嘉定】【2026】名额到校最低分数线.pdf,1
2026,嘉定区,上海市曹杨二中附属江桥实验中学,,上海市嘉定区第一中学,142001,区属,733.0,800.0,【嘉定】【2026】名额到校最低分数线.pdf,1
2026,嘉定区,上海市曹杨二中附属江桥实验中学,,上海交通大学附属中学嘉定分校,142002,区属,757.5,800.0,【嘉定】【2026】名额到校最低分数线.pdf,1
2026,嘉定区,上海市曹杨二中附属江桥实验中学,,上海师范大学附属中学嘉定新城分校,142004,区属,738.5,800.0,【嘉定】【2026】名额到校最低分数线.pdf,1
2026,嘉定区,上海市嘉定区迎园中学,,上海市嘉定区第一中学,142001,区属,738.5,800.0,【嘉定】【2026】名额到校最低分数线.pdf,1
2026,嘉定区,上海市嘉定区迎园中学,,上海交通大学附属中学嘉定分校,142002,区属,750.0,800.0,【嘉定】【2026】名额到校最低分数线.pdf,1
2026,嘉定区,上海市嘉定区迎园中学,,上海师范大学附属中学嘉定新城分校,142004,区属,743.0,800.0,【嘉定】【2026】名额到校最低分数线.pdf,1
2026,嘉定区,上海市嘉定区迎园中学,,华东师范大学第二附属中学,152003,委属,760.5,800.0,【嘉定】【2026】名额到校最低分数线.pdf,1
2026,嘉定区,上海市嘉定区南苑中学,,上海市嘉定区第一中学,142001,区属,733.0,800.0,【嘉定】【2026】名额到校最低分数线.pdf,1
2026,嘉定区,上海市嘉定区南苑中学,,上海交通大学附属中学嘉定分校,142002,区属,737.0,800.0,【嘉定】【2026】名额到校最低分数线.pdf,1
2026,嘉定区,上海市嘉定区南苑中学,,上海师范大学附属中学嘉定新城分校,142004,区属,730.5,800.0,【嘉定】【2026】名额到校最低分数线.pdf,1
2026,嘉定区,上海市嘉定区黄渡中学,,上海市嘉定区第一中学,142001,区属,738.5,800.0,【嘉定】【2026】名额到校最低分数线.pdf,1
2026,嘉定区,上海市嘉定区黄渡中学,,上海交通大学附属中学嘉定分校,142002,区属,747.0,800.0,【嘉定】【2026】名额到校最低分数线.pdf,1
2026,嘉定区,上海市嘉定区黄渡中学,,上海师范大学附属中学嘉定新城分校,142004,区属,731.0,800.0,【嘉定】【2026】名额到校最低分数线.pdf,1
2026,嘉定区,上海市嘉定区徐行中学,,上海市嘉定区第一中学,142001,区属,711.5,800.0,【嘉定】【2026】名额到校最低分数线.pdf,1
2026,嘉定区,上海市嘉定区徐行中学,,上海交通大学附属中学嘉定分校,142002,区属,710.5,800.0,【嘉定】【2026】名额到校最低分数线.pdf,1
2026,嘉定区,上海市嘉定区徐行中学,,上海师范大学附属中学嘉定新城分校,142004,区属,712.5,800.0,【嘉定】【2026】名额到校最低分数线.pdf,1
2026,嘉定区,上海市嘉定区徐行中学,,华东师范大学第二附属中学,152003,委属,758.5,800.0,【嘉定】【2026】名额到校最低分数线.pdf,1
2026,嘉定区,上海市嘉定区马陆育才联合中学,,上海市嘉定区第一中学,142001,区属,709.5,800.0,【嘉定】【2026】名额到校最低分数线.pdf,1
2026,嘉定区,上海市嘉定区马陆育才联合中学,,上海交通大学附属中学嘉定分校,142002,区属,727.5,800.0,【嘉定】【2026】名额到校最低分数线.pdf,1
2026,嘉定区,上海市嘉定区马陆育才联合中学,,上海师范大学附属中学嘉定新城分校,142004,区属,723.0,800.0,【嘉定】【2026】名额到校最低分数线.pdf,1
2026,嘉定区,上海市民办嘉宜初级中学,,上海市嘉定区第一中学,142001,区属,739.5,800.0,【嘉定】【2026】名额到校最低分数线.pdf,1
2026,嘉定区,上海市民办嘉宜初级中学,,上海交通大学附属中学嘉定分校,142002,区属,748.0,800.0,【嘉定】【2026】名额到校最低分数线.pdf,2
2026,嘉定区,上海市民办嘉宜初级中学,,上海师范大学附属中学嘉定新城分校,142004,区属,734.5,800.0,【嘉定】【2026】名额到校最低分数线.pdf,2
2026,嘉定区,上海市嘉定区丰庄中学,,上海市嘉定区第一中学,142001,区属,726.5,800.0,【嘉定】【2026】名额到校最低分数线.pdf,2
2026,嘉定区,上海市嘉定区丰庄中学,,上海交通大学附属中学嘉定分校,142002,区属,747.5,800.0,【嘉定】【2026】名额到校最低分数线.pdf,2
2026,嘉定区,上海市嘉定区丰庄中学,,上海师范大学附属中学嘉定新城分校,142004,区属,732.5,800.0,【嘉定】【2026】名额到校最低分数线.pdf,2
2026,嘉定区,上海市嘉定区外冈中学,,上海市嘉定区第一中学,142001,区属,721.5,800.0,【嘉定】【2026】名额到校最低分数线.pdf,2
2026,嘉定区,上海市嘉定区外冈中学,,上海交通大学附属中学嘉定分校,142002,区属,724.0,800.0,【嘉定】【2026】名额到校最低分数线.pdf,2
2026,嘉定区,上海市嘉定区外冈中学,,上海师范大学附属中学嘉定新城分校,142004,区属,722.0,800.0,【嘉定】【2026】名额到校最低分数线.pdf,2
2026,嘉定区,上海民办华曜嘉定初级中学,,上海市上海中学,042032,委属,765.5,800.0,【嘉定】【2026】名额到校最低分数线.pdf,2
2026,嘉定区,上海民办华曜嘉定初级中学,,上海市嘉定区第一中学,142001,区属,731.5,800.0,【嘉定】【2026】名额到校最低分数线.pdf,2
2026,嘉定区,上海民办华曜嘉定初级中学,,上海交通大学附属中学嘉定分校,142002,区属,755.0,800.0,【嘉定】【2026】名额到校最低分数线.pdf,2
2026,嘉定区,上海民办华曜嘉定初级中学,,上海师范大学附属中学嘉定新城分校,142004,区属,739.0,800.0,【嘉定】【2026】名额到校最低分数线.pdf,2
2026,嘉定区,上海市嘉定区震川中学,,复旦大学附属中学,102057,委属,768.0,800.0,【嘉定】【2026】名额到校最低分数线.pdf,2
2026,嘉定区,上海市嘉定区震川中学,,上海市嘉定区第一中学,142001,区属,729.0,800.0,【嘉定】【2026】名额到校最低分数线.pdf,2
2026,嘉定区,上海市嘉定区震川中学,,上海交通大学附属中学嘉定分校,142002,区属,747.5,800.0,【嘉定】【2026】名额到校最低分数线.pdf,2
2026,嘉定区,上海市嘉定区震川中学,,上海师范大学附属中学嘉定新城分校,142004,区属,732.0,800.0,【嘉定】【2026】名额到校最低分数线.pdf,2
2026,嘉定区,上海大学附属嘉定留云中学,,上海交通大学附属中学,102056,委属,767.5,800.0,【嘉定】【2026】名额到校最低分数线.pdf,2
2026,嘉定区,上海大学附属嘉定留云中学,,上海市嘉定区第一中学,142001,区属,729.0,800.0,【嘉定】【2026】名额到校最低分数线.pdf,2
2026,嘉定区,上海大学附属嘉定留云中学,,上海交通大学附属中学嘉定分校,142002,区属,754.5,800.0,【嘉定】【2026】名额到校最低分数线.pdf,2
2026,嘉定区,上海大学附属嘉定留云中学,,上海师范大学附属中学嘉定新城分校,142004,区属,740.0,800.0,【嘉定】【2026】名额到校最低分数线.pdf,2
2026,嘉定区,交大附中附属嘉定德富中学,,上海市嘉定区第一中学,142001,区属,735.5,800.0,【嘉定】【2026】名额到校最低分数线.pdf,2
2026,嘉定区,交大附中附属嘉定德富中学,,上海交通大学附属中学嘉定分校,142002,区属,756.0,800.0,【嘉定】【2026】名额到校最低分数线.pdf,2
2026,嘉定区,交大附中附属嘉定德富中学,,上海师范大学附属中学嘉定新城分校,142004,区属,738.5,800.0,【嘉定】【2026】名额到校最低分数线.pdf,2
2026,嘉定区,同济大学附属实验中学,,上海市嘉定区第一中学,142001,区属,730.5,800.0,【嘉定】【2026】名额到校最低分数线.pdf,2
2026,嘉定区,同济大学附属实验中学,,上海交通大学附属中学嘉定分校,142002,区属,752.0,800.0,【嘉定】【2026】名额到校最低分数线.pdf,2
2026,嘉定区,同济大学附属实验中学,,上海师范大学附属中学嘉定新城分校,142004,区属,731.0,800.0,【嘉定】【2026】名额到校最低分数线.pdf,2
2026,嘉定区,上海市嘉定区华江中学,,上海市嘉定区第一中学,142001,区属,722.0,800.0,【嘉定】【2026】名额到校最低分数线.pdf,2
2026,嘉定区,上海市嘉定区华江中学,,上海交通大学附属中学嘉定分校,142002,区属,741.0,800.0,【嘉定】【2026】名额到校最低分数线.pdf,2
2026,嘉定区,上海市嘉定区华江中学,,上海师范大学附属中学嘉定新城分校,142004,区属,726.0,800.0,【嘉定】【2026】名额到校最低分数线.pdf,2
2026,嘉定区,上海市嘉定区新城实验中学,,上海市嘉定区第一中学,142001,区属,734.0,800.0,【嘉定】【2026】名额到校最低分数线.pdf,2
2026,嘉定区,上海市嘉定区新城实验中学,,上海交通大学附属中学嘉定分校,142002,区属,753.5,800.0,【嘉定】【2026】名额到校最低分数线.pdf,3
2026,嘉定区,上海市嘉定区新城实验中学,,上海师范大学附属中学嘉定新城分校,142004,区属,740.0,800.0,【嘉定】【2026】名额到校最低分数线.pdf,3
2026,嘉定区,上海市嘉定区新城实验中学,,华东师范大学第二附属中学,152003,委属,766.5,800.0,【嘉定】【2026】名额到校最低分数线.pdf,3
2026,嘉定区,上海市嘉定区南翔中学,,上海市嘉定区第一中学,142001,区属,734.0,800.0,【嘉定】【2026】名额到校最低分数线.pdf,3
2026,嘉定区,上海市嘉定区南翔中学,,上海交通大学附属中学嘉定分校,142002,区属,755.5,800.0,【嘉定】【2026】名额到校最低分数线.pdf,3
2026,嘉定区,上海市嘉定区南翔中学,,上海师范大学附属中学嘉定新城分校,142004,区属,736.0,800.0,【嘉定】【2026】名额到校最低分数线.pdf,3
2026,嘉定区,上海市嘉定区疁城实验学校,,上海市嘉定区第一中学,142001,区属,721.0,800.0,【嘉定】【2026】名额到校最低分数线.pdf,3
2026,嘉定区,上海市嘉定区疁城实验学校,,上海交通大学附属中学嘉定分校,142002,区属,738.5,800.0,【嘉定】【2026】名额到校最低分数线.pdf,3
2026,嘉定区,上海市嘉定区疁城实验学校,,上海师范大学附属中学嘉定新城分校,142004,区属,722.0,800.0,【嘉定】【2026】名额到校最低分数线.pdf,3
2026,嘉定区,上海市嘉定区戬浜学校,,上海市嘉定区第一中学,142001,区属,737.5,800.0,【嘉定】【2026】名额到校最低分数线.pdf,3
2026,嘉定区,上海市嘉定区戬浜学校,,上海交通大学附属中学嘉定分校,142002,区属,760.5,800.0,【嘉定】【2026】名额到校最低分数线.pdf,3
2026,嘉定区,上海市嘉定区戬浜学校,,上海师范大学附属中学嘉定新城分校,142004,区属,739.5,800.0,【嘉定】【2026】名额到校最低分数线.pdf,3
2026,嘉定区,上海市嘉定区朱桥学校,,上海市上海中学,042032,委属,750.0,800.0,【嘉定】【2026】名额到校最低分数线.pdf,3
2026,嘉定区,上海市嘉定区朱桥学校,,上海市嘉定区第一中学,142001,区属,740.0,800.0,【嘉定】【2026】名额到校最低分数线.pdf,3
2026,嘉定区,上海市嘉定区朱桥学校,,上海交通大学附属中学嘉定分校,142002,区属,741.0,800.0,【嘉定】【2026】名额到校最低分数线.pdf,3
2026,嘉定区,上海市嘉定区朱桥学校,,上海师范大学附属中学嘉定新城分校,142004,区属,742.0,800.0,【嘉定】【2026】名额到校最低分数线.pdf,3
2026,嘉定区,上海市嘉定区苏民学校,,复旦大学附属中学,102057,委属,767.0,800.0,【嘉定】【2026】名额到校最低分数线.pdf,3
2026,嘉定区,上海市嘉定区苏民学校,,上海市嘉定区第一中学,142001,区属,739.5,800.0,【嘉定】【2026】名额到校最低分数线.pdf,3
2026,嘉定区,上海市嘉定区苏民学校,,上海交通大学附属中学嘉定分校,142002,区属,756.5,800.0,【嘉定】【2026】名额到校最低分数线.pdf,3
2026,嘉定区,上海市嘉定区苏民学校,,上海师范大学附属中学嘉定新城分校,142004,区属,741.0,800.0,【嘉定】【2026】名额到校最低分数线.pdf,3
2026,嘉定区,上海市民办远东学校,,上海市嘉定区第一中学,142001,区属,739.5,800.0,【嘉定】【2026】名额到校最低分数线.pdf,3
2026,嘉定区,上海市民办远东学校,,上海交通大学附属中学嘉定分校,142002,区属,762.5,800.0,【嘉定】【2026】名额到校最低分数线.pdf,3
2026,嘉定区,上海市民办远东学校,,上海师范大学附属中学嘉定新城分校,142004,区属,734.5,800.0,【嘉定】【2026】名额到校最低分数线.pdf,3
2026,嘉定区,上海市民办桃李园实验学校,,上海市嘉定区第一中学,142001,区属,734.5,800.0,【嘉定】【2026】名额到校最低分数线.pdf,3
2026,嘉定区,上海市民办桃李园实验学校,,上海交通大学附属中学嘉定分校,142002,区属,756.5,800.0,【嘉定】【2026】名额到校最低分数线.pdf,3
2026,嘉定区,上海市民办桃李园实验学校,,上海师范大学附属中学嘉定新城分校,142004,区属,738.0,800.0,【嘉定】【2026】名额到校最低分数线.pdf,3
2026,嘉定区,上海市嘉定区华亭学校,,上海交通大学附属中学,102056,委属,720.0,800.0,【嘉定】【2026】名额到校最低分数线.pdf,3
2026,嘉定区,上海市嘉定区华亭学校,,上海市嘉定区第一中学,142001,区属,721.5,800.0,【嘉定】【2026】名额到校最低分数线.pdf,3
2026,嘉定区,上海市嘉定区华亭学校,,上海交通大学附属中学嘉定分校,142002,区属,721.0,800.0,【嘉定】【2026】名额到校最低分数线.pdf,3
2026,嘉定区,上海市嘉定区华亭学校,,上海师范大学附属中学嘉定新城分校,142004,区属,727.0,800.0,【嘉定】【2026】名额到校最低分数线.pdf,3
2026,嘉定区,上海市嘉定区娄塘学校,,上海交通大学附属中学,102056,委属,713.0,800.0,【嘉定】【2026】名额到校最低分数线.pdf,4
2026,嘉定区,上海市嘉定区娄塘学校,,上海市嘉定区第一中学,142001,区属,739.5,800.0,【嘉定】【2026】名额到校最低分数线.pdf,4
2026,嘉定区,上海市嘉定区娄塘学校,,上海交通大学附属中学嘉定分校,142002,区属,704.0,800.0,【嘉定】【2026】名额到校最低分数线.pdf,4
2026,嘉定区,上海市嘉定区娄塘学校,,上海师范大学附属中学嘉定新城分校,142004,区属,720.0,800.0,【嘉定】【2026】名额到校最低分数线.pdf,4
2026,嘉定区,上海外国语大学嘉定外国语学校,,上海市嘉定区第一中学,142001,区属,731.5,800.0,【嘉定】【2026】名额到校最低分数线.pdf,4
2026,嘉定区,上海外国语大学嘉定外国语学校,,上海交通大学附属中学嘉定分校,142002,区属,755.5,800.0,【嘉定】【2026】名额到校最低分数线.pdf,4
2026,嘉定区,上海外国语大学嘉定外国语学校,,上海师范大学附属中学嘉定新城分校,142004,区属,748.5,800.0,【嘉定】【2026】名额到校最低分数线.pdf,4
2026,嘉定区,上海市嘉定区练川实验学校,,上海市嘉定区第一中学,142001,区属,735.0,800.0,【嘉定】【2026】名额到校最低分数线.pdf,4
2026,嘉定区,上海市嘉定区练川实验学校,,上海交通大学附属中学嘉定分校,142002,区属,747.5,800.0,【嘉定】【2026】名额到校最低分数线.pdf,4
2026,嘉定区,上海市嘉定区练川实验学校,,上海师范大学附属中学嘉定新城分校,142004,区属,740.0,800.0,【嘉定】【2026】名额到校最低分数线.pdf,4
2026,嘉定区,上海华旭双语学校,,上海市嘉定区第一中学,142001,区属,740.5,800.0,【嘉定】【2026】名额到校最低分数线.pdf,4
2026,嘉定区,上海华旭双语学校,,上海交通大学附属中学嘉定分校,142002,区属,759.0,800.0,【嘉定】【2026】名额到校最低分数线.pdf,4
2026,嘉定区,上海华旭双语学校,,上海师范大学附属中学嘉定新城分校,142004,区属,743.5,800.0,【嘉定】【2026】名额到校最低分数线.pdf,4
2026,嘉定区,中科院上海实验学校,,上海市嘉定区第一中学,142001,区属,736.5,800.0,【嘉定】【2026】名额到校最低分数线.pdf,4
2026,嘉定区,中科院上海实验学校,,上海交通大学附属中学嘉定分校,142002,区属,753.5,800.0,【嘉定】【2026】名额到校最低分数线.pdf,4
2026,嘉定区,中科院上海实验学校,,上海师范大学附属中学嘉定新城分校,142004,区属,743.0,800.0,【嘉定】【2026】名额到校最低分数线.pdf,4
2026,嘉定区,上海嘉定区世外学校,,上海市嘉定区第一中学,142001,区属,736.0,800.0,【嘉定】【2026】名额到校最低分数线.pdf,4
2026,嘉定区,上海嘉定区世外学校,,上海交通大学附属中学嘉定分校,142002,区属,756.0,800.0,【嘉定】【2026】名额到校最低分数线.pdf,4
2026,嘉定区,上海嘉定区世外学校,,上海师范大学附属中学嘉定新城分校,142004,区属,744.5,800.0,【嘉定】【2026】名额到校最低分数线.pdf,4
2026,嘉定区,上海市嘉定区金鹤学校,,上海市嘉定区第一中学,142001,区属,737.0,800.0,【嘉定】【2026】名额到校最低分数线.pdf,4
2026,嘉定区,上海市嘉定区金鹤学校,,上海交通大学附属中学嘉定分校,142002,区属,751.0,800.0,【嘉定】【2026】名额到校最低分数线.pdf,4
2026,嘉定区,上海市嘉定区金鹤学校,,上海师范大学附属中学嘉定新城分校,142004,区属,733.5,800.0,【嘉定】【2026】名额到校最低分数线.pdf,4
2026,嘉定区,上海师范大学附属第五嘉定实验学校,,上海交通大学附属中学,102056,委属,765.0,800.0,【嘉定】【2026】名额到校最低分数线.pdf,4
2026,嘉定区,上海师范大学附属第五嘉定实验学校,,上海市嘉定区第一中学,142001,区属,731.5,800.0,【嘉定】【2026】名额到校最低分数线.pdf,4
2026,嘉定区,上海师范大学附属第五嘉定实验学校,,上海交通大学附属中学嘉定分校,142002,区属,750.0,800.0,【嘉定】【2026】名额到校最低分数线.pdf,4
2026,嘉定区,上海师范大学附属第五嘉定实验学校,,上海师范大学附属中学嘉定新城分校,142004,区属,729.0,800.0,【嘉定】【2026】名额到校最低分数线.pdf,4
2026,嘉定区,同济大学附属嘉定实验中学,,上海市嘉定区第一中学,142001,区属,739.5,800.0,【嘉定】【2026】名额到校最低分数线.pdf,4
2026,嘉定区,同济大学附属嘉定实验中学,,上海交通大学附属中学嘉定分校,142002,区属,749.5,800.0,【嘉定】【2026】名额到校最低分数线.pdf,4
2026,嘉定区,同济大学附属嘉定实验中学,,上海师范大学附属中学嘉定新城分校,142004,区属,747.5,800.0,【嘉定】【2026】名额到校最低分数线.pdf,4
2026,嘉定区,交大附中附属嘉定洪德中学,,上海市上海中学,042032,委属,765.5,800.0,【嘉定】【2026】名额到校最低分数线.pdf,4
2026,嘉定区,交大附中附属嘉定洪德中学,,上海市嘉定区第一中学,142001,区属,734.5,800.0,【嘉定】【2026】名额到校最低分数线.pdf,5
2026,嘉定区,交大附中附属嘉定洪德中学,,上海交通大学附属中学嘉定分校,142002,区属,761.5,800.0,【嘉定】【2026】名额到校最低分数线.pdf,5
2026,嘉定区,交大附中附属嘉定洪德中学,,上海师范大学附属中学嘉定新城分校,142004,区属,737.0,800.0,【嘉定】【2026】名额到校最低分数线.pdf,5
2026,嘉定区,上海市嘉定区嘉二实验学校,,上海市嘉定区第一中学,142001,区属,734.0,800.0,【嘉定】【2026】名额到校最低分数线.pdf,5
2026,嘉定区,上海市嘉定区嘉二实验学校,,上海交通大学附属中学嘉定分校,142002,区属,738.5,800.0,【嘉定】【2026】名额到校最低分数线.pdf,5
2026,嘉定区,上海市嘉定区嘉二实验学校,,上海师范大学附属中学嘉定新城分校,142004,区属,729.0,800.0,【嘉定】【2026】名额到校最低分数线.pdf,5
2026,嘉定区,上海市嘉定区嘉一实验初级中学,,上海市嘉定区第一中学,142001,区属,721.0,800.0,【嘉定】【2026】名额到校最低分数线.pdf,5
2026,嘉定区,上海市嘉定区嘉一实验初级中学,,上海交通大学附属中学嘉定分校,142002,区属,748.5,800.0,【嘉定】【2026】名额到校最低分数线.pdf,5
2026,嘉定区,上海市嘉定区嘉一实验初级中学,,上海师范大学附属中学嘉定新城分校,142004,区属,718.0,800.0,【嘉定】【2026】名额到校最低分数线.pdf,5
2026,嘉定区,上海嘉定区民办华盛怀少学校,,上海市嘉定区第一中学,142001,区属,735.5,800.0,【嘉定】【2026】名额到校最低分数线.pdf,5
2026,嘉定区,上海嘉定区民办华盛怀少学校,,上海交通大学附属中学嘉定分校,142002,区属,751.5,800.0,【嘉定】【2026】名额到校最低分数线.pdf,5
2026,嘉定区,上海嘉定区民办华盛怀少学校,,上海师范大学附属中学嘉定新城分校,142004,区属,735.5,800.0,【嘉定】【2026】名额到校最低分数线.pdf,5
