school_name,ownership,enrollment_classes,school_code,campus_note,source_doc,source_effective_year
上海市位育初级中学,公办,15,,,【徐汇】【2026】公办初中招生结果公示.pdf,2026
上海市第二初级中学,公办,6,,,【徐汇】【2026】公办初中招生结果公示.pdf,2026
上海市南洋模范初级中学,公办,13,,,【徐汇】【2026】公办初中招生结果公示.pdf,2026
上海市南洋中学,公办,7,,,【徐汇】【2026】公办初中招生结果公示.pdf,2026
上海市田林中学,公办,5,,,【徐汇】【2026】公办初中招生结果公示.pdf,2026
上海市田林第二中学,公办,6,,,【徐汇】【2026】公办初中招生结果公示.pdf,2026
上海市田林第三中学,公办,10,,,【徐汇】【2026】公办初中招生结果公示.pdf,2026
上海市龙苑中学,公办,1,,,【徐汇】【2026】公办初中招生结果公示.pdf,2026
上海市徐汇区教育学院附属实验中学,公办,9,,,【徐汇】【2026】公办初中招生结果公示.pdf,2026
上海市徐汇区教育学院附属实验中学南部分校,公办,6,,,【徐汇】【2026】公办初中招生结果公示.pdf,2026
上海市园南中学（总校）,公办,6,,总校,【徐汇】【2026】公办初中招生结果公示.pdf,2026
上海市园南中学（罗城校区）,公办,10,,罗城校区,【徐汇】【2026】公办初中招生结果公示.pdf,2026
上海市汾阳中学,公办,4,,,【徐汇】【2026】公办初中招生结果公示.pdf,2026
上海市梅园中学,公办,5,,,【徐汇】【2026】公办初中招生结果公示.pdf,2026
上海市紫阳中学,公办,6,,,【徐汇】【2026】公办初中招生结果公示.pdf,2026
上海市康健外国语实验中学,公办,8,,,【徐汇】【2026】公办初中招生结果公示.pdf,2026
上海市位育附属徐汇科技实验中学,公办,6,,,【徐汇】【2026】公办初中招生结果公示.pdf,2026
上海市中国中学,公办,12,,,【徐汇】【2026】公办初中招生结果公示.pdf,2026
上海市第五十四中学,公办,4,,,【徐汇】【2026】公办初中招生结果公示.pdf,2026
上海市徐汇中学（蒲汇塘校区）,公办,13,,蒲汇塘校区,【徐汇】【2026】公办初中招生结果公示.pdf,2026
上海市徐汇中学南校,公办,7,,,【徐汇】【2026】公办初中招生结果公示.pdf,2026
上海市第四中学,公办,10,,,【徐汇】【2026】公办初中招生结果公示.pdf,2026
上海市零陵中学,公办,4,,,【徐汇】【2026】公办初中招生结果公示.pdf,2026
华东理工大学附属中学,公办,7,,,【徐汇】【2026】公办初中招生结果公示.pdf,2026
复旦大学附属徐汇实验学校,公办,6,,,【徐汇】【2026】公办初中招生结果公示.pdf,2026
上海市徐汇区上汇实验学校,公办,5,,,【徐汇】【2026】公办初中招生结果公示.pdf,2026
上海师范大学第三附属实验学校,公办,5,,,【徐汇】【2026】公办初中招生结果公示.pdf,2026
上海市西南位育附属实验学校,公办,6,,,【徐汇】【2026】公办初中招生结果公示.pdf,2026
上海市徐汇区董李凤美康健学校,公办,2,,,【徐汇】【2026】公办初中招生结果公示.pdf,2026
上海市西南位育中学,民办,12,,,【徐汇】【2026】民办初中招生结果公示.pdf,2026
上海市西南模范中学,民办,10,,,【徐汇】【2026】民办初中招生结果公示.pdf,2026
上海民办位育中学,民办,4,,,【徐汇】【2026】民办初中招生结果公示.pdf,2026
上海民办南模中学,民办,4,,,【徐汇】【2026】民办初中招生结果公示.pdf,2026
上海市世外中学,民办,13,,,【徐汇】【2026】民办初中招生结果公示.pdf,2026
上海市民办华育中学,民办,8,,,【徐汇】【2026】民办初中招生结果公示.pdf,2026
