school_code,canonical_name,alias_name,status,source_doc,remark
071045,上海市洵阳中学,,在用,名额到校计划-普陀区-2026.csv,
071046,上海市北海中学,,在用,名额到校计划-普陀区-2026.csv,
071047,上海市延河中学,,在用,名额到校计划-普陀区-2026.csv,
071048,上海市曹杨第二中学附属实验中学,,在用,名额到校计划-普陀区-2026.csv,
071049,华东师范大学第四附属中学,,在用,名额到校计划-普陀区-2026.csv,
071050,上海市怒江中学,,在用,名额到校计划-普陀区-2026.csv,
071051,上海师范大学附属第二实验学校,,在用,名额到校计划-普陀区-2026.csv,
071053,上海市真北中学,,在用,名额到校计划-普陀区-2026.csv,
071054,上海市普陀区教育学院附属中学,,在用,名额到校计划-普陀区-2026.csv,
071056,上海市梅陇中学,,在用,名额到校计划-普陀区-2026.csv,
071060,上海兰田中学,,在用,名额到校计划-普陀区-2026.csv,
071085,上海市普陀区梅陇实验中学,,在用,名额到校计划-普陀区-2026.csv,
073004,上海市曹杨中学,,在用,名额到校计划-普陀区-2026.csv,
074005,同济大学第二附属中学,,在用,名额到校计划-普陀区-2026.csv,
074007,上海市甘泉外国语中学,,在用,名额到校计划-普陀区-2026.csv,
074009,上海市新杨中学,,在用,名额到校计划-普陀区-2026.csv,
074010,上海市长征中学,,在用,名额到校计划-普陀区-2026.csv,
074011,上海市桃浦中学,,在用,名额到校计划-普陀区-2026.csv,
074012,上海市晋元高级中学附属学校南校,,在用,名额到校计划-普陀区-2026.csv,
074016,上海音乐学院附属安师实验中学,,在用,名额到校计划-普陀区-2026.csv,
074018,上海华东师范大学附属进华中学,,在用,名额到校计划-普陀区-2026.csv,
074081,上海安生学校,,在用,名额到校计划-普陀区-2026.csv,
075013,上海培佳双语学校,,在用,名额到校计划-普陀区-2026.csv,
075061,上海市铜川学校,,在用,名额到校计划-普陀区-2026.csv,
075062,上海市沙田学校,,在用,名额到校计划-普陀区-2026.csv,
075063,华东师范大学附属外国语实验学校,,在用,名额到校计划-普陀区-2026.csv,
075064,上海市子长学校,,在用,名额到校计划-普陀区-2026.csv,
075065,上海市洛川学校,,在用,名额到校计划-普陀区-2026.csv,
075066,上海市宜川中学附属学校,,在用,名额到校计划-普陀区-2026.csv,
075067,上海市曹杨中学附属学校,,在用,名额到校计划-普陀区-2026.csv,
075068,上海市普陀区教育学院附属学校,,在用,名额到校计划-普陀区-2026.csv,
075069,上海市晋元高级中学附属学校,,在用,名额到校计划-普陀区-2026.csv,
075070,上海市曹杨第二中学附属学校,,在用,名额到校计划-普陀区-2026.csv,
075071,上海市民办新黄浦实验学校,,在用,名额到校计划-普陀区-2026.csv,
075072,上海市江宁学校,,在用,名额到校计划-普陀区-2026.csv,
075073,上海市中远实验学校,,在用,名额到校计划-普陀区-2026.csv,
075077,上海市金鼎学校,,在用,名额到校计划-普陀区-2026.csv,
075078,上海外国语大学尚阳外国语学校,,在用,名额到校计划-普陀区-2026.csv,
075079,上海市文达学校,,在用,名额到校计划-普陀区-2026.csv,
075080,上海理工大学附属普陀实验学校,,在用,名额到校计划-普陀区-2026.csv,
075113,上海市万里城实验学校,,在用,名额到校计划-普陀区-2026.csv,
,上海市光新学校,,停办/退出待核实,名额到校最低分数线-普陀区-2022-2026.csv,仅出现于 2022/2023/2024 年，2026 计划名单中无；去向（合并对象）待公开信息核实，不得猜测映射
,上海市兴陇中学,,停办/退出待核实,名额到校最低分数线-普陀区-2022-2026.csv,仅出现于 2022 年，2026 计划名单中无；去向（合并对象）待公开信息核实，不得猜测映射
,上海市武宁中学,,停办/退出待核实,名额到校最低分数线-普陀区-2022-2026.csv,仅出现于 2022 年，2026 计划名单中无；去向（合并对象）待公开信息核实，不得猜测映射
