year,junior_high_school_code,junior_high_school,huayer,shangzhong,fufu,jiaofu,shangshida,huayer_putuo,erzhong,jinyuan,yichuan,total
2023,071045,上海市洵阳中学,0,0,0,1,0,1,2,2,3,9
2023,071046,上海市北海中学,0,0,0,0,0,1,6,6,6,19
2023,071047,上海市延河中学,0,0,0,0,0,1,3,5,4,13
2023,071048,上海市曹杨第二中学附属实验中学,0,0,0,0,0,2,5,6,6,19
2023,071049,华东师范大学第四附属中学,0,0,0,1,0,2,7,7,7,24
2023,071050,上海市怒江中学,0,0,0,0,0,1,1,1,1,4
2023,071051,上海师范大学附属第二实验学校,0,0,0,0,0,2,6,5,5,18
2023,071053,上海市真北中学,0,0,0,0,0,2,4,4,5,15
2023,071054,上海市普陀区教育学院附属中学,1,0,0,0,0,3,10,10,10,34
2023,071056,上海市梅陇中学,0,1,0,0,0,6,21,21,20,69
2023,073004,上海市曹杨中学,0,0,1,0,0,3,7,8,8,27
2023,074005,同济大学第二附属中学,0,1,0,0,0,2,9,9,8,29
2023,074009,上海市新杨中学,0,1,0,0,0,3,7,8,8,27
2023,074010,上海市长征中学,0,0,0,0,0,2,7,7,6,22
2023,074011,上海市桃浦中学,0,0,1,0,0,2,4,3,3,13
2023,074012,上海市晋元高级中学附属学校南校,0,0,0,1,0,1,1,2,2,7
2023,075044,上海市光新学校,0,0,0,0,0,1,1,1,1,4
2023,075061,上海市铜川学校,0,0,0,0,0,1,3,3,4,11
2023,075062,上海市沙田学校,0,0,0,0,0,1,3,3,3,10
2023,075063,华东师范大学附属外国语实验学校,0,0,0,0,0,1,5,4,5,15
2023,075064,上海市子长学校,0,0,0,0,0,1,1,2,2,6
2023,075065,上海市洛川学校,0,0,0,0,0,1,4,3,3,11
2023,075066,上海市宜川中学附属学校,0,0,0,0,0,2,4,3,3,12
2023,075067,上海市曹杨中学附属学校,0,0,0,0,0,1,4,4,4,13
2023,075068,上海市普陀区教育学院附属学校,0,0,0,0,0,1,1,1,1,4
2023,075069,上海市晋元高级中学附属学校,0,0,0,0,1,4,14,16,16,51
2023,075070,上海市曹杨第二中学附属学校,0,0,0,1,0,3,12,11,11,38
2023,075072,上海市江宁学校,1,0,0,0,0,1,5,5,6,18
2023,075073,上海市中远实验学校,0,0,0,0,0,1,6,5,5,17
2023,075077,上海市金鼎学校,0,0,0,0,0,1,1,1,1,4
2023,075078,上海外国语大学尚阳外国语学校,0,0,0,0,0,1,5,5,5,16
2023,075079,上海市文达学校,0,0,1,0,0,1,3,4,3,12
2023,075080,上海理工大学附属普陀实验学校,0,0,0,0,0,1,1,1,1,4
2023,075113,上海市万里城实验学校,0,0,0,0,0,2,4,5,5,16
