year,district,junior_high_school,junior_high_school_code,senior_high_school,senior_high_school_code,high_school_tier,min_score,score_full_mark,score_rate,is_tie_privilege,comprehensive_eval,last_chinese_math_english,last_math,last_chinese,last_comprehensive_test,source_doc,source_page
2022,普陀区,上海市武宁中学,,上海市晋元高级中学,,区属,718.5,800.0,0.898125,,,398.5,135,125,126,【普陀】【2022】名额到校最低分数线.pdf,1
2022,普陀区,上海市武宁中学,,上海市曹杨第二中学,,区属,741.5,800.0,0.926875,,,406.5,135,133,144,【普陀】【2022】名额到校最低分数线.pdf,1
2022,普陀区,上海市武宁中学,,上海市宜川中学,,区属,724.5,800.0,0.905625,,,393,131,126,137,【普陀】【2022】名额到校最低分数线.pdf,1
2022,普陀区,上海市武宁中学,,华东师范大学第二附属中学（普陀校区）,,区属,730.5,800.0,0.913125,,,397.5,135,122,142,【普陀】【2022】名额到校最低分数线.pdf,1
2022,普陀区,上海市洵阳中学,,上海市晋元高级中学,,区属,726,800.0,0.907500,,,406,138,130,134,【普陀】【2022】名额到校最低分数线.pdf,1
2022,普陀区,上海市洵阳中学,,上海市曹杨第二中学,,区属,705,800.0,0.881250,,,391,128,126,122,【普陀】【2022】名额到校最低分数线.pdf,1
2022,普陀区,上海市洵阳中学,,上海市宜川中学,,区属,723.5,800.0,0.904375,,,391.5,123,127,138,【普陀】【2022】名额到校最低分数线.pdf,1
2022,普陀区,上海市洵阳中学,,华东师范大学第二附属中学（普陀校区）,,区属,752.5,800.0,0.940625,,,420.5,143,134,136,【普陀】【2022】名额到校最低分数线.pdf,1
2022,普陀区,上海市北海中学,,上海市晋元高级中学,,区属,731,800.0,0.913750,,,405,142,128,135,【普陀】【2022】名额到校最低分数线.pdf,1
2022,普陀区,上海市北海中学,,上海市曹杨第二中学,,区属,746.5,800.0,0.933125,,,410.5,144,129,139,【普陀】【2022】名额到校最低分数线.pdf,1
2022,普陀区,上海市北海中学,,上海市宜川中学,,区属,720.5,800.0,0.900625,,,396.5,129,127,131,【普陀】【2022】名额到校最低分数线.pdf,1
2022,普陀区,上海市北海中学,,华东师范大学第二附属中学（普陀校区）,,区属,761,800.0,0.951250,,,421,141,140,142,【普陀】【2022】名额到校最低分数线.pdf,1
2022,普陀区,上海市延河中学,,上海市晋元高级中学,,区属,704.5,800.0,0.880625,,,387,134,120,127,【普陀】【2022】名额到校最低分数线.pdf,1
2022,普陀区,上海市延河中学,,上海市曹杨第二中学,,区属,701,800.0,0.876250,,,379.5,123,125,130,【普陀】【2022】名额到校最低分数线.pdf,1
2022,普陀区,上海市延河中学,,上海市宜川中学,,区属,715.5,800.0,0.894375,,,396,125,131,128,【普陀】【2022】名额到校最低分数线.pdf,1
2022,普陀区,上海市延河中学,,华东师范大学第二附属中学（普陀校区）,,区属,756,800.0,0.945000,,,420.5,146,132,143,【普陀】【2022】名额到校最低分数线.pdf,1
2022,普陀区,上海市延河中学,,华东师范大学第二附属中学,,委属,767.5,800.0,0.959375,,,425.5,143,136,146,【普陀】【2022】名额到校最低分数线.pdf,1
2022,普陀区,上海市兴陇中学,,上海市晋元高级中学,,区属,721,800.0,0.901250,,,396,128,131,132,【普陀】【2022】名额到校最低分数线.pdf,1
2022,普陀区,上海市兴陇中学,,上海市曹杨第二中学,,区属,730,800.0,0.912500,,,404,131,129,137,【普陀】【2022】名额到校最低分数线.pdf,1
2022,普陀区,上海市兴陇中学,,上海市宜川中学,,区属,717,800.0,0.896250,,,398,136,126,125,【普陀】【2022】名额到校最低分数线.pdf,1
2022,普陀区,上海市兴陇中学,,复旦大学附属中学,,委属,766.5,800.0,0.958125,,,424.5,149,130,144,【普陀】【2022】名额到校最低分数线.pdf,1
2022,普陀区,华东师范大学第四附属中学,,上海市晋元高级中学,,区属,737,800.0,0.921250,,,411,142,132,137,【普陀】【2022】名额到校最低分数线.pdf,1
2022,普陀区,华东师范大学第四附属中学,,上海市曹杨第二中学,,区属,752.5,800.0,0.940625,,,416.5,137,133,141,【普陀】【2022】名额到校最低分数线.pdf,1
2022,普陀区,华东师范大学第四附属中学,,上海市宜川中学,,区属,715.5,800.0,0.894375,,,394.5,128,128,124,【普陀】【2022】名额到校最低分数线.pdf,2
2022,普陀区,华东师范大学第四附属中学,,华东师范大学第二附属中学（普陀校区）,,区属,768.5,800.0,0.960625,,,424.5,147,134,144,【普陀】【2022】名额到校最低分数线.pdf,2
2022,普陀区,上海市怒江中学,,上海市晋元高级中学,,区属,695.5,800.0,0.869375,,,381.5,118,125,122,【普陀】【2022】名额到校最低分数线.pdf,2
2022,普陀区,上海市怒江中学,,上海市曹杨第二中学,,区属,728.5,800.0,0.910625,,,405.5,138,130,127,【普陀】【2022】名额到校最低分数线.pdf,2
2022,普陀区,上海市怒江中学,,上海市宜川中学,,区属,722,800.0,0.902500,,,405,132,134,128,【普陀】【2022】名额到校最低分数线.pdf,2
2022,普陀区,上海市怒江中学,,华东师范大学第二附属中学（普陀校区）,,区属,768,800.0,0.960000,,,430,148,135,144,【普陀】【2022】名额到校最低分数线.pdf,2
2022,普陀区,上海师范大学附属第二实验学校,,上海市晋元高级中学,,区属,741.5,800.0,0.926875,,,407.5,134,131,138,【普陀】【2022】名额到校最低分数线.pdf,2
2022,普陀区,上海师范大学附属第二实验学校,,上海市曹杨第二中学,,区属,743.5,800.0,0.929375,,,408.5,128,132,138,【普陀】【2022】名额到校最低分数线.pdf,2
2022,普陀区,上海师范大学附属第二实验学校,,上海市宜川中学,,区属,727,800.0,0.908750,,,399,131,128,142,【普陀】【2022】名额到校最低分数线.pdf,2
2022,普陀区,上海师范大学附属第二实验学校,,华东师范大学第二附属中学（普陀校区）,,区属,752,800.0,0.940000,,,413,139,131,141,【普陀】【2022】名额到校最低分数线.pdf,2
2022,普陀区,上海市真北中学,,上海市晋元高级中学,,区属,746.5,800.0,0.933125,,,412.5,139,130,138,【普陀】【2022】名额到校最低分数线.pdf,2
2022,普陀区,上海市真北中学,,上海市曹杨第二中学,,区属,760,800.0,0.950000,,,423,149,128,142,【普陀】【2022】名额到校最低分数线.pdf,2
2022,普陀区,上海市真北中学,,上海市宜川中学,,区属,727,800.0,0.908750,,,417,148,128,118,【普陀】【2022】名额到校最低分数线.pdf,2
2022,普陀区,上海市真北中学,,华东师范大学第二附属中学（普陀校区）,,区属,758,800.0,0.947500,,,425,150,134,139,【普陀】【2022】名额到校最低分数线.pdf,2
2022,普陀区,上海市普陀区教育学院附属中学,,上海市晋元高级中学,,区属,726,800.0,0.907500,,,398,135,126,134,【普陀】【2022】名额到校最低分数线.pdf,2
2022,普陀区,上海市普陀区教育学院附属中学,,上海市曹杨第二中学,,区属,751,800.0,0.938750,,,412,137,133,143,【普陀】【2022】名额到校最低分数线.pdf,2
2022,普陀区,上海市普陀区教育学院附属中学,,上海市宜川中学,,区属,721.5,800.0,0.901875,,,389.5,115,135,134,【普陀】【2022】名额到校最低分数线.pdf,2
2022,普陀区,上海市普陀区教育学院附属中学,,华东师范大学第二附属中学（普陀校区）,,区属,753.5,800.0,0.941875,,,415.5,147,130,143,【普陀】【2022】名额到校最低分数线.pdf,2
2022,普陀区,上海市梅陇中学,,上海市晋元高级中学,,区属,734,800.0,0.917500,,,400,134,127,139,【普陀】【2022】名额到校最低分数线.pdf,2
2022,普陀区,上海市梅陇中学,,上海市曹杨第二中学,,区属,754.5,800.0,0.943125,,,412.5,139,131,144,【普陀】【2022】名额到校最低分数线.pdf,2
2022,普陀区,上海市梅陇中学,,上海市宜川中学,,区属,717,800.0,0.896250,,,392,132,123,131,【普陀】【2022】名额到校最低分数线.pdf,2
2022,普陀区,上海市梅陇中学,,华东师范大学第二附属中学（普陀校区）,,区属,762,800.0,0.952500,,,425,149,138,140,【普陀】【2022】名额到校最低分数线.pdf,2
2022,普陀区,上海市梅陇中学,,上海交通大学附属中学,,委属,770.5,800.0,0.963125,,,425.5,146,137,148,【普陀】【2022】名额到校最低分数线.pdf,2
2022,普陀区,上海市曹杨中学,,上海市晋元高级中学,,区属,687.5,800.0,0.859375,,,361.5,117,115,134,【普陀】【2022】名额到校最低分数线.pdf,3
2022,普陀区,上海市曹杨中学,,上海市曹杨第二中学,,区属,746,800.0,0.932500,,,410,134,135,145,【普陀】【2022】名额到校最低分数线.pdf,3
2022,普陀区,上海市曹杨中学,,上海市宜川中学,,区属,726,800.0,0.907500,,,405,136,130,131,【普陀】【2022】名额到校最低分数线.pdf,3
2022,普陀区,上海市曹杨中学,,华东师范大学第二附属中学（普陀校区）,,区属,761.5,800.0,0.951875,,,420.5,146,131,146,【普陀】【2022】名额到校最低分数线.pdf,3
2022,普陀区,上海市曹杨中学,,上海交通大学附属中学,,委属,766.5,800.0,0.958125,,,428.5,150,137,142,【普陀】【2022】名额到校最低分数线.pdf,3
2022,普陀区,同济大学第二附属中学,,上海市晋元高级中学,,区属,717,800.0,0.896250,,,393.5,126,128,124,【普陀】【2022】名额到校最低分数线.pdf,3
2022,普陀区,同济大学第二附属中学,,上海市曹杨第二中学,,区属,745.5,800.0,0.931875,,,418.5,145,132,135,【普陀】【2022】名额到校最低分数线.pdf,3
2022,普陀区,同济大学第二附属中学,,上海市宜川中学,,区属,731.5,800.0,0.914375,,,412.5,134,136,129,【普陀】【2022】名额到校最低分数线.pdf,3
2022,普陀区,同济大学第二附属中学,,华东师范大学第二附属中学（普陀校区）,,区属,764,800.0,0.955000,,,427,150,134,141,【普陀】【2022】名额到校最低分数线.pdf,3
2022,普陀区,上海市新杨中学,,上海市晋元高级中学,,区属,716.5,800.0,0.895625,,,393.5,123,131,126,【普陀】【2022】名额到校最低分数线.pdf,3
2022,普陀区,上海市新杨中学,,上海市曹杨第二中学,,区属,739.5,800.0,0.924375,,,411.5,140,127,137,【普陀】【2022】名额到校最低分数线.pdf,3
2022,普陀区,上海市新杨中学,,上海市宜川中学,,区属,718.5,800.0,0.898125,,,392.5,130,125,134,【普陀】【2022】名额到校最低分数线.pdf,3
2022,普陀区,上海市新杨中学,,华东师范大学第二附属中学（普陀校区）,,区属,720,800.0,0.900000,,,399,133,131,125,【普陀】【2022】名额到校最低分数线.pdf,3
2022,普陀区,上海市长征中学,,上海市晋元高级中学,,区属,725,800.0,0.906250,,,400,135,130,128,【普陀】【2022】名额到校最低分数线.pdf,3
2022,普陀区,上海市长征中学,,上海市曹杨第二中学,,区属,745,800.0,0.931250,,,409,134,134,141,【普陀】【2022】名额到校最低分数线.pdf,3
2022,普陀区,上海市长征中学,,上海市宜川中学,,区属,713,800.0,0.891250,,,391,122,134,129,【普陀】【2022】名额到校最低分数线.pdf,3
2022,普陀区,上海市长征中学,,华东师范大学第二附属中学（普陀校区）,,区属,765,800.0,0.956250,,,428,144,137,139,【普陀】【2022】名额到校最低分数线.pdf,3
2022,普陀区,上海市桃浦中学,,上海市晋元高级中学,,区属,723.5,800.0,0.904375,,,395.5,132,128,132,【普陀】【2022】名额到校最低分数线.pdf,3
2022,普陀区,上海市桃浦中学,,上海市曹杨第二中学,,区属,677,800.0,0.846250,,,370,121,126,114,【普陀】【2022】名额到校最低分数线.pdf,3
2022,普陀区,上海市桃浦中学,,上海市宜川中学,,区属,714,800.0,0.892500,,,389,130,123,135,【普陀】【2022】名额到校最低分数线.pdf,3
2022,普陀区,上海市桃浦中学,,华东师范大学第二附属中学（普陀校区）,,区属,746,800.0,0.932500,,,407,138,128,142,【普陀】【2022】名额到校最低分数线.pdf,3
2022,普陀区,上海市晋元高级中学附属学校南校,,上海市晋元高级中学,,区属,727.5,800.0,0.909375,,,395.5,137,119,136,【普陀】【2022】名额到校最低分数线.pdf,3
2022,普陀区,上海市晋元高级中学附属学校南校,,上海市曹杨第二中学,,区属,725,800.0,0.906250,,,391,133,126,136,【普陀】【2022】名额到校最低分数线.pdf,3
2022,普陀区,上海市晋元高级中学附属学校南校,,上海市宜川中学,,区属,718.5,800.0,0.898125,,,392.5,125,134,124,【普陀】【2022】名额到校最低分数线.pdf,4
2022,普陀区,上海市晋元高级中学附属学校南校,,华东师范大学第二附属中学（普陀校区）,,区属,741.5,800.0,0.926875,,,403.5,142,128,142,【普陀】【2022】名额到校最低分数线.pdf,4
2022,普陀区,上海市光新学校,,上海市晋元高级中学,,区属,729.5,800.0,0.911875,,,392.5,123,129,139,【普陀】【2022】名额到校最低分数线.pdf,4
2022,普陀区,上海市光新学校,,上海市宜川中学,,区属,702,800.0,0.877500,,,378,123,120,131,【普陀】【2022】名额到校最低分数线.pdf,4
2022,普陀区,上海市光新学校,,华东师范大学第二附属中学（普陀校区）,,区属,731.5,800.0,0.914375,,,403.5,127,135,131,【普陀】【2022】名额到校最低分数线.pdf,4
2022,普陀区,上海市铜川学校,,上海市上海中学,,委属,757,800.0,0.946250,,,414,129,139,148,【普陀】【2022】名额到校最低分数线.pdf,4
2022,普陀区,上海市铜川学校,,上海市晋元高级中学,,区属,707,800.0,0.883750,,,392,120,132,123,【普陀】【2022】名额到校最低分数线.pdf,4
2022,普陀区,上海市铜川学校,,上海市曹杨第二中学,,区属,740,800.0,0.925000,,,404,136,128,144,【普陀】【2022】名额到校最低分数线.pdf,4
2022,普陀区,上海市铜川学校,,上海市宜川中学,,区属,726.5,800.0,0.908125,,,400.5,133,129,140,【普陀】【2022】名额到校最低分数线.pdf,4
2022,普陀区,上海市铜川学校,,华东师范大学第二附属中学（普陀校区）,,区属,764.5,800.0,0.955625,,,426.5,147,136,142,【普陀】【2022】名额到校最低分数线.pdf,4
2022,普陀区,上海市沙田学校,,上海市晋元高级中学,,区属,726,800.0,0.907500,,,400,131,138,123,【普陀】【2022】名额到校最低分数线.pdf,4
2022,普陀区,上海市沙田学校,,上海市曹杨第二中学,,区属,743.5,800.0,0.929375,,,409.5,134,134,136,【普陀】【2022】名额到校最低分数线.pdf,4
2022,普陀区,上海市沙田学校,,上海市宜川中学,,区属,734.5,800.0,0.918125,,,411.5,143,126,129,【普陀】【2022】名额到校最低分数线.pdf,4
2022,普陀区,上海市沙田学校,,华东师范大学第二附属中学（普陀校区）,,区属,751.5,800.0,0.939375,,,418.5,147,133,139,【普陀】【2022】名额到校最低分数线.pdf,4
2022,普陀区,华东师范大学附属外国语实验学校,,上海市晋元高级中学,,区属,737.5,800.0,0.921875,,,410.5,144,123,135,【普陀】【2022】名额到校最低分数线.pdf,4
2022,普陀区,华东师范大学附属外国语实验学校,,上海市曹杨第二中学,,区属,754.5,800.0,0.943125,,,412.5,145,129,143,【普陀】【2022】名额到校最低分数线.pdf,4
2022,普陀区,华东师范大学附属外国语实验学校,,上海市宜川中学,,区属,729,800.0,0.911250,,,399,130,129,134,【普陀】【2022】名额到校最低分数线.pdf,4
2022,普陀区,华东师范大学附属外国语实验学校,,华东师范大学第二附属中学（普陀校区）,,区属,752,800.0,0.940000,,,417,143,136,139,【普陀】【2022】名额到校最低分数线.pdf,4
2022,普陀区,上海市子长学校,,上海市晋元高级中学,,区属,689,800.0,0.861250,,,376,127,122,123,【普陀】【2022】名额到校最低分数线.pdf,4
2022,普陀区,上海市子长学校,,上海市曹杨第二中学,,区属,750,800.0,0.937500,,,414,141,129,141,【普陀】【2022】名额到校最低分数线.pdf,4
2022,普陀区,上海市子长学校,,上海市宜川中学,,区属,725,800.0,0.906250,,,404,130,130,130,【普陀】【2022】名额到校最低分数线.pdf,4
2022,普陀区,上海市子长学校,,华东师范大学第二附属中学（普陀校区）,,区属,749.5,800.0,0.936875,,,411.5,144,128,144,【普陀】【2022】名额到校最低分数线.pdf,4
2022,普陀区,上海市洛川学校,,上海市晋元高级中学,,区属,741.5,800.0,0.926875,,,407.5,140,125,138,【普陀】【2022】名额到校最低分数线.pdf,4
2022,普陀区,上海市洛川学校,,上海市曹杨第二中学,,区属,739,800.0,0.923750,,,403,142,123,144,【普陀】【2022】名额到校最低分数线.pdf,5
2022,普陀区,上海市洛川学校,,上海市宜川中学,,区属,719,800.0,0.898750,,,391,126,121,134,【普陀】【2022】名额到校最低分数线.pdf,5
2022,普陀区,上海市洛川学校,,华东师范大学第二附属中学（普陀校区）,,区属,757.5,800.0,0.946875,,,415.5,145,129,144,【普陀】【2022】名额到校最低分数线.pdf,5
2022,普陀区,上海市洛川学校,,复旦大学附属中学,,委属,767,800.0,0.958750,,,430,143,143,141,【普陀】【2022】名额到校最低分数线.pdf,5
2022,普陀区,上海市宜川中学附属学校,,上海市晋元高级中学,,区属,728.5,800.0,0.910625,,,399.5,135,132,137,【普陀】【2022】名额到校最低分数线.pdf,5
2022,普陀区,上海市宜川中学附属学校,,上海市曹杨第二中学,,区属,719,800.0,0.898750,,,382,124,124,140,【普陀】【2022】名额到校最低分数线.pdf,5
2022,普陀区,上海市宜川中学附属学校,,上海市宜川中学,,区属,723.5,800.0,0.904375,,,391.5,125,129,135,【普陀】【2022】名额到校最低分数线.pdf,5
2022,普陀区,上海市宜川中学附属学校,,华东师范大学第二附属中学（普陀校区）,,区属,733.5,800.0,0.916875,,,390.5,126,125,146,【普陀】【2022】名额到校最低分数线.pdf,5
2022,普陀区,上海市曹杨中学附属学校,,上海市晋元高级中学,,区属,739.5,800.0,0.924375,,,397.5,137,130,145,【普陀】【2022】名额到校最低分数线.pdf,5
2022,普陀区,上海市曹杨中学附属学校,,上海市曹杨第二中学,,区属,750.5,800.0,0.938125,,,416.5,145,130,137,【普陀】【2022】名额到校最低分数线.pdf,5
2022,普陀区,上海市曹杨中学附属学校,,上海市宜川中学,,区属,713,800.0,0.891250,,,389,130,123,131,【普陀】【2022】名额到校最低分数线.pdf,5
2022,普陀区,上海市曹杨中学附属学校,,华东师范大学第二附属中学（普陀校区）,,区属,758.5,800.0,0.948125,,,417.5,145,134,144,【普陀】【2022】名额到校最低分数线.pdf,5
2022,普陀区,上海市曹杨中学附属学校,,上海交通大学附属中学,,委属,739,800.0,0.923750,,,412,143,133,130,【普陀】【2022】名额到校最低分数线.pdf,5
2022,普陀区,上海市普陀区教育学院附属学校,,上海市晋元高级中学,,区属,742,800.0,0.927500,,,402.5,135,130,146,【普陀】【2022】名额到校最低分数线.pdf,5
2022,普陀区,上海市普陀区教育学院附属学校,,上海市曹杨第二中学,,区属,747,800.0,0.933750,,,413,144,129,141,【普陀】【2022】名额到校最低分数线.pdf,5
2022,普陀区,上海市普陀区教育学院附属学校,,上海市宜川中学,,区属,725,800.0,0.906250,,,392,143,120,140,【普陀】【2022】名额到校最低分数线.pdf,5
2022,普陀区,上海市普陀区教育学院附属学校,,华东师范大学第二附属中学（普陀校区）,,区属,754.5,800.0,0.943125,,,418.5,147,135,144,【普陀】【2022】名额到校最低分数线.pdf,5
2022,普陀区,上海市晋元高级中学附属学校,,上海市晋元高级中学,,区属,741,800.0,0.926250,,,405,137,125,139,【普陀】【2022】名额到校最低分数线.pdf,5
2022,普陀区,上海市晋元高级中学附属学校,,上海市曹杨第二中学,,区属,741.5,800.0,0.926875,,,415.5,142,136,132,【普陀】【2022】名额到校最低分数线.pdf,5
2022,普陀区,上海市晋元高级中学附属学校,,上海市宜川中学,,区属,727.5,800.0,0.909375,,,389.5,124,131,142,【普陀】【2022】名额到校最低分数线.pdf,5
2022,普陀区,上海市晋元高级中学附属学校,,华东师范大学第二附属中学（普陀校区）,,区属,756.5,800.0,0.945625,,,419.5,146,133,139,【普陀】【2022】名额到校最低分数线.pdf,5
2022,普陀区,上海市晋元高级中学附属学校,,华东师范大学第二附属中学,,委属,771.5,800.0,0.964375,,,428.5,150,133,144,【普陀】【2022】名额到校最低分数线.pdf,5
2022,普陀区,上海市曹杨第二中学附属学校,,上海市上海中学,,委属,761.5,800.0,0.951875,,,419.5,150,126,145,【普陀】【2022】名额到校最低分数线.pdf,5
2022,普陀区,上海市曹杨第二中学附属学校,,上海市晋元高级中学,,区属,739,800.0,0.923750,,,399,130,128,145,【普陀】【2022】名额到校最低分数线.pdf,6
2022,普陀区,上海市曹杨第二中学附属学校,,上海市曹杨第二中学,,区属,757,800.0,0.946250,,,415,149,130,146,【普陀】【2022】名额到校最低分数线.pdf,6
2022,普陀区,上海市曹杨第二中学附属学校,,上海市宜川中学,,区属,726.5,800.0,0.908125,,,400.5,140,128,137,【普陀】【2022】名额到校最低分数线.pdf,6
2022,普陀区,上海市曹杨第二中学附属学校,,华东师范大学第二附属中学（普陀校区）,,区属,747,800.0,0.933750,,,413,144,127,140,【普陀】【2022】名额到校最低分数线.pdf,6
2022,普陀区,上海市江宁学校,,上海市晋元高级中学,,区属,739,800.0,0.923750,,,406,134,132,137,【普陀】【2022】名额到校最低分数线.pdf,6
2022,普陀区,上海市江宁学校,,上海市曹杨第二中学,,区属,748.5,800.0,0.935625,,,410.5,142,130,141,【普陀】【2022】名额到校最低分数线.pdf,6
2022,普陀区,上海市江宁学校,,上海市宜川中学,,区属,718,800.0,0.897500,,,393,128,124,134,【普陀】【2022】名额到校最低分数线.pdf,6
2022,普陀区,上海市江宁学校,,华东师范大学第二附属中学（普陀校区）,,区属,761.5,800.0,0.951875,,,417.5,145,132,146,【普陀】【2022】名额到校最低分数线.pdf,6
2022,普陀区,上海市中远实验学校,,上海市上海中学,,委属,764,800.0,0.955000,,,423,143,137,145,【普陀】【2022】名额到校最低分数线.pdf,6
2022,普陀区,上海市中远实验学校,,上海市晋元高级中学,,区属,739,800.0,0.923750,,,401,135,126,141,【普陀】【2022】名额到校最低分数线.pdf,6
2022,普陀区,上海市中远实验学校,,上海市曹杨第二中学,,区属,756,800.0,0.945000,,,413,138,132,144,【普陀】【2022】名额到校最低分数线.pdf,6
2022,普陀区,上海市中远实验学校,,上海市宜川中学,,区属,723.5,800.0,0.904375,,,388.5,126,119,140,【普陀】【2022】名额到校最低分数线.pdf,6
2022,普陀区,上海市中远实验学校,,华东师范大学第二附属中学（普陀校区）,,区属,762,800.0,0.952500,,,425,145,137,143,【普陀】【2022】名额到校最低分数线.pdf,6
2022,普陀区,上海外国语大学尚阳外国语学校,,上海市晋元高级中学,,区属,722,800.0,0.902500,,,394,131,121,132,【普陀】【2022】名额到校最低分数线.pdf,6
2022,普陀区,上海外国语大学尚阳外国语学校,,上海市曹杨第二中学,,区属,732,800.0,0.915000,,,401,129,129,136,【普陀】【2022】名额到校最低分数线.pdf,6
2022,普陀区,上海外国语大学尚阳外国语学校,,上海市宜川中学,,区属,717,800.0,0.896250,,,396,125,133,127,【普陀】【2022】名额到校最低分数线.pdf,6
2022,普陀区,上海外国语大学尚阳外国语学校,,华东师范大学第二附属中学（普陀校区）,,区属,767,800.0,0.958750,,,428,146,137,140,【普陀】【2022】名额到校最低分数线.pdf,6
2022,普陀区,上海市文达学校,,上海市晋元高级中学,,区属,741.5,800.0,0.926875,,,406.5,131,129,139,【普陀】【2022】名额到校最低分数线.pdf,6
2022,普陀区,上海市文达学校,,上海市曹杨第二中学,,区属,748.5,800.0,0.935625,,,414.5,141,131,137,【普陀】【2022】名额到校最低分数线.pdf,6
2022,普陀区,上海市文达学校,,上海市宜川中学,,区属,729,800.0,0.911250,,,395,126,131,138,【普陀】【2022】名额到校最低分数线.pdf,6
2022,普陀区,上海市文达学校,,华东师范大学第二附属中学（普陀校区）,,区属,758.5,800.0,0.948125,,,422.5,148,129,140,【普陀】【2022】名额到校最低分数线.pdf,6
2022,普陀区,上海理工大学附属普陀实验学校,,上海市晋元高级中学,,区属,748.5,800.0,0.935625,,,415.5,139,132,134,【普陀】【2022】名额到校最低分数线.pdf,6
2022,普陀区,上海理工大学附属普陀实验学校,,上海市曹杨第二中学,,区属,736,800.0,0.920000,,,406,140,132,136,【普陀】【2022】名额到校最低分数线.pdf,6
2022,普陀区,上海理工大学附属普陀实验学校,,上海市宜川中学,,区属,711,800.0,0.888750,,,393,132,129,123,【普陀】【2022】名额到校最低分数线.pdf,7
2022,普陀区,上海理工大学附属普陀实验学校,,华东师范大学第二附属中学（普陀校区）,,区属,729.5,800.0,0.911875,,,400.5,131,127,136,【普陀】【2022】名额到校最低分数线.pdf,7
2022,普陀区,上海市万里城实验学校,,上海市晋元高级中学,,区属,712.5,800.0,0.890625,,,386.5,130,129,135,【普陀】【2022】名额到校最低分数线.pdf,7
2022,普陀区,上海市万里城实验学校,,上海市曹杨第二中学,,区属,731.5,800.0,0.914375,,,406.5,132,132,131,【普陀】【2022】名额到校最低分数线.pdf,7
2022,普陀区,上海市万里城实验学校,,上海市宜川中学,,区属,716.5,800.0,0.895625,,,390.5,130,123,135,【普陀】【2022】名额到校最低分数线.pdf,7
2022,普陀区,上海市万里城实验学校,,华东师范大学第二附属中学（普陀校区）,,区属,753.5,800.0,0.941875,,,420.5,146,131,138,【普陀】【2022】名额到校最低分数线.pdf,7
2022,普陀区,上海市万里城实验学校,,上海交通大学附属中学,,委属,752,800.0,0.940000,,,414,146,128,144,【普陀】【2022】名额到校最低分数线.pdf,7
2023,普陀区,上海市洵阳中学,,上海市晋元高级中学,,区属,732.5,800.0,0.915625,,,否,398.5,126,132,139,【普陀】【2023】名额到校最低分数线.pdf,1
2023,普陀区,上海市洵阳中学,,上海市曹杨第二中学,,区属,735.5,800.0,0.919375,,,否,403.5,140,127,137,【普陀】【2023】名额到校最低分数线.pdf,1
2023,普陀区,上海市洵阳中学,,上海市宜川中学,,区属,712.5,800.0,0.890625,,,否,389.5,131,125,126,【普陀】【2023】名额到校最低分数线.pdf,1
2023,普陀区,上海市洵阳中学,,华东师范大学第二附属中学（普陀校区）,,区属,744.5,800.0,0.930625,,,否,407.5,132,130,139,【普陀】【2023】名额到校最低分数线.pdf,1
2023,普陀区,上海市洵阳中学,,上海交通大学附属中学,,委属,750.5,800.0,0.938125,,,否,414.5,136,133,139,【普陀】【2023】名额到校最低分数线.pdf,1
2023,普陀区,上海市北海中学,,上海市晋元高级中学,,区属,724.5,800.0,0.905625,,,否,402.5,122,135,129,【普陀】【2023】名额到校最低分数线.pdf,1
2023,普陀区,上海市北海中学,,上海市曹杨第二中学,,区属,731.5,800.0,0.914375,,,否,408.5,129,139,128,【普陀】【2023】名额到校最低分数线.pdf,1
2023,普陀区,上海市北海中学,,上海市宜川中学,,区属,711.5,800.0,0.889375,,,否,392.5,108,140,125,【普陀】【2023】名额到校最低分数线.pdf,1
2023,普陀区,上海市北海中学,,华东师范大学第二附属中学（普陀校区）,,区属,752.5,800.0,0.940625,,,否,418.5,135,139,138,【普陀】【2023】名额到校最低分数线.pdf,1
2023,普陀区,上海市延河中学,,上海市晋元高级中学,,区属,719.5,800.0,0.899375,,,否,392.5,132,125,132,【普陀】【2023】名额到校最低分数线.pdf,1
2023,普陀区,上海市延河中学,,上海市曹杨第二中学,,区属,725,800.0,0.906250,,,否,398,126,128,133,【普陀】【2023】名额到校最低分数线.pdf,1
2023,普陀区,上海市延河中学,,上海市宜川中学,,区属,711.5,800.0,0.889375,,,否,391.5,122,133,132,【普陀】【2023】名额到校最低分数线.pdf,1
2023,普陀区,上海市延河中学,,华东师范大学第二附属中学（普陀校区）,,区属,748.5,800.0,0.935625,,,否,413.5,134,136,138,【普陀】【2023】名额到校最低分数线.pdf,1
2023,普陀区,上海市曹杨第二中学附属实验中学,,上海市晋元高级中学,,区属,724.5,800.0,0.905625,,,否,398.5,129,127,132,【普陀】【2023】名额到校最低分数线.pdf,1
2023,普陀区,上海市曹杨第二中学附属实验中学,,上海市曹杨第二中学,,区属,732,800.0,0.915000,,,否,405,125,135,131,【普陀】【2023】名额到校最低分数线.pdf,1
2023,普陀区,上海市曹杨第二中学附属实验中学,,上海市宜川中学,,区属,715.5,800.0,0.894375,,,否,390.5,124,127,129,【普陀】【2023】名额到校最低分数线.pdf,1
2023,普陀区,上海市曹杨第二中学附属实验中学,,华东师范大学第二附属中学（普陀校区）,,区属,695,800.0,0.868750,,,否,381.5,124,122,122.5,【普陀】【2023】名额到校最低分数线.pdf,1
2023,普陀区,华东师范大学第四附属中学,,上海市晋元高级中学,,区属,731,800.0,0.913750,,,否,407,125,140,128,【普陀】【2023】名额到校最低分数线.pdf,1
2023,普陀区,华东师范大学第四附属中学,,上海市曹杨第二中学,,区属,742.5,800.0,0.928125,,,否,411.5,128,140,133,【普陀】【2023】名额到校最低分数线.pdf,1
2023,普陀区,华东师范大学第四附属中学,,上海市宜川中学,,区属,714,800.0,0.892500,,,否,389,121,129,131,【普陀】【2023】名额到校最低分数线.pdf,1
2023,普陀区,华东师范大学第四附属中学,,华东师范大学第二附属中学（普陀校区）,,区属,750,800.0,0.937500,,,否,404,138,122,145,【普陀】【2023】名额到校最低分数线.pdf,1
2023,普陀区,华东师范大学第四附属中学,,上海交通大学附属中学,,委属,756.5,800.0,0.945625,,,否,420.5,141,135,139,【普陀】【2023】名额到校最低分数线.pdf,1
2023,普陀区,上海市怒江中学,,上海市晋元高级中学,,区属,728.5,800.0,0.910625,,,否,400.5,128,130,132,【普陀】【2023】名额到校最低分数线.pdf,1
2023,普陀区,上海市怒江中学,,上海市曹杨第二中学,,区属,745.5,800.0,0.931875,,,否,408.5,129,140,139,【普陀】【2023】名额到校最低分数线.pdf,1
2023,普陀区,上海市怒江中学,,上海市宜川中学,,区属,719,800.0,0.898750,,,否,389,121,133,135,【普陀】【2023】名额到校最低分数线.pdf,1
2023,普陀区,上海市怒江中学,,华东师范大学第二附属中学（普陀校区）,,区属,733,800.0,0.916250,,,否,406,141,130,134,【普陀】【2023】名额到校最低分数线.pdf,1
2023,普陀区,上海师范大学附属第二实验学校,,上海市晋元高级中学,,区属,726.5,800.0,0.908125,,,否,399.5,129,136,135,【普陀】【2023】名额到校最低分数线.pdf,1
2023,普陀区,上海师范大学附属第二实验学校,,上海市曹杨第二中学,,区属,737.5,800.0,0.921875,,,否,410.5,137,128,129,【普陀】【2023】名额到校最低分数线.pdf,1
2023,普陀区,上海师范大学附属第二实验学校,,上海市宜川中学,,区属,710,800.0,0.887500,,,否,388,130,121,133,【普陀】【2023】名额到校最低分数线.pdf,1
2023,普陀区,上海师范大学附属第二实验学校,,华东师范大学第二附属中学（普陀校区）,,区属,745,800.0,0.931250,,,否,417,143,130,132,【普陀】【2023】名额到校最低分数线.pdf,2
2023,普陀区,上海市真北中学,,上海市晋元高级中学,,区属,736,800.0,0.920000,,,否,399,132,123,140,【普陀】【2023】名额到校最低分数线.pdf,2
2023,普陀区,上海市真北中学,,上海市曹杨第二中学,,区属,743,800.0,0.928750,,,否,410,131,133,136,【普陀】【2023】名额到校最低分数线.pdf,2
2023,普陀区,上海市真北中学,,上海市宜川中学,,区属,721,800.0,0.901250,,,否,403,132,127,120,【普陀】【2023】名额到校最低分数线.pdf,2
2023,普陀区,上海市真北中学,,华东师范大学第二附属中学（普陀校区）,,区属,752,800.0,0.940000,,,否,412,132,134,137,【普陀】【2023】名额到校最低分数线.pdf,2
2023,普陀区,上海市普陀区教育学院附属中学,,上海市晋元高级中学,,区属,734,800.0,0.917500,,,否,400,130,128,137,【普陀】【2023】名额到校最低分数线.pdf,2
2023,普陀区,上海市普陀区教育学院附属中学,,上海市曹杨第二中学,,区属,741.5,800.0,0.926875,,,否,406.5,129,132,140,【普陀】【2023】名额到校最低分数线.pdf,2
2023,普陀区,上海市普陀区教育学院附属中学,,上海市宜川中学,,区属,720,800.0,0.900000,,,否,400,126,135,128,【普陀】【2023】名额到校最低分数线.pdf,2
2023,普陀区,上海市普陀区教育学院附属中学,,华东师范大学第二附属中学（普陀校区）,,区属,748,800.0,0.935000,,,否,415,136,131,135,【普陀】【2023】名额到校最低分数线.pdf,2
2023,普陀区,上海市普陀区教育学院附属中学,,华东师范大学第二附属中学,,委属,755.5,800.0,0.944375,,,否,418.5,135,136,141,【普陀】【2023】名额到校最低分数线.pdf,2
2023,普陀区,上海市梅陇中学,,上海市上海中学,,委属,756.5,800.0,0.945625,,,否,420.5,144,134,143,【普陀】【2023】名额到校最低分数线.pdf,2
2023,普陀区,上海市梅陇中学,,上海市晋元高级中学,,区属,729.5,800.0,0.911875,,,否,404.5,131,130,129,【普陀】【2023】名额到校最低分数线.pdf,2
2023,普陀区,上海市梅陇中学,,上海市曹杨第二中学,,区属,743,800.0,0.928750,,,否,410,135,130,138,【普陀】【2023】名额到校最低分数线.pdf,2
2023,普陀区,上海市梅陇中学,,上海市宜川中学,,区属,712.5,800.0,0.890625,,,否,386.5,115,134,130,【普陀】【2023】名额到校最低分数线.pdf,2
2023,普陀区,上海市梅陇中学,,华东师范大学第二附属中学（普陀校区）,,区属,752,800.0,0.940000,,,否,423,137,141,134,【普陀】【2023】名额到校最低分数线.pdf,2
2023,普陀区,上海市曹杨中学,,上海市晋元高级中学,,区属,721,800.0,0.901250,,,否,399,126,132,126,【普陀】【2023】名额到校最低分数线.pdf,2
2023,普陀区,上海市曹杨中学,,上海市曹杨第二中学,,区属,730.5,800.0,0.913125,,,否,398.5,136,119,138,【普陀】【2023】名额到校最低分数线.pdf,2
2023,普陀区,上海市曹杨中学,,上海市宜川中学,,区属,707.5,800.0,0.884375,,,否,381.5,119,125,132,【普陀】【2023】名额到校最低分数线.pdf,2
2023,普陀区,上海市曹杨中学,,华东师范大学第二附属中学（普陀校区）,,区属,712.5,800.0,0.890625,,,否,391.5,118,130,131,【普陀】【2023】名额到校最低分数线.pdf,2
2023,普陀区,上海市曹杨中学,,复旦大学附属中学,,委属,747,800.0,0.933750,,,否,407,138,123,143,【普陀】【2023】名额到校最低分数线.pdf,2
2023,普陀区,同济大学第二附属中学,,上海市上海中学,,委属,741,800.0,0.926250,,,否,409,133,131,137,【普陀】【2023】名额到校最低分数线.pdf,2
2023,普陀区,同济大学第二附属中学,,上海市晋元高级中学,,区属,712,800.0,0.890000,,,否,389.5,130,130,129,【普陀】【2023】名额到校最低分数线.pdf,2
2023,普陀区,同济大学第二附属中学,,上海市曹杨第二中学,,区属,733,800.0,0.916250,,,否,406,130,132,129,【普陀】【2023】名额到校最低分数线.pdf,2
2023,普陀区,同济大学第二附属中学,,上海市宜川中学,,区属,713,800.0,0.891250,,,否,385,124,121,130,【普陀】【2023】名额到校最低分数线.pdf,2
2023,普陀区,同济大学第二附属中学,,华东师范大学第二附属中学（普陀校区）,,区属,751.5,800.0,0.939375,,,否,415.5,135,135,139,【普陀】【2023】名额到校最低分数线.pdf,2
2023,普陀区,上海市新杨中学,,上海市上海中学,,委属,736.5,800.0,0.920625,,,否,404.5,132,130,136,【普陀】【2023】名额到校最低分数线.pdf,2
2023,普陀区,上海市新杨中学,,上海市晋元高级中学,,区属,719,800.0,0.898750,,,否,393,133,124,130,【普陀】【2023】名额到校最低分数线.pdf,2
2023,普陀区,上海市新杨中学,,上海市曹杨第二中学,,区属,728,800.0,0.910000,,,否,400,127,132,135,【普陀】【2023】名额到校最低分数线.pdf,2
2023,普陀区,上海市新杨中学,,上海市宜川中学,,区属,712,800.0,0.890000,,,否,387,121,124,130,【普陀】【2023】名额到校最低分数线.pdf,2
2023,普陀区,上海市新杨中学,,华东师范大学第二附属中学（普陀校区）,,区属,721,800.0,0.901250,,,否,396,123,125,132,【普陀】【2023】名额到校最低分数线.pdf,3
2023,普陀区,上海市长征中学,,上海市晋元高级中学,,区属,721.5,800.0,0.901875,,,否,395.5,126,135,130,【普陀】【2023】名额到校最低分数线.pdf,3
2023,普陀区,上海市长征中学,,上海市曹杨第二中学,,区属,741.5,800.0,0.926875,,,否,411.5,139,130,134,【普陀】【2023】名额到校最低分数线.pdf,3
2023,普陀区,上海市长征中学,,上海市宜川中学,,区属,714,800.0,0.892500,,,否,383,126,121,133,【普陀】【2023】名额到校最低分数线.pdf,3
2023,普陀区,上海市长征中学,,华东师范大学第二附属中学（普陀校区）,,区属,751.5,800.0,0.939375,,,否,412.5,138,134,138,【普陀】【2023】名额到校最低分数线.pdf,3
2023,普陀区,上海市桃浦中学,,上海市晋元高级中学,,区属,716.5,800.0,0.895625,,,否,392.5,134,117,134,【普陀】【2023】名额到校最低分数线.pdf,3
2023,普陀区,上海市桃浦中学,,上海市曹杨第二中学,,区属,713.5,800.0,0.891875,,,否,393.5,131,126,127,【普陀】【2023】名额到校最低分数线.pdf,3
2023,普陀区,上海市桃浦中学,,上海市宜川中学,,区属,709,800.0,0.886250,,,否,386,124,132,128,【普陀】【2023】名额到校最低分数线.pdf,3
2023,普陀区,上海市桃浦中学,,华东师范大学第二附属中学（普陀校区）,,区属,717,800.0,0.896250,,,否,391,119,131,133,【普陀】【2023】名额到校最低分数线.pdf,3
2023,普陀区,上海市桃浦中学,,复旦大学附属中学,,委属,738.5,800.0,0.923125,,,否,402.5,136,128,140,【普陀】【2023】名额到校最低分数线.pdf,3
2023,普陀区,上海市晋元高级中学附属学校南校,,上海市晋元高级中学,,区属,731,800.0,0.913750,,,否,392,131,131,142,【普陀】【2023】名额到校最低分数线.pdf,3
2023,普陀区,上海市晋元高级中学附属学校南校,,上海市曹杨第二中学,,区属,728.5,800.0,0.910625,,,否,399.5,132,126,134,【普陀】【2023】名额到校最低分数线.pdf,3
2023,普陀区,上海市晋元高级中学附属学校南校,,上海市宜川中学,,区属,706.5,800.0,0.883125,,,否,385.5,119,135,126,【普陀】【2023】名额到校最低分数线.pdf,3
2023,普陀区,上海市晋元高级中学附属学校南校,,华东师范大学第二附属中学（普陀校区）,,区属,729,800.0,0.911250,,,否,400,140,121,131,【普陀】【2023】名额到校最低分数线.pdf,3
2023,普陀区,上海市晋元高级中学附属学校南校,,上海交通大学附属中学,,委属,735,800.0,0.918750,,,否,405,133,128,135,【普陀】【2023】名额到校最低分数线.pdf,3
2023,普陀区,上海市光新学校,,上海市晋元高级中学,,区属,720.5,800.0,0.900625,,,否,386.5,128,129,135,【普陀】【2023】名额到校最低分数线.pdf,3
2023,普陀区,上海市光新学校,,上海市曹杨第二中学,,区属,714.5,800.0,0.893125,,,否,392.5,132,126,131,【普陀】【2023】名额到校最低分数线.pdf,3
2023,普陀区,上海市光新学校,,上海市宜川中学,,区属,698.5,800.0,0.873125,,,否,371.5,119,119,131,【普陀】【2023】名额到校最低分数线.pdf,3
2023,普陀区,上海市光新学校,,华东师范大学第二附属中学（普陀校区）,,区属,724,800.0,0.905000,,,否,397,122,132,131,【普陀】【2023】名额到校最低分数线.pdf,3
2023,普陀区,上海市铜川学校,,上海市晋元高级中学,,区属,727.5,800.0,0.909375,,,否,401.5,134,124,130,【普陀】【2023】名额到校最低分数线.pdf,3
2023,普陀区,上海市铜川学校,,上海市曹杨第二中学,,区属,737.5,800.0,0.921875,,,否,401.5,132,127,142,【普陀】【2023】名额到校最低分数线.pdf,3
2023,普陀区,上海市铜川学校,,上海市宜川中学,,区属,719.5,800.0,0.899375,,,否,400.5,132,130,128,【普陀】【2023】名额到校最低分数线.pdf,3
2023,普陀区,上海市铜川学校,,华东师范大学第二附属中学（普陀校区）,,区属,747.5,800.0,0.934375,,,否,414.5,138,133,139,【普陀】【2023】名额到校最低分数线.pdf,3
2023,普陀区,上海市沙田学校,,上海市晋元高级中学,,区属,724,800.0,0.905000,,,否,402,117,140,129,【普陀】【2023】名额到校最低分数线.pdf,3
2023,普陀区,上海市沙田学校,,上海市曹杨第二中学,,区属,733,800.0,0.916250,,,否,401,131,130,138,【普陀】【2023】名额到校最低分数线.pdf,3
2023,普陀区,上海市沙田学校,,上海市宜川中学,,区属,701.5,800.0,0.876875,,,否,383.5,126,122,122,【普陀】【2023】名额到校最低分数线.pdf,3
2023,普陀区,上海市沙田学校,,华东师范大学第二附属中学（普陀校区）,,区属,743.5,800.0,0.929375,,,否,406.5,125,135,140,【普陀】【2023】名额到校最低分数线.pdf,3
2023,普陀区,华东师范大学附属外国语实验学校,,上海市晋元高级中学,,区属,728.5,800.0,0.910625,,,否,408.5,120,140,125,【普陀】【2023】名额到校最低分数线.pdf,3
2023,普陀区,华东师范大学附属外国语实验学校,,上海市曹杨第二中学,,区属,740,800.0,0.925000,,,否,400,128,128,146,【普陀】【2023】名额到校最低分数线.pdf,3
2023,普陀区,华东师范大学附属外国语实验学校,,上海市宜川中学,,区属,725.5,800.0,0.906875,,,否,394.5,123,123,130,【普陀】【2023】名额到校最低分数线.pdf,4
2023,普陀区,华东师范大学附属外国语实验学校,,华东师范大学第二附属中学（普陀校区）,,区属,756.5,800.0,0.945625,,,否,423.5,135,142,136,【普陀】【2023】名额到校最低分数线.pdf,4
2023,普陀区,上海市子长学校,,上海市晋元高级中学,,区属,709.5,800.0,0.886875,,,否,393.5,128,126,122,【普陀】【2023】名额到校最低分数线.pdf,4
2023,普陀区,上海市子长学校,,上海市曹杨第二中学,,区属,732,800.0,0.915000,,,否,401,133,125,134,【普陀】【2023】名额到校最低分数线.pdf,4
2023,普陀区,上海市子长学校,,上海市宜川中学,,区属,704.5,800.0,0.880625,,,否,388.5,132,115,128,【普陀】【2023】名额到校最低分数线.pdf,4
2023,普陀区,上海市子长学校,,华东师范大学第二附属中学（普陀校区）,,区属,706,800.0,0.882500,,,否,381,130,124,136,【普陀】【2023】名额到校最低分数线.pdf,4
2023,普陀区,上海市洛川学校,,上海市晋元高级中学,,区属,724,800.0,0.905000,,,否,396,128,128,134,【普陀】【2023】名额到校最低分数线.pdf,4
2023,普陀区,上海市洛川学校,,上海市曹杨第二中学,,区属,724,800.0,0.905000,,,否,396,137,119,131,【普陀】【2023】名额到校最低分数线.pdf,4
2023,普陀区,上海市洛川学校,,上海市宜川中学,,区属,716.5,800.0,0.895625,,,否,385.5,125,120,135,【普陀】【2023】名额到校最低分数线.pdf,4
2023,普陀区,上海市洛川学校,,华东师范大学第二附属中学（普陀校区）,,区属,745,800.0,0.931250,,,否,409,136,129,139,【普陀】【2023】名额到校最低分数线.pdf,4
2023,普陀区,上海市宜川中学附属学校,,上海市晋元高级中学,,区属,717,800.0,0.896250,,,否,386,130,120,135,【普陀】【2023】名额到校最低分数线.pdf,4
2023,普陀区,上海市宜川中学附属学校,,上海市曹杨第二中学,,区属,721.5,800.0,0.901875,,,否,391.5,124,125,134,【普陀】【2023】名额到校最低分数线.pdf,4
2023,普陀区,上海市宜川中学附属学校,,上海市宜川中学,,区属,714,800.0,0.892500,,,否,379,126,114,137,【普陀】【2023】名额到校最低分数线.pdf,4
2023,普陀区,上海市宜川中学附属学校,,华东师范大学第二附属中学（普陀校区）,,区属,688.5,800.0,0.860625,,,否,378.5,121,127,117,【普陀】【2023】名额到校最低分数线.pdf,4
2023,普陀区,上海市曹杨中学附属学校,,上海市晋元高级中学,,区属,736.5,800.0,0.920625,,,否,403.5,128,128,138,【普陀】【2023】名额到校最低分数线.pdf,4
2023,普陀区,上海市曹杨中学附属学校,,上海市曹杨第二中学,,区属,743,800.0,0.928750,,,否,407,131,137,139,【普陀】【2023】名额到校最低分数线.pdf,4
2023,普陀区,上海市曹杨中学附属学校,,上海市宜川中学,,区属,717.5,800.0,0.896875,,,否,389.5,115,132,135,【普陀】【2023】名额到校最低分数线.pdf,4
2023,普陀区,上海市曹杨中学附属学校,,华东师范大学第二附属中学（普陀校区）,,区属,747.5,800.0,0.934375,,,否,418.5,141,135,133,【普陀】【2023】名额到校最低分数线.pdf,4
2023,普陀区,上海市普陀区教育学院附属学校,,上海市晋元高级中学,,区属,721.5,800.0,0.901875,,,否,396.5,129,127,132,【普陀】【2023】名额到校最低分数线.pdf,4
2023,普陀区,上海市普陀区教育学院附属学校,,上海市曹杨第二中学,,区属,733,800.0,0.916250,,,否,404,129,131,137,【普陀】【2023】名额到校最低分数线.pdf,4
2023,普陀区,上海市普陀区教育学院附属学校,,上海市宜川中学,,区属,716,800.0,0.895000,,,否,389,118,130,136,【普陀】【2023】名额到校最低分数线.pdf,4
2023,普陀区,上海市普陀区教育学院附属学校,,华东师范大学第二附属中学（普陀校区）,,区属,734,800.0,0.917500,,,否,409,134,131,133,【普陀】【2023】名额到校最低分数线.pdf,4
2023,普陀区,上海市晋元高级中学附属学校,,上海市晋元高级中学,,区属,734.5,800.0,0.918125,,,否,404.5,136,125,135,【普陀】【2023】名额到校最低分数线.pdf,4
2023,普陀区,上海市晋元高级中学附属学校,,上海市曹杨第二中学,,区属,741.5,800.0,0.926875,,,否,414.5,141,131,132,【普陀】【2023】名额到校最低分数线.pdf,4
2023,普陀区,上海市晋元高级中学附属学校,,上海市宜川中学,,区属,723.5,800.0,0.904375,,,否,396.5,134,121,130,【普陀】【2023】名额到校最低分数线.pdf,4
2023,普陀区,上海市晋元高级中学附属学校,,华东师范大学第二附属中学（普陀校区）,,区属,749.5,800.0,0.936875,,,否,409.5,135,132,142,【普陀】【2023】名额到校最低分数线.pdf,4
2023,普陀区,上海市晋元高级中学附属学校,,上海师范大学附属中学,,委属,735,800.0,0.918750,,,否,412,130,137,130,【普陀】【2023】名额到校最低分数线.pdf,4
2023,普陀区,上海市曹杨第二中学附属学校,,上海市晋元高级中学,,区属,728.5,800.0,0.910625,,,否,399.5,128,129,137,【普陀】【2023】名额到校最低分数线.pdf,4
2023,普陀区,上海市曹杨第二中学附属学校,,上海市曹杨第二中学,,区属,743,800.0,0.928750,,,否,412,135,131,133,【普陀】【2023】名额到校最低分数线.pdf,4
2023,普陀区,上海市曹杨第二中学附属学校,,上海市宜川中学,,区属,716,800.0,0.895000,,,否,389,126,129,132,【普陀】【2023】名额到校最低分数线.pdf,5
2023,普陀区,上海市曹杨第二中学附属学校,,华东师范大学第二附属中学（普陀校区）,,区属,751.5,800.0,0.939375,,,否,420.5,137,136,132,【普陀】【2023】名额到校最低分数线.pdf,5
2023,普陀区,上海市曹杨第二中学附属学校,,上海交通大学附属中学,,委属,755.5,800.0,0.944375,,,否,418.5,144,133,142,【普陀】【2023】名额到校最低分数线.pdf,5
2023,普陀区,上海市江宁学校,,上海市晋元高级中学,,区属,731.5,800.0,0.914375,,,否,400.5,130,126,134,【普陀】【2023】名额到校最低分数线.pdf,5
2023,普陀区,上海市江宁学校,,上海市曹杨第二中学,,区属,742,800.0,0.927500,,,否,412,142,124,132,【普陀】【2023】名额到校最低分数线.pdf,5
2023,普陀区,上海市江宁学校,,上海市宜川中学,,区属,724.5,800.0,0.905625,,,否,396.5,121,132,131,【普陀】【2023】名额到校最低分数线.pdf,5
2023,普陀区,上海市江宁学校,,华东师范大学第二附属中学（普陀校区）,,区属,751.5,800.0,0.939375,,,否,417.5,140,132,138,【普陀】【2023】名额到校最低分数线.pdf,5
2023,普陀区,上海市江宁学校,,华东师范大学第二附属中学,,委属,756.5,800.0,0.945625,,,否,418.5,139,134,141,【普陀】【2023】名额到校最低分数线.pdf,5
2023,普陀区,上海市中远实验学校,,上海市晋元高级中学,,区属,728,800.0,0.910000,,,否,397,125,130,135,【普陀】【2023】名额到校最低分数线.pdf,5
2023,普陀区,上海市中远实验学校,,上海市曹杨第二中学,,区属,733.5,800.0,0.916875,,,否,403.5,139,122,137,【普陀】【2023】名额到校最低分数线.pdf,5
2023,普陀区,上海市中远实验学校,,上海市宜川中学,,区属,723,800.0,0.903750,,,否,397,120,134,129,【普陀】【2023】名额到校最低分数线.pdf,5
2023,普陀区,上海市中远实验学校,,华东师范大学第二附属中学（普陀校区）,,区属,738,800.0,0.922500,,,否,405,128,131,137,【普陀】【2023】名额到校最低分数线.pdf,5
2023,普陀区,上海外国语大学尚阳外国语学校,,上海市晋元高级中学,,区属,737,800.0,0.921250,,,否,412,133,133,130,【普陀】【2023】名额到校最低分数线.pdf,5
2023,普陀区,上海外国语大学尚阳外国语学校,,上海市曹杨第二中学,,区属,745,800.0,0.931250,,,否,405,138,129,143,【普陀】【2023】名额到校最低分数线.pdf,5
2023,普陀区,上海外国语大学尚阳外国语学校,,上海市宜川中学,,区属,723,800.0,0.903750,,,否,395,127,125,131,【普陀】【2023】名额到校最低分数线.pdf,5
2023,普陀区,上海外国语大学尚阳外国语学校,,华东师范大学第二附属中学（普陀校区）,,区属,753,800.0,0.941250,,,否,417,141,132,138,【普陀】【2023】名额到校最低分数线.pdf,5
2023,普陀区,上海市文达学校,,上海市晋元高级中学,,区属,722.5,800.0,0.903125,,,否,390.5,127,124,138,【普陀】【2023】名额到校最低分数线.pdf,5
2023,普陀区,上海市文达学校,,上海市曹杨第二中学,,区属,740,800.0,0.925000,,,否,403,135,132,139,【普陀】【2023】名额到校最低分数线.pdf,5
2023,普陀区,上海市文达学校,,上海市宜川中学,,区属,713.5,800.0,0.891875,,,否,391.5,132,120,133,【普陀】【2023】名额到校最低分数线.pdf,5
2023,普陀区,上海市文达学校,,华东师范大学第二附属中学（普陀校区）,,区属,733.5,800.0,0.916875,,,否,401.5,129,126,139,【普陀】【2023】名额到校最低分数线.pdf,5
2023,普陀区,上海市文达学校,,复旦大学附属中学,,委属,742,800.0,0.927500,,,否,412,137,130,133,【普陀】【2023】名额到校最低分数线.pdf,5
2023,普陀区,上海理工大学附属普陀实验学校,,上海市晋元高级中学,,区属,726.5,800.0,0.908125,,,否,401.5,122,136,126,【普陀】【2023】名额到校最低分数线.pdf,5
2023,普陀区,上海理工大学附属普陀实验学校,,上海市曹杨第二中学,,区属,727,800.0,0.908750,,,否,398,128,132,133,【普陀】【2023】名额到校最低分数线.pdf,5
2023,普陀区,上海理工大学附属普陀实验学校,,上海市宜川中学,,区属,716,800.0,0.895000,,,否,398,130,135,126,【普陀】【2023】名额到校最低分数线.pdf,5
2023,普陀区,上海市万里城实验学校,,上海市晋元高级中学,,区属,722,800.0,0.902500,,,否,398,127,129,131,【普陀】【2023】名额到校最低分数线.pdf,5
2023,普陀区,上海市万里城实验学校,,上海市曹杨第二中学,,区属,734,800.0,0.917500,,,否,401,132,128,136,【普陀】【2023】名额到校最低分数线.pdf,5
2023,普陀区,上海市万里城实验学校,,上海市宜川中学,,区属,719.5,800.0,0.899375,,,否,395.5,127,129,130,【普陀】【2023】名额到校最低分数线.pdf,5
2023,普陀区,上海市万里城实验学校,,华东师范大学第二附属中学（普陀校区）,,区属,744.5,800.0,0.930625,,,否,412.5,137,134,141,【普陀】【2023】名额到校最低分数线.pdf,5
2024,普陀区,上海市洵阳中学,,上海市晋元高级中学,,区属,710,800.0,0.887500,,,否,381,115,129,135,【普陀】【2024】名额到校最低分数线.pdf,1
2024,普陀区,上海市洵阳中学,,上海市曹杨第二中学,,区属,741.5,800.0,0.926875,,,否,404,131,131,144,【普陀】【2024】名额到校最低分数线.pdf,1
2024,普陀区,上海市洵阳中学,,上海市宜川中学,,区属,705.5,800.0,0.881875,,,否,380.5,119,117,135,【普陀】【2024】名额到校最低分数线.pdf,1
2024,普陀区,上海市洵阳中学,,华东师范大学第二附属中学（普陀校区）,,区属,742,800.0,0.927500,,,否,410,127,138,136,【普陀】【2024】名额到校最低分数线.pdf,1
2024,普陀区,上海市北海中学,,上海市晋元高级中学,,区属,726.5,800.0,0.908125,,,否,396.5,120,134,134,【普陀】【2024】名额到校最低分数线.pdf,1
2024,普陀区,上海市北海中学,,上海市曹杨第二中学,,区属,731,800.0,0.913750,,,否,403,128,129,135,【普陀】【2024】名额到校最低分数线.pdf,1
2024,普陀区,上海市北海中学,,上海市宜川中学,,区属,716,800.0,0.895000,,,否,392,133,121,135,【普陀】【2024】名额到校最低分数线.pdf,1
2024,普陀区,上海市北海中学,,华东师范大学第二附属中学（普陀校区）,,区属,749.5,800.0,0.936875,,,否,414.5,133,135,145,【普陀】【2024】名额到校最低分数线.pdf,1
2024,普陀区,上海市延河中学,,上海市晋元高级中学,,区属,725.5,800.0,0.906875,,,否,388.5,118,132,141,【普陀】【2024】名额到校最低分数线.pdf,1
2024,普陀区,上海市延河中学,,上海市曹杨第二中学,,区属,728.5,800.0,0.910625,,,否,400.5,129,133,134,【普陀】【2024】名额到校最低分数线.pdf,1
2024,普陀区,上海市延河中学,,上海市宜川中学,,区属,715,800.0,0.893750,,,否,389,123,126,133,【普陀】【2024】名额到校最低分数线.pdf,1
2024,普陀区,上海市延河中学,,华东师范大学第二附属中学（普陀校区）,,区属,746,800.0,0.932500,,,否,411,134,135,139,【普陀】【2024】名额到校最低分数线.pdf,1
2024,普陀区,上海市曹杨第二中学附属实验中学,,上海市晋元高级中学,,区属,720,800.0,0.900000,,,否,390,118,130,134,【普陀】【2024】名额到校最低分数线.pdf,1
2024,普陀区,上海市曹杨第二中学附属实验中学,,上海市曹杨第二中学,,区属,724,800.0,0.905000,,,否,396.5,129,126,137,【普陀】【2024】名额到校最低分数线.pdf,1
2024,普陀区,上海市曹杨第二中学附属实验中学,,上海市宜川中学,,区属,706.5,800.0,0.883125,,,否,384.5,113,131,133,【普陀】【2024】名额到校最低分数线.pdf,1
2024,普陀区,上海市曹杨第二中学附属实验中学,,华东师范大学第二附属中学（普陀校区）,,区属,740,800.0,0.925000,,,否,411,129,135,134,【普陀】【2024】名额到校最低分数线.pdf,1
2024,普陀区,上海市曹杨第二中学附属实验中学,,上海交通大学附属中学,,委属,762,800.0,0.952500,,,否,421,136,141,142,【普陀】【2024】名额到校最低分数线.pdf,1
2024,普陀区,华东师范大学第四附属中学,,上海市晋元高级中学,,区属,723,800.0,0.903750,,,否,398.5,124,132,132,【普陀】【2024】名额到校最低分数线.pdf,1
2024,普陀区,华东师范大学第四附属中学,,上海市曹杨第二中学,,区属,739.5,800.0,0.924375,,,否,405.5,127,135,138,【普陀】【2024】名额到校最低分数线.pdf,1
2024,普陀区,华东师范大学第四附属中学,,上海市宜川中学,,区属,718.5,800.0,0.898125,,,否,393.5,132,131,129,【普陀】【2024】名额到校最低分数线.pdf,1
2024,普陀区,华东师范大学第四附属中学,,华东师范大学第二附属中学（普陀校区）,,区属,757.5,800.0,0.946875,,,否,415.5,139,130,144,【普陀】【2024】名额到校最低分数线.pdf,1
2024,普陀区,华东师范大学第四附属中学,,复旦大学附属中学,,委属,765,800.0,0.956250,,,否,422,143,135,145,【普陀】【2024】名额到校最低分数线.pdf,1
2024,普陀区,上海市怒江中学,,上海市晋元高级中学,,区属,736,800.0,0.920000,,,否,403,132,131,139,【普陀】【2024】名额到校最低分数线.pdf,1
2024,普陀区,上海市怒江中学,,上海市曹杨第二中学,,区属,707.5,800.0,0.884375,,,否,383.5,122,128,139,【普陀】【2024】名额到校最低分数线.pdf,1
2024,普陀区,上海市怒江中学,,上海市宜川中学,,区属,693.5,800.0,0.866875,,,否,367.5,109,122,134,【普陀】【2024】名额到校最低分数线.pdf,1
2024,普陀区,上海市怒江中学,,华东师范大学第二附属中学（普陀校区）,,区属,735,800.0,0.918750,,,否,409.5,132,136,133,【普陀】【2024】名额到校最低分数线.pdf,1
2024,普陀区,上海师范大学附属第二实验学校,,上海市晋元高级中学,,区属,727.5,800.0,0.909375,,,否,403,139,121,135,【普陀】【2024】名额到校最低分数线.pdf,1
2024,普陀区,上海师范大学附属第二实验学校,,上海市曹杨第二中学,,区属,749,800.0,0.936250,,,否,412,133,131,140,【普陀】【2024】名额到校最低分数线.pdf,1
2024,普陀区,上海师范大学附属第二实验学校,,上海市宜川中学,,区属,722.5,800.0,0.903125,,,否,398.5,117,139,128,【普陀】【2024】名额到校最低分数线.pdf,2
2024,普陀区,上海师范大学附属第二实验学校,,华东师范大学第二附属中学（普陀校区）,,区属,753,800.0,0.941250,,,否,415,134,134,144,【普陀】【2024】名额到校最低分数线.pdf,2
2024,普陀区,上海市真北中学,,上海市晋元高级中学,,区属,727,800.0,0.908750,,,否,407,126,135,126,【普陀】【2024】名额到校最低分数线.pdf,2
2024,普陀区,上海市真北中学,,上海市曹杨第二中学,,区属,745,800.0,0.931250,,,否,406,129,134,141,【普陀】【2024】名额到校最低分数线.pdf,2
2024,普陀区,上海市真北中学,,上海市宜川中学,,区属,707.5,800.0,0.884375,,,否,385.5,115,132,128,【普陀】【2024】名额到校最低分数线.pdf,2
2024,普陀区,上海市真北中学,,华东师范大学第二附属中学（普陀校区）,,区属,756,800.0,0.945000,,,否,416,141,132,146,【普陀】【2024】名额到校最低分数线.pdf,2
2024,普陀区,上海市普陀区教育学院附属中学,,上海市晋元高级中学,,区属,729.5,800.0,0.911875,,,否,399.5,126,133,138,【普陀】【2024】名额到校最低分数线.pdf,2
2024,普陀区,上海市普陀区教育学院附属中学,,上海市曹杨第二中学,,区属,736.5,800.0,0.920625,,,否,404.5,129,133,140,【普陀】【2024】名额到校最低分数线.pdf,2
2024,普陀区,上海市普陀区教育学院附属中学,,上海市宜川中学,,区属,711.5,800.0,0.889375,,,否,389.5,132,121,127,【普陀】【2024】名额到校最低分数线.pdf,2
2024,普陀区,上海市普陀区教育学院附属中学,,华东师范大学第二附属中学（普陀校区）,,区属,746.5,800.0,0.933125,,,否,409.5,137,132,139,【普陀】【2024】名额到校最低分数线.pdf,2
2024,普陀区,上海市普陀区教育学院附属中学,,复旦大学附属中学,,委属,749,800.0,0.936250,,,否,408,140,126,145,【普陀】【2024】名额到校最低分数线.pdf,2
2024,普陀区,上海市梅陇中学,,上海市上海中学,,委属,759,800.0,0.948750,,,否,422,141,134,139,【普陀】【2024】名额到校最低分数线.pdf,2
2024,普陀区,上海市梅陇中学,,上海市晋元高级中学,,区属,731,800.0,0.913750,,,否,390,118,130,145,【普陀】【2024】名额到校最低分数线.pdf,2
2024,普陀区,上海市梅陇中学,,上海市曹杨第二中学,,区属,739,800.0,0.923750,,,否,406,132,127,139,【普陀】【2024】名额到校最低分数线.pdf,2
2024,普陀区,上海市梅陇中学,,上海市宜川中学,,区属,715,800.0,0.893750,,,否,386,121,133,131,【普陀】【2024】名额到校最低分数线.pdf,2
2024,普陀区,上海市梅陇中学,,华东师范大学第二附属中学（普陀校区）,,区属,752.5,800.0,0.940625,,,否,420.5,141,135,137,【普陀】【2024】名额到校最低分数线.pdf,2
2024,普陀区,上海兰田中学,,上海市晋元高级中学,,区属,728,800.0,0.910000,,,否,407,124,140,126,【普陀】【2024】名额到校最低分数线.pdf,2
2024,普陀区,上海兰田中学,,上海市曹杨第二中学,,区属,743,800.0,0.928750,,,否,404,131,131,142,【普陀】【2024】名额到校最低分数线.pdf,2
2024,普陀区,上海兰田中学,,上海市宜川中学,,区属,719.5,800.0,0.899375,,,否,387.5,122,126,140,【普陀】【2024】名额到校最低分数线.pdf,2
2024,普陀区,上海兰田中学,,华东师范大学第二附属中学（普陀校区）,,区属,756.5,800.0,0.945625,,,否,420.5,142,134,140,【普陀】【2024】名额到校最低分数线.pdf,2
2024,普陀区,上海市曹杨中学,,上海市晋元高级中学,,区属,721.5,800.0,0.901875,,,否,395.5,126,129,134,【普陀】【2024】名额到校最低分数线.pdf,2
2024,普陀区,上海市曹杨中学,,上海市曹杨第二中学,,区属,727,800.0,0.908750,,,否,394.5,127,126,138,【普陀】【2024】名额到校最低分数线.pdf,2
2024,普陀区,上海市曹杨中学,,上海市宜川中学,,区属,711,800.0,0.888750,,,否,394,119,131,123,【普陀】【2024】名额到校最低分数线.pdf,2
2024,普陀区,上海市曹杨中学,,华东师范大学第二附属中学（普陀校区）,,区属,743.5,800.0,0.929375,,,否,407.5,135,129,141,【普陀】【2024】名额到校最低分数线.pdf,2
2024,普陀区,同济大学第二附属中学,,上海市晋元高级中学,,区属,729.5,800.0,0.911875,,,否,397.5,131,128,139,【普陀】【2024】名额到校最低分数线.pdf,2
2024,普陀区,同济大学第二附属中学,,上海市曹杨第二中学,,区属,738,800.0,0.922500,,,否,412.5,139,130,136,【普陀】【2024】名额到校最低分数线.pdf,2
2024,普陀区,同济大学第二附属中学,,上海市宜川中学,,区属,717.5,800.0,0.896875,,,否,401,130,132,128,【普陀】【2024】名额到校最低分数线.pdf,2
2024,普陀区,同济大学第二附属中学,,华东师范大学第二附属中学（普陀校区）,,区属,753.5,800.0,0.941875,,,否,414.5,140,129,144,【普陀】【2024】名额到校最低分数线.pdf,2
2024,普陀区,上海市新杨中学,,上海市晋元高级中学,,区属,720.5,800.0,0.900625,,,否,402.5,124,132,124,【普陀】【2024】名额到校最低分数线.pdf,2
2024,普陀区,上海市新杨中学,,上海市曹杨第二中学,,区属,737.5,800.0,0.921875,,,否,408.5,128,133,135,【普陀】【2024】名额到校最低分数线.pdf,2
2024,普陀区,上海市新杨中学,,上海市宜川中学,,区属,713,800.0,0.891250,,,否,387,119,130,131,【普陀】【2024】名额到校最低分数线.pdf,3
2024,普陀区,上海市新杨中学,,华东师范大学第二附属中学（普陀校区）,,区属,750.5,800.0,0.938125,,,否,412.5,133,136,138,【普陀】【2024】名额到校最低分数线.pdf,3
2024,普陀区,上海市长征中学,,上海市晋元高级中学,,区属,726.5,800.0,0.908125,,,否,404.5,127,135,128,【普陀】【2024】名额到校最低分数线.pdf,3
2024,普陀区,上海市长征中学,,上海市曹杨第二中学,,区属,743,800.0,0.928750,,,否,404,128,132,141,【普陀】【2024】名额到校最低分数线.pdf,3
2024,普陀区,上海市长征中学,,上海市宜川中学,,区属,719.5,800.0,0.899375,,,否,391,123,134,137,【普陀】【2024】名额到校最低分数线.pdf,3
2024,普陀区,上海市长征中学,,华东师范大学第二附属中学（普陀校区）,,区属,755.5,800.0,0.944375,,,否,414.5,140,133,140,【普陀】【2024】名额到校最低分数线.pdf,3
2024,普陀区,上海市长征中学,,上海交通大学附属中学,,委属,749.5,800.0,0.936875,,,否,414.5,143,128,140,【普陀】【2024】名额到校最低分数线.pdf,3
2024,普陀区,上海市桃浦中学,,上海市晋元高级中学,,区属,717.5,800.0,0.896875,,,否,389.5,124,131,133,【普陀】【2024】名额到校最低分数线.pdf,3
2024,普陀区,上海市桃浦中学,,上海市曹杨第二中学,,区属,725,800.0,0.906250,,,否,402,129,135,133,【普陀】【2024】名额到校最低分数线.pdf,3
2024,普陀区,上海市桃浦中学,,上海市宜川中学,,区属,707.5,800.0,0.884375,,,否,389.5,124,123,127,【普陀】【2024】名额到校最低分数线.pdf,3
2024,普陀区,上海市桃浦中学,,华东师范大学第二附属中学（普陀校区）,,区属,739.5,800.0,0.924375,,,否,409.5,136,128,137,【普陀】【2024】名额到校最低分数线.pdf,3
2024,普陀区,上海市晋元高级中学附属学校南校,,上海市晋元高级中学,,区属,735,800.0,0.918750,,,否,399,134,131,141,【普陀】【2024】名额到校最低分数线.pdf,3
2024,普陀区,上海市晋元高级中学附属学校南校,,上海市曹杨第二中学,,区属,745.5,800.0,0.931875,,,否,408.5,132,133,140,【普陀】【2024】名额到校最低分数线.pdf,3
2024,普陀区,上海市晋元高级中学附属学校南校,,上海市宜川中学,,区属,721.5,800.0,0.901875,,,否,394.5,126,130,131,【普陀】【2024】名额到校最低分数线.pdf,3
2024,普陀区,上海市晋元高级中学附属学校南校,,华东师范大学第二附属中学（普陀校区）,,区属,763,800.0,0.953750,,,否,422.5,138,139,142,【普陀】【2024】名额到校最低分数线.pdf,3
2024,普陀区,上海音乐学院附属安师实验中学,,上海市晋元高级中学,,区属,723,800.0,0.903750,,,否,401.5,132,127,129,【普陀】【2024】名额到校最低分数线.pdf,3
2024,普陀区,上海音乐学院附属安师实验中学,,上海市曹杨第二中学,,区属,713,800.0,0.891250,,,否,388.5,110,131,130.5,【普陀】【2024】名额到校最低分数线.pdf,3
2024,普陀区,上海音乐学院附属安师实验中学,,上海市宜川中学,,区属,710,800.0,0.887500,,,否,386,114,132,131,【普陀】【2024】名额到校最低分数线.pdf,3
2024,普陀区,上海音乐学院附属安师实验中学,,华东师范大学第二附属中学（普陀校区）,,区属,724,800.0,0.905000,,,否,396,121,133,132,【普陀】【2024】名额到校最低分数线.pdf,3
2024,普陀区,上海华东师范大学附属进华中学,,上海市晋元高级中学,,区属,724.5,800.0,0.905625,,,否,396,133,128,138,【普陀】【2024】名额到校最低分数线.pdf,3
2024,普陀区,上海华东师范大学附属进华中学,,上海市曹杨第二中学,,区属,739.5,800.0,0.924375,,,否,405.5,141,129,138,【普陀】【2024】名额到校最低分数线.pdf,3
2024,普陀区,上海华东师范大学附属进华中学,,上海市宜川中学,,区属,715.5,800.0,0.894375,,,否,385.5,116,129,138,【普陀】【2024】名额到校最低分数线.pdf,3
2024,普陀区,上海华东师范大学附属进华中学,,华东师范大学第二附属中学（普陀校区）,,区属,753.5,800.0,0.941875,,,否,418.5,135,137,139,【普陀】【2024】名额到校最低分数线.pdf,3
2024,普陀区,上海华东师范大学附属进华中学,,上海交通大学附属中学,,委属,759.5,800.0,0.949375,,,否,426,144,137,139,【普陀】【2024】名额到校最低分数线.pdf,3
2024,普陀区,上海安生学校,,上海市晋元高级中学,,区属,721.5,800.0,0.901875,,,否,399.5,141,124,128,【普陀】【2024】名额到校最低分数线.pdf,3
2024,普陀区,上海安生学校,,上海市曹杨第二中学,,区属,722,800.0,0.902500,,,否,401,136,129,127,【普陀】【2024】名额到校最低分数线.pdf,3
2024,普陀区,上海安生学校,,上海市宜川中学,,区属,715.5,800.0,0.894375,,,否,386.5,115,127,135,【普陀】【2024】名额到校最低分数线.pdf,3
2024,普陀区,上海安生学校,,华东师范大学第二附属中学（普陀校区）,,区属,760.5,800.0,0.950625,,,否,420.5,143,134,146,【普陀】【2024】名额到校最低分数线.pdf,3
2024,普陀区,上海培佳双语学校,,上海市晋元高级中学,,区属,721,800.0,0.901250,,,否,396,132,121,131,【普陀】【2024】名额到校最低分数线.pdf,3
2024,普陀区,上海培佳双语学校,,上海市曹杨第二中学,,区属,739,800.0,0.923750,,,否,405.5,134,127,140,【普陀】【2024】名额到校最低分数线.pdf,3
2024,普陀区,上海培佳双语学校,,上海市宜川中学,,区属,715,800.0,0.893750,,,否,395,119,130,122,【普陀】【2024】名额到校最低分数线.pdf,4
2024,普陀区,上海培佳双语学校,,华东师范大学第二附属中学（普陀校区）,,区属,755.5,800.0,0.944375,,,否,420.5,139,134,139,【普陀】【2024】名额到校最低分数线.pdf,4
2024,普陀区,上海市光新学校,,上海市晋元高级中学,,区属,661.5,800.0,0.826875,,,否,361.5,107,124,110,【普陀】【2024】名额到校最低分数线.pdf,4
2024,普陀区,上海市光新学校,,上海市曹杨第二中学,,区属,693.5,800.0,0.866875,,,否,377.5,118,126,122,【普陀】【2024】名额到校最低分数线.pdf,4
2024,普陀区,上海市铜川学校,,上海市晋元高级中学,,区属,714.5,800.0,0.893125,,,否,381.5,118,128,140,【普陀】【2024】名额到校最低分数线.pdf,4
2024,普陀区,上海市铜川学校,,上海市曹杨第二中学,,区属,734,800.0,0.917500,,,否,403,135,127,136,【普陀】【2024】名额到校最低分数线.pdf,4
2024,普陀区,上海市铜川学校,,上海市宜川中学,,区属,705,800.0,0.881250,,,否,385.5,115,131,128,【普陀】【2024】名额到校最低分数线.pdf,4
2024,普陀区,上海市铜川学校,,华东师范大学第二附属中学（普陀校区）,,区属,747,800.0,0.933750,,,否,411,131,134,140,【普陀】【2024】名额到校最低分数线.pdf,4
2024,普陀区,上海市沙田学校,,上海市晋元高级中学,,区属,733.5,800.0,0.916875,,,否,396.5,118,137,139,【普陀】【2024】名额到校最低分数线.pdf,4
2024,普陀区,上海市沙田学校,,上海市曹杨第二中学,,区属,744.5,800.0,0.930625,,,否,409,140,129,145,【普陀】【2024】名额到校最低分数线.pdf,4
2024,普陀区,上海市沙田学校,,上海市宜川中学,,区属,716.5,800.0,0.895625,,,否,391,131,128,136,【普陀】【2024】名额到校最低分数线.pdf,4
2024,普陀区,上海市沙田学校,,华东师范大学第二附属中学（普陀校区）,,区属,667.5,800.0,0.834375,,,否,366.5,107,129,112,【普陀】【2024】名额到校最低分数线.pdf,4
2024,普陀区,华东师范大学附属外国语实验学校,,上海市晋元高级中学,,区属,731,800.0,0.913750,,,否,388,118,127,145,【普陀】【2024】名额到校最低分数线.pdf,4
2024,普陀区,华东师范大学附属外国语实验学校,,上海市曹杨第二中学,,区属,740,800.0,0.925000,,,否,407,134,126,141,【普陀】【2024】名额到校最低分数线.pdf,4
2024,普陀区,华东师范大学附属外国语实验学校,,上海市宜川中学,,区属,717,800.0,0.896250,,,否,396,124,132,124,【普陀】【2024】名额到校最低分数线.pdf,4
2024,普陀区,华东师范大学附属外国语实验学校,,华东师范大学第二附属中学（普陀校区）,,区属,753.5,800.0,0.941875,,,否,417.5,142,133,141,【普陀】【2024】名额到校最低分数线.pdf,4
2024,普陀区,上海市子长学校,,上海市晋元高级中学,,区属,738,800.0,0.922500,,,否,401,125,133,141,【普陀】【2024】名额到校最低分数线.pdf,4
2024,普陀区,上海市子长学校,,上海市曹杨第二中学,,区属,745,800.0,0.931250,,,否,414,138,134,140,【普陀】【2024】名额到校最低分数线.pdf,4
2024,普陀区,上海市子长学校,,上海市宜川中学,,区属,695.5,800.0,0.869375,,,否,384.5,112,133,122,【普陀】【2024】名额到校最低分数线.pdf,4
2024,普陀区,上海市子长学校,,华东师范大学第二附属中学（普陀校区）,,区属,752,800.0,0.940000,,,否,410,132,132,143,【普陀】【2024】名额到校最低分数线.pdf,4
2024,普陀区,上海市洛川学校,,上海市晋元高级中学,,区属,716,800.0,0.895000,,,否,394,123,132,128,【普陀】【2024】名额到校最低分数线.pdf,4
2024,普陀区,上海市洛川学校,,上海市曹杨第二中学,,区属,721,800.0,0.901250,,,否,392,131,127,135,【普陀】【2024】名额到校最低分数线.pdf,4
2024,普陀区,上海市洛川学校,,上海市宜川中学,,区属,703.5,800.0,0.879375,,,否,383,119,127,126,【普陀】【2024】名额到校最低分数线.pdf,4
2024,普陀区,上海市洛川学校,,华东师范大学第二附属中学（普陀校区）,,区属,682,800.0,0.852500,,,否,363,108,115,128,【普陀】【2024】名额到校最低分数线.pdf,4
2024,普陀区,上海市宜川中学附属学校,,上海市晋元高级中学,,区属,731.5,800.0,0.914375,,,否,398.5,121,136,138,【普陀】【2024】名额到校最低分数线.pdf,4
2024,普陀区,上海市宜川中学附属学校,,上海市曹杨第二中学,,区属,742.5,800.0,0.928125,,,否,405.5,134,131,142,【普陀】【2024】名额到校最低分数线.pdf,4
2024,普陀区,上海市宜川中学附属学校,,上海市宜川中学,,区属,714,800.0,0.892500,,,否,381,121,130,139,【普陀】【2024】名额到校最低分数线.pdf,4
2024,普陀区,上海市宜川中学附属学校,,华东师范大学第二附属中学（普陀校区）,,区属,751,800.0,0.938750,,,否,415,140,132,138,【普陀】【2024】名额到校最低分数线.pdf,4
2024,普陀区,上海市宜川中学附属学校,,复旦大学附属中学,,委属,757,800.0,0.946250,,,否,417,140,133,144,【普陀】【2024】名额到校最低分数线.pdf,4
2024,普陀区,上海市曹杨中学附属学校,,上海市晋元高级中学,,区属,737,800.0,0.921250,,,否,410,131,134,137,【普陀】【2024】名额到校最低分数线.pdf,4
2024,普陀区,上海市曹杨中学附属学校,,上海市曹杨第二中学,,区属,748,800.0,0.935000,,,否,413,136,130,137,【普陀】【2024】名额到校最低分数线.pdf,5
2024,普陀区,上海市曹杨中学附属学校,,上海市宜川中学,,区属,724,800.0,0.905000,,,否,392.5,123,126,139,【普陀】【2024】名额到校最低分数线.pdf,5
2024,普陀区,上海市曹杨中学附属学校,,华东师范大学第二附属中学（普陀校区）,,区属,754,800.0,0.942500,,,否,416,139,133,141,【普陀】【2024】名额到校最低分数线.pdf,5
2024,普陀区,上海市普陀区教育学院附属学校,,上海市晋元高级中学,,区属,727,800.0,0.908750,,,否,395,129,129,141,【普陀】【2024】名额到校最低分数线.pdf,5
2024,普陀区,上海市普陀区教育学院附属学校,,上海市曹杨第二中学,,区属,723.5,800.0,0.904375,,,否,391.5,120,130,138,【普陀】【2024】名额到校最低分数线.pdf,5
2024,普陀区,上海市普陀区教育学院附属学校,,上海市宜川中学,,区属,718.5,800.0,0.898125,,,否,388.5,124,125,136,【普陀】【2024】名额到校最低分数线.pdf,5
2024,普陀区,上海市普陀区教育学院附属学校,,华东师范大学第二附属中学（普陀校区）,,区属,745.5,800.0,0.931875,,,否,411.5,132,134,136,【普陀】【2024】名额到校最低分数线.pdf,5
2024,普陀区,上海市晋元高级中学附属学校,,上海市晋元高级中学,,区属,730.5,800.0,0.913125,,,否,403,130,130,133,【普陀】【2024】名额到校最低分数线.pdf,5
2024,普陀区,上海市晋元高级中学附属学校,,上海市曹杨第二中学,,区属,743.5,800.0,0.929375,,,否,409.5,134,133,141,【普陀】【2024】名额到校最低分数线.pdf,5
2024,普陀区,上海市晋元高级中学附属学校,,上海市宜川中学,,区属,721,800.0,0.901250,,,是,391,122,133,138,【普陀】【2024】名额到校最低分数线.pdf,5
2024,普陀区,上海市晋元高级中学附属学校,,华东师范大学第二附属中学（普陀校区）,,区属,752,800.0,0.940000,,,否,421,139,136,136,【普陀】【2024】名额到校最低分数线.pdf,5
2024,普陀区,上海市曹杨第二中学附属学校,,上海市晋元高级中学,,区属,728.5,800.0,0.910625,,,否,403.5,121,134,129,【普陀】【2024】名额到校最低分数线.pdf,5
2024,普陀区,上海市曹杨第二中学附属学校,,上海市曹杨第二中学,,区属,745,800.0,0.931250,,,否,411,134,132,139,【普陀】【2024】名额到校最低分数线.pdf,5
2024,普陀区,上海市曹杨第二中学附属学校,,上海市宜川中学,,区属,718.5,800.0,0.898125,,,否,395.5,123,128,130,【普陀】【2024】名额到校最低分数线.pdf,5
2024,普陀区,上海市曹杨第二中学附属学校,,华东师范大学第二附属中学（普陀校区）,,区属,752.5,800.0,0.940625,,,否,416.5,132,136,141,【普陀】【2024】名额到校最低分数线.pdf,5
2024,普陀区,上海市曹杨第二中学附属学校,,上海交通大学附属中学,,委属,764,800.0,0.955000,,,否,430.5,150,133,138,【普陀】【2024】名额到校最低分数线.pdf,5
2024,普陀区,上海市民办新黄浦实验学校,,上海市晋元高级中学,,区属,725.5,800.0,0.906875,,,否,401.5,131,129,128,【普陀】【2024】名额到校最低分数线.pdf,5
2024,普陀区,上海市民办新黄浦实验学校,,上海市曹杨第二中学,,区属,748,800.0,0.935000,,,否,413,137,133,140,【普陀】【2024】名额到校最低分数线.pdf,5
2024,普陀区,上海市民办新黄浦实验学校,,上海市宜川中学,,区属,713.5,800.0,0.891875,,,否,389.5,121,125,134,【普陀】【2024】名额到校最低分数线.pdf,5
2024,普陀区,上海市民办新黄浦实验学校,,华东师范大学第二附属中学（普陀校区）,,区属,758.5,800.0,0.948125,,,否,423.5,145,137,139,【普陀】【2024】名额到校最低分数线.pdf,5
2024,普陀区,上海市江宁学校,,上海市晋元高级中学,,区属,732.5,800.0,0.915625,,,否,395.5,127,123,140,【普陀】【2024】名额到校最低分数线.pdf,5
2024,普陀区,上海市江宁学校,,上海市曹杨第二中学,,区属,736.5,800.0,0.920625,,,否,405.5,127,134,136,【普陀】【2024】名额到校最低分数线.pdf,5
2024,普陀区,上海市江宁学校,,上海市宜川中学,,区属,718,800.0,0.897500,,,否,392,129,120,133,【普陀】【2024】名额到校最低分数线.pdf,5
2024,普陀区,上海市江宁学校,,华东师范大学第二附属中学（普陀校区）,,区属,755,800.0,0.943750,,,否,417,146,126,143,【普陀】【2024】名额到校最低分数线.pdf,5
2024,普陀区,上海市江宁学校,,华东师范大学第二附属中学,,委属,758.5,800.0,0.948125,,,否,417,136,134,146,【普陀】【2024】名额到校最低分数线.pdf,5
2024,普陀区,上海市中远实验学校,,上海市晋元高级中学,,区属,732.5,800.0,0.915625,,,否,406.5,142,126,135,【普陀】【2024】名额到校最低分数线.pdf,5
2024,普陀区,上海市中远实验学校,,上海市曹杨第二中学,,区属,740.5,800.0,0.925625,,,否,411.5,135,135,135,【普陀】【2024】名额到校最低分数线.pdf,5
2024,普陀区,上海市中远实验学校,,上海市宜川中学,,区属,720.5,800.0,0.900625,,,否,395,119,130,134,【普陀】【2024】名额到校最低分数线.pdf,5
2024,普陀区,上海市中远实验学校,,华东师范大学第二附属中学（普陀校区）,,区属,756,800.0,0.945000,,,否,415,134,134,144,【普陀】【2024】名额到校最低分数线.pdf,5
2024,普陀区,上海市中远实验学校,,上海师范大学附属中学,,委属,727,800.0,0.908750,,,否,395,123,130,138,【普陀】【2024】名额到校最低分数线.pdf,5
2024,普陀区,上海市金鼎学校,,上海市晋元高级中学,,区属,661,800.0,0.826250,,,否,343,122,111,127,【普陀】【2024】名额到校最低分数线.pdf,6
2024,普陀区,上海市金鼎学校,,上海市曹杨第二中学,,区属,689.5,800.0,0.861875,,,否,380.5,118,128,131,【普陀】【2024】名额到校最低分数线.pdf,6
2024,普陀区,上海外国语大学尚阳外国语学校,,上海市上海中学,,委属,757.5,800.0,0.946875,,,否,419.5,144,130,142,【普陀】【2024】名额到校最低分数线.pdf,6
2024,普陀区,上海外国语大学尚阳外国语学校,,上海市晋元高级中学,,区属,730,800.0,0.912500,,,否,406,128,137,130,【普陀】【2024】名额到校最低分数线.pdf,6
2024,普陀区,上海外国语大学尚阳外国语学校,,上海市曹杨第二中学,,区属,743.5,800.0,0.929375,,,否,406.5,134,134,140,【普陀】【2024】名额到校最低分数线.pdf,6
2024,普陀区,上海外国语大学尚阳外国语学校,,上海市宜川中学,,区属,725,800.0,0.906250,,,否,400.5,140,135,135,【普陀】【2024】名额到校最低分数线.pdf,6
2024,普陀区,上海外国语大学尚阳外国语学校,,华东师范大学第二附属中学（普陀校区）,,区属,751,800.0,0.938750,,,否,423,140,138,133,【普陀】【2024】名额到校最低分数线.pdf,6
2024,普陀区,上海市文达学校,,上海市晋元高级中学,,区属,717.5,800.0,0.896875,,,否,382.5,126,126,141,【普陀】【2024】名额到校最低分数线.pdf,6
2024,普陀区,上海市文达学校,,上海市曹杨第二中学,,区属,719.5,800.0,0.899375,,,否,388.5,127,119,139,【普陀】【2024】名额到校最低分数线.pdf,6
2024,普陀区,上海市文达学校,,上海市宜川中学,,区属,708,800.0,0.885000,,,否,381,117,125,134,【普陀】【2024】名额到校最低分数线.pdf,6
2024,普陀区,上海市文达学校,,华东师范大学第二附属中学（普陀校区）,,区属,733.5,800.0,0.916875,,,否,400.5,130,129,137,【普陀】【2024】名额到校最低分数线.pdf,6
2024,普陀区,上海市文达学校,,华东师范大学第二附属中学,,委属,747,800.0,0.933750,,,否,411,137,130,136,【普陀】【2024】名额到校最低分数线.pdf,6
2024,普陀区,上海理工大学附属普陀实验学校,,上海市晋元高级中学,,区属,726.5,800.0,0.908125,,,否,396.5,133,124,134,【普陀】【2024】名额到校最低分数线.pdf,6
2024,普陀区,上海理工大学附属普陀实验学校,,上海市曹杨第二中学,,区属,736,800.0,0.920000,,,否,404,135,130,136,【普陀】【2024】名额到校最低分数线.pdf,6
2024,普陀区,上海理工大学附属普陀实验学校,,上海市宜川中学,,区属,709.5,800.0,0.886875,,,否,388.5,120,125,128,【普陀】【2024】名额到校最低分数线.pdf,6
2024,普陀区,上海理工大学附属普陀实验学校,,华东师范大学第二附属中学（普陀校区）,,区属,745.5,800.0,0.931875,,,否,411.5,134,138,138,【普陀】【2024】名额到校最低分数线.pdf,6
2024,普陀区,上海市万里城实验学校,,上海市晋元高级中学,,区属,728,800.0,0.910000,,,否,396,129,126,136,【普陀】【2024】名额到校最低分数线.pdf,6
2024,普陀区,上海市万里城实验学校,,上海市曹杨第二中学,,区属,738,800.0,0.922500,,,否,404.5,131,132,135,【普陀】【2024】名额到校最低分数线.pdf,6
2024,普陀区,上海市万里城实验学校,,上海市宜川中学,,区属,715,800.0,0.893750,,,否,388,121,131,134,【普陀】【2024】名额到校最低分数线.pdf,6
2024,普陀区,上海市万里城实验学校,,华东师范大学第二附属中学（普陀校区）,,区属,746.5,800.0,0.933125,,,否,414.5,139,131,138,【普陀】【2024】名额到校最低分数线.pdf,6
2024,普陀区,上海市万里城实验学校,,上海交通大学附属中学,,委属,754,800.0,0.942500,,,否,416,138,131,142,【普陀】【2024】名额到校最低分数线.pdf,6
2025,普陀区,上海市洵阳中学,,上海市晋元高级中学,,区属,715,800.0,0.893750,,,否,50,393,128,125,128,【普陀】【2025】名额到校最低分数线.pdf,1
2025,普陀区,上海市洵阳中学,,上海市曹杨第二中学,,区属,733.5,800.0,0.916875,,,否,50,393.5,134,119,145,【普陀】【2025】名额到校最低分数线.pdf,1
2025,普陀区,上海市洵阳中学,,上海市宜川中学,,区属,711.5,800.0,0.889375,,,否,50,390.5,124,122,134,【普陀】【2025】名额到校最低分数线.pdf,1
2025,普陀区,上海市洵阳中学,,华东师范大学第二附属中学（普陀校区）,,区属,750,800.0,0.937500,,,否,50,407,136,133,145,【普陀】【2025】名额到校最低分数线.pdf,1
2025,普陀区,上海市北海中学,,上海市晋元高级中学,,区属,724,800.0,0.905000,,,否,50,389,121,127,142,【普陀】【2025】名额到校最低分数线.pdf,1
2025,普陀区,上海市北海中学,,上海市曹杨第二中学,,区属,741.5,800.0,0.926875,,,否,50,409.5,135,130,137,【普陀】【2025】名额到校最低分数线.pdf,1
2025,普陀区,上海市北海中学,,上海市宜川中学,,区属,705,800.0,0.881250,,,否,50,384.5,126,126,125,【普陀】【2025】名额到校最低分数线.pdf,1
2025,普陀区,上海市北海中学,,华东师范大学第二附属中学（普陀校区）,,区属,753,800.0,0.941250,,,否,50,412,141,125,143,【普陀】【2025】名额到校最低分数线.pdf,1
2025,普陀区,上海市北海中学,,上海交通大学附属中学,,委属,753.5,800.0,0.941875,,,否,50,422.5,145,134,135,【普陀】【2025】名额到校最低分数线.pdf,1
2025,普陀区,上海市延河中学,,上海市晋元高级中学,,区属,716,800.0,0.895000,,,否,50,390,130,120,132,【普陀】【2025】名额到校最低分数线.pdf,1
2025,普陀区,上海市延河中学,,上海市曹杨第二中学,,区属,724,800.0,0.905000,,,否,50,391.5,129,125,138,【普陀】【2025】名额到校最低分数线.pdf,1
2025,普陀区,上海市延河中学,,上海市宜川中学,,区属,714.5,800.0,0.893125,,,否,50,397.5,132,126,130,【普陀】【2025】名额到校最低分数线.pdf,1
2025,普陀区,上海市延河中学,,华东师范大学第二附属中学（普陀校区）,,区属,739,800.0,0.923750,,,否,50,403,140,123,143,【普陀】【2025】名额到校最低分数线.pdf,1
2025,普陀区,上海市曹杨第二中学附属实验中学,,上海市晋元高级中学,,区属,719,800.0,0.898750,,,否,50,400,121,135,124,【普陀】【2025】名额到校最低分数线.pdf,1
2025,普陀区,上海市曹杨第二中学附属实验中学,,上海市曹杨第二中学,,区属,731,800.0,0.913750,,,否,50,404,133,129,134,【普陀】【2025】名额到校最低分数线.pdf,1
2025,普陀区,上海市曹杨第二中学附属实验中学,,上海市宜川中学,,区属,708.5,800.0,0.885625,,,否,50,382.5,118,121,130,【普陀】【2025】名额到校最低分数线.pdf,1
2025,普陀区,上海市曹杨第二中学附属实验中学,,华东师范大学第二附属中学（普陀校区）,,区属,752.5,800.0,0.940625,,,否,50,414.5,150,123,143,【普陀】【2025】名额到校最低分数线.pdf,1
2025,普陀区,华东师范大学第四附属中学,,上海市晋元高级中学,,区属,726,800.0,0.907500,,,否,50,399,125,132,136,【普陀】【2025】名额到校最低分数线.pdf,1
2025,普陀区,华东师范大学第四附属中学,,上海市曹杨第二中学,,区属,742.5,800.0,0.928125,,,否,50,408.5,134,132,139,【普陀】【2025】名额到校最低分数线.pdf,1
2025,普陀区,华东师范大学第四附属中学,,上海市宜川中学,,区属,717.5,800.0,0.896875,,,否,50,395,131,124,127,【普陀】【2025】名额到校最低分数线.pdf,1
2025,普陀区,华东师范大学第四附属中学,,华东师范大学第二附属中学（普陀校区）,,区属,757,800.0,0.946250,,,否,50,416.5,143,131,142,【普陀】【2025】名额到校最低分数线.pdf,1
2025,普陀区,上海市怒江中学,,上海市晋元高级中学,,区属,723.5,800.0,0.904375,,,否,50,399.5,133,125,132,【普陀】【2025】名额到校最低分数线.pdf,1
2025,普陀区,上海市怒江中学,,上海市曹杨第二中学,,区属,732,800.0,0.915000,,,否,50,403,133,127,133,【普陀】【2025】名额到校最低分数线.pdf,1
2025,普陀区,上海市怒江中学,,上海市宜川中学,,区属,717,800.0,0.896250,,,否,50,393,126,125,132,【普陀】【2025】名额到校最低分数线.pdf,1
2025,普陀区,上海市怒江中学,,华东师范大学第二附属中学（普陀校区）,,区属,749.5,800.0,0.936875,,,否,50,412,143,129,139,【普陀】【2025】名额到校最低分数线.pdf,1
2025,普陀区,上海师范大学附属第二实验学校,,上海市晋元高级中学,,区属,729.5,800.0,0.911875,,,否,50,398.5,127,126,137,【普陀】【2025】名额到校最低分数线.pdf,1
2025,普陀区,上海师范大学附属第二实验学校,,上海市曹杨第二中学,,区属,732.5,800.0,0.915625,,,否,50,399.5,140,117,143,【普陀】【2025】名额到校最低分数线.pdf,1
2025,普陀区,上海师范大学附属第二实验学校,,上海市宜川中学,,区属,713,800.0,0.891250,,,否,50,387,123,119,137,【普陀】【2025】名额到校最低分数线.pdf,1
2025,普陀区,上海师范大学附属第二实验学校,,华东师范大学第二附属中学（普陀校区）,,区属,748.5,800.0,0.935625,,,否,50,411.5,137,129,140,【普陀】【2025】名额到校最低分数线.pdf,2
2025,普陀区,上海市真北中学,,上海市上海中学,,委属,762.5,800.0,0.953125,,,否,50,419.5,144,127,148,【普陀】【2025】名额到校最低分数线.pdf,2
2025,普陀区,上海市真北中学,,上海市晋元高级中学,,区属,721.5,800.0,0.901875,,,否,50,396.5,133,119,140,【普陀】【2025】名额到校最低分数线.pdf,2
2025,普陀区,上海市真北中学,,上海市曹杨第二中学,,区属,738,800.0,0.922500,,,否,50,407,140,125,135,【普陀】【2025】名额到校最低分数线.pdf,2
2025,普陀区,上海市真北中学,,上海市宜川中学,,区属,716,800.0,0.895000,,,否,50,390,129,121,134,【普陀】【2025】名额到校最低分数线.pdf,2
2025,普陀区,上海市真北中学,,华东师范大学第二附属中学（普陀校区）,,区属,757,800.0,0.946250,,,否,50,416,142,131,143,【普陀】【2025】名额到校最低分数线.pdf,2
2025,普陀区,上海市普陀区教育学院附属中学,,上海市晋元高级中学,,区属,719.5,800.0,0.899375,,,否,50,390.5,129,120,131,【普陀】【2025】名额到校最低分数线.pdf,2
2025,普陀区,上海市普陀区教育学院附属中学,,上海市曹杨第二中学,,区属,732,800.0,0.915000,,,否,50,392,132,117,144,【普陀】【2025】名额到校最低分数线.pdf,2
2025,普陀区,上海市普陀区教育学院附属中学,,上海市宜川中学,,区属,712,800.0,0.890000,,,否,50,389.5,123,124,127,【普陀】【2025】名额到校最低分数线.pdf,2
2025,普陀区,上海市普陀区教育学院附属中学,,华东师范大学第二附属中学（普陀校区）,,区属,748,800.0,0.935000,,,否,50,418,140,132,134,【普陀】【2025】名额到校最低分数线.pdf,2
2025,普陀区,上海市梅陇中学,,上海市晋元高级中学,,区属,724.5,800.0,0.905625,,,否,50,398.5,133,120,131,【普陀】【2025】名额到校最低分数线.pdf,2
2025,普陀区,上海市梅陇中学,,上海市曹杨第二中学,,区属,743,800.0,0.928750,,,否,50,410,142,125,138,【普陀】【2025】名额到校最低分数线.pdf,2
2025,普陀区,上海市梅陇中学,,上海市宜川中学,,区属,711.5,800.0,0.889375,,,否,50,393,128,122,126,【普陀】【2025】名额到校最低分数线.pdf,2
2025,普陀区,上海市梅陇中学,,华东师范大学第二附属中学（普陀校区）,,区属,757,800.0,0.946250,,,否,50,419,143,129,142,【普陀】【2025】名额到校最低分数线.pdf,2
2025,普陀区,上海市梅陇中学,,华东师范大学第二附属中学,,委属,762.5,800.0,0.953125,,,否,50,423.5,144,132,143,【普陀】【2025】名额到校最低分数线.pdf,2
2025,普陀区,上海兰田中学,,上海市上海中学,,委属,748.5,800.0,0.935625,,,否,50,415,141,129,136,【普陀】【2025】名额到校最低分数线.pdf,2
2025,普陀区,上海兰田中学,,上海市晋元高级中学,,区属,724,800.0,0.905000,,,否,50,406,132,134,123,【普陀】【2025】名额到校最低分数线.pdf,2
2025,普陀区,上海兰田中学,,上海市曹杨第二中学,,区属,736.5,800.0,0.920625,,,否,50,397,131,128,142,【普陀】【2025】名额到校最低分数线.pdf,2
2025,普陀区,上海兰田中学,,上海市宜川中学,,区属,708,800.0,0.885000,,,否,50,391,128,124,127,【普陀】【2025】名额到校最低分数线.pdf,2
2025,普陀区,上海兰田中学,,华东师范大学第二附属中学（普陀校区）,,区属,744,800.0,0.930000,,,否,50,401,138,128,146,【普陀】【2025】名额到校最低分数线.pdf,2
2025,普陀区,上海市普陀区梅陇实验中学,,上海市晋元高级中学,,区属,727,800.0,0.908750,,,否,50,400,136,126,133,【普陀】【2025】名额到校最低分数线.pdf,2
2025,普陀区,上海市普陀区梅陇实验中学,,上海市曹杨第二中学,,区属,739.5,800.0,0.924375,,,否,50,403.5,126,132,138,【普陀】【2025】名额到校最低分数线.pdf,2
2025,普陀区,上海市普陀区梅陇实验中学,,上海市宜川中学,,区属,714.5,800.0,0.893125,,,否,50,392.5,124,127,130,【普陀】【2025】名额到校最低分数线.pdf,2
2025,普陀区,上海市普陀区梅陇实验中学,,华东师范大学第二附属中学（普陀校区）,,区属,756.5,800.0,0.945625,,,否,50,422.5,144,132,137,【普陀】【2025】名额到校最低分数线.pdf,2
2025,普陀区,上海市普陀区梅陇实验中学,,复旦大学附属中学,,委属,761.5,800.0,0.951875,,,否,50,423.5,144,131,143,【普陀】【2025】名额到校最低分数线.pdf,2
2025,普陀区,上海市曹杨中学,,上海市晋元高级中学,,区属,719,800.0,0.898750,,,否,50,388,121,124,136,【普陀】【2025】名额到校最低分数线.pdf,2
2025,普陀区,上海市曹杨中学,,上海市曹杨第二中学,,区属,736,800.0,0.920000,,,否,50,406,128,133,133,【普陀】【2025】名额到校最低分数线.pdf,2
2025,普陀区,上海市曹杨中学,,上海市宜川中学,,区属,702.5,800.0,0.878125,,,否,50,373.5,117,120,131,【普陀】【2025】名额到校最低分数线.pdf,2
2025,普陀区,上海市曹杨中学,,华东师范大学第二附属中学（普陀校区）,,区属,751,800.0,0.938750,,,否,50,415,145,124,141,【普陀】【2025】名额到校最低分数线.pdf,2
2025,普陀区,同济大学第二附属中学,,上海市晋元高级中学,,区属,721.5,800.0,0.901875,,,否,50,399.5,123,137,129,【普陀】【2025】名额到校最低分数线.pdf,2
2025,普陀区,同济大学第二附属中学,,上海市曹杨第二中学,,区属,736.5,800.0,0.920625,,,否,50,405.5,140,122,138,【普陀】【2025】名额到校最低分数线.pdf,3
2025,普陀区,同济大学第二附属中学,,上海市宜川中学,,区属,714.5,800.0,0.893125,,,否,50,400.5,127,131,120,【普陀】【2025】名额到校最低分数线.pdf,3
2025,普陀区,同济大学第二附属中学,,华东师范大学第二附属中学（普陀校区）,,区属,749.5,800.0,0.936875,,,否,50,410.5,146,125,143,【普陀】【2025】名额到校最低分数线.pdf,3
2025,普陀区,同济大学第二附属中学,,复旦大学附属中学,,委属,759,800.0,0.948750,,,否,50,423.5,144,134,142,【普陀】【2025】名额到校最低分数线.pdf,3
2025,普陀区,上海市甘泉外国语中学,,上海市曹杨第二中学,,区属,745.5,800.0,0.931875,,,否,50,406.5,143,130,143,【普陀】【2025】名额到校最低分数线.pdf,3
2025,普陀区,上海市甘泉外国语中学,,华东师范大学第二附属中学（普陀校区）,,区属,705,800.0,0.881250,,,否,50,365.5,118,116,144,【普陀】【2025】名额到校最低分数线.pdf,3
2025,普陀区,上海市新杨中学,,上海市晋元高级中学,,区属,724.5,800.0,0.905625,,,否,50,397.5,128,126,135,【普陀】【2025】名额到校最低分数线.pdf,3
2025,普陀区,上海市新杨中学,,上海市曹杨第二中学,,区属,730,800.0,0.912500,,,否,50,402,141,126,133,【普陀】【2025】名额到校最低分数线.pdf,3
2025,普陀区,上海市新杨中学,,上海市宜川中学,,区属,715,800.0,0.893750,,,否,50,393,130,122,134,【普陀】【2025】名额到校最低分数线.pdf,3
2025,普陀区,上海市新杨中学,,华东师范大学第二附属中学（普陀校区）,,区属,744.5,800.0,0.930625,,,否,50,410.5,143,126,141,【普陀】【2025】名额到校最低分数线.pdf,3
2025,普陀区,上海市新杨中学,,上海交通大学附属中学,,委属,752.5,800.0,0.940625,,,否,50,415.5,141,126,144,【普陀】【2025】名额到校最低分数线.pdf,3
2025,普陀区,上海市长征中学,,上海市晋元高级中学,,区属,726,800.0,0.907500,,,否,50,403,136,128,131,【普陀】【2025】名额到校最低分数线.pdf,3
2025,普陀区,上海市长征中学,,上海市曹杨第二中学,,区属,744.5,800.0,0.930625,,,否,50,407,134,127,140,【普陀】【2025】名额到校最低分数线.pdf,3
2025,普陀区,上海市长征中学,,上海市宜川中学,,区属,718,800.0,0.897500,,,否,50,389.5,132,119,138,【普陀】【2025】名额到校最低分数线.pdf,3
2025,普陀区,上海市长征中学,,华东师范大学第二附属中学（普陀校区）,,区属,752,800.0,0.940000,,,否,50,414,141,129,142,【普陀】【2025】名额到校最低分数线.pdf,3
2025,普陀区,上海市长征中学,,上海交通大学附属中学,,委属,748.5,800.0,0.935625,,,否,50,414.5,138,130,138,【普陀】【2025】名额到校最低分数线.pdf,3
2025,普陀区,上海市桃浦中学,,上海市晋元高级中学,,区属,730,800.0,0.912500,,,否,50,404,136,126,133,【普陀】【2025】名额到校最低分数线.pdf,3
2025,普陀区,上海市桃浦中学,,上海市曹杨第二中学,,区属,743,800.0,0.928750,,,否,50,411,137,130,135,【普陀】【2025】名额到校最低分数线.pdf,3
2025,普陀区,上海市桃浦中学,,上海市宜川中学,,区属,718,800.0,0.897500,,,否,50,394,129,120,126,【普陀】【2025】名额到校最低分数线.pdf,3
2025,普陀区,上海市桃浦中学,,华东师范大学第二附属中学（普陀校区）,,区属,749,800.0,0.936250,,,否,50,411,145,124,141,【普陀】【2025】名额到校最低分数线.pdf,3
2025,普陀区,上海市晋元高级中学附属学校南校,,上海市晋元高级中学,,区属,735,800.0,0.918750,,,否,50,402,138,128,136,【普陀】【2025】名额到校最低分数线.pdf,3
2025,普陀区,上海市晋元高级中学附属学校南校,,上海市曹杨第二中学,,区属,739.5,800.0,0.924375,,,否,50,405.5,130,131,137,【普陀】【2025】名额到校最低分数线.pdf,3
2025,普陀区,上海市晋元高级中学附属学校南校,,上海市宜川中学,,区属,714,800.0,0.892500,,,否,50,393,133,119,127,【普陀】【2025】名额到校最低分数线.pdf,3
2025,普陀区,上海市晋元高级中学附属学校南校,,华东师范大学第二附属中学（普陀校区）,,区属,734,800.0,0.917500,,,否,50,399,137,123,137,【普陀】【2025】名额到校最低分数线.pdf,3
2025,普陀区,上海市晋元高级中学附属学校南校,,华东师范大学第二附属中学,,委属,745.5,800.0,0.931875,,,否,50,404.5,135,128,145,【普陀】【2025】名额到校最低分数线.pdf,3
2025,普陀区,上海音乐学院附属安师实验中学,,上海市晋元高级中学,,区属,664,800.0,0.830000,,,否,50,376,120,126,107,【普陀】【2025】名额到校最低分数线.pdf,3
2025,普陀区,上海音乐学院附属安师实验中学,,上海市曹杨第二中学,,区属,689.5,800.0,0.861875,,,否,50,376,108,128,121,【普陀】【2025】名额到校最低分数线.pdf,3
2025,普陀区,上海音乐学院附属安师实验中学,,上海市宜川中学,,区属,686,800.0,0.857500,,,否,50,386,128,116,113,【普陀】【2025】名额到校最低分数线.pdf,3
2025,普陀区,上海音乐学院附属安师实验中学,,华东师范大学第二附属中学（普陀校区）,,区属,720,800.0,0.900000,,,否,50,392,128,120,139,【普陀】【2025】名额到校最低分数线.pdf,3
2025,普陀区,上海音乐学院附属安师实验中学,,上海交通大学附属中学,,委属,740,800.0,0.925000,,,否,50,409.5,141,127,134,【普陀】【2025】名额到校最低分数线.pdf,3
2025,普陀区,上海华东师范大学附属进华中学,,上海市晋元高级中学,,区属,720.5,800.0,0.900625,,,否,50,403.5,131,129,124,【普陀】【2025】名额到校最低分数线.pdf,4
2025,普陀区,上海华东师范大学附属进华中学,,上海市曹杨第二中学,,区属,742,800.0,0.927500,,,否,50,411,143,125,135,【普陀】【2025】名额到校最低分数线.pdf,4
2025,普陀区,上海华东师范大学附属进华中学,,上海市宜川中学,,区属,709.5,800.0,0.886875,,,否,50,399.5,128,128,124,【普陀】【2025】名额到校最低分数线.pdf,4
2025,普陀区,上海华东师范大学附属进华中学,,华东师范大学第二附属中学（普陀校区）,,区属,756,800.0,0.945000,,,否,50,422,140,134,138,【普陀】【2025】名额到校最低分数线.pdf,4
2025,普陀区,上海华东师范大学附属进华中学,,上海交通大学附属中学,,委属,761,800.0,0.951250,,,否,50,423,141,137,140,【普陀】【2025】名额到校最低分数线.pdf,4
2025,普陀区,上海安生学校,,上海市晋元高级中学,,区属,706.5,800.0,0.883125,,,否,50,395.5,134,125,122,【普陀】【2025】名额到校最低分数线.pdf,4
2025,普陀区,上海安生学校,,上海市曹杨第二中学,,区属,733.5,800.0,0.916875,,,否,50,402.5,144,121,136,【普陀】【2025】名额到校最低分数线.pdf,4
2025,普陀区,上海安生学校,,上海市宜川中学,,区属,723,800.0,0.903750,,,否,50,394.5,143,117,140,【普陀】【2025】名额到校最低分数线.pdf,4
2025,普陀区,上海安生学校,,华东师范大学第二附属中学（普陀校区）,,区属,736.5,800.0,0.920625,,,否,50,412.5,138,130,130,【普陀】【2025】名额到校最低分数线.pdf,4
2025,普陀区,上海培佳双语学校,,上海市晋元高级中学,,区属,725,800.0,0.906250,,,否,50,393,131,129,139,【普陀】【2025】名额到校最低分数线.pdf,4
2025,普陀区,上海培佳双语学校,,上海市曹杨第二中学,,区属,743,800.0,0.928750,,,否,50,411,143,124,136,【普陀】【2025】名额到校最低分数线.pdf,4
2025,普陀区,上海培佳双语学校,,上海市宜川中学,,区属,716.5,800.0,0.895625,,,否,50,396.5,127,129,127,【普陀】【2025】名额到校最低分数线.pdf,4
2025,普陀区,上海培佳双语学校,,华东师范大学第二附属中学（普陀校区）,,区属,753.5,800.0,0.941875,,,否,50,416,139,132,145,【普陀】【2025】名额到校最低分数线.pdf,4
2025,普陀区,上海培佳双语学校,,复旦大学附属中学,,委属,759,800.0,0.948750,,,否,50,419,147,126,144,【普陀】【2025】名额到校最低分数线.pdf,4
2025,普陀区,上海市铜川学校,,上海市晋元高级中学,,区属,724.5,800.0,0.905625,,,否,50,387.5,122,126,142,【普陀】【2025】名额到校最低分数线.pdf,4
2025,普陀区,上海市铜川学校,,上海市曹杨第二中学,,区属,739.5,800.0,0.924375,,,否,50,406.5,146,114,136,【普陀】【2025】名额到校最低分数线.pdf,4
2025,普陀区,上海市铜川学校,,上海市宜川中学,,区属,720.5,800.0,0.900625,,,否,50,389,125,125,137,【普陀】【2025】名额到校最低分数线.pdf,4
2025,普陀区,上海市铜川学校,,华东师范大学第二附属中学（普陀校区）,,区属,740.5,800.0,0.925625,,,否,50,405.5,136,127,140,【普陀】【2025】名额到校最低分数线.pdf,4
2025,普陀区,上海市沙田学校,,上海市晋元高级中学,,区属,723,800.0,0.903750,,,否,50,395.5,133,123,142,【普陀】【2025】名额到校最低分数线.pdf,4
2025,普陀区,上海市沙田学校,,上海市曹杨第二中学,,区属,737,800.0,0.921250,,,否,50,404,140,122,137,【普陀】【2025】名额到校最低分数线.pdf,4
2025,普陀区,上海市沙田学校,,上海市宜川中学,,区属,707.5,800.0,0.884375,,,否,50,397.5,126,131,123,【普陀】【2025】名额到校最低分数线.pdf,4
2025,普陀区,上海市沙田学校,,华东师范大学第二附属中学（普陀校区）,,区属,759,800.0,0.948750,,,否,50,420,144,129,143,【普陀】【2025】名额到校最低分数线.pdf,4
2025,普陀区,华东师范大学附属外国语实验学校,,上海市晋元高级中学,,区属,717.5,800.0,0.896875,,,否,50,390,128,119,138,【普陀】【2025】名额到校最低分数线.pdf,4
2025,普陀区,华东师范大学附属外国语实验学校,,上海市曹杨第二中学,,区属,746,800.0,0.932500,,,否,50,409,138,125,138,【普陀】【2025】名额到校最低分数线.pdf,4
2025,普陀区,华东师范大学附属外国语实验学校,,上海市宜川中学,,区属,707.5,800.0,0.884375,,,否,50,392.5,138,117,123,【普陀】【2025】名额到校最低分数线.pdf,4
2025,普陀区,华东师范大学附属外国语实验学校,,华东师范大学第二附属中学（普陀校区）,,区属,761.5,800.0,0.951875,,,否,50,423.5,144,132,139,【普陀】【2025】名额到校最低分数线.pdf,4
2025,普陀区,上海市子长学校,,上海市晋元高级中学,,区属,717.5,800.0,0.896875,,,否,50,395.5,135,123,127,【普陀】【2025】名额到校最低分数线.pdf,4
2025,普陀区,上海市子长学校,,上海市曹杨第二中学,,区属,711,800.0,0.888750,,,否,50,393.5,132,119,125.5,【普陀】【2025】名额到校最低分数线.pdf,4
2025,普陀区,上海市子长学校,,上海市宜川中学,,区属,711.5,800.0,0.889375,,,否,50,392.5,134,121,128,【普陀】【2025】名额到校最低分数线.pdf,4
2025,普陀区,上海市子长学校,,华东师范大学第二附属中学（普陀校区）,,区属,737.5,800.0,0.921875,,,否,50,401.5,136,127,139,【普陀】【2025】名额到校最低分数线.pdf,4
2025,普陀区,上海市子长学校,,上海交通大学附属中学,,委属,749.5,800.0,0.936875,,,否,50,412.5,138,132,139,【普陀】【2025】名额到校最低分数线.pdf,5
2025,普陀区,上海市洛川学校,,上海市晋元高级中学,,区属,727.5,800.0,0.909375,,,否,50,404.5,128,128,133,【普陀】【2025】名额到校最低分数线.pdf,5
2025,普陀区,上海市洛川学校,,上海市曹杨第二中学,,区属,733.5,800.0,0.916875,,,否,50,404.5,135,122,135,【普陀】【2025】名额到校最低分数线.pdf,5
2025,普陀区,上海市洛川学校,,上海市宜川中学,,区属,717.5,800.0,0.896875,,,否,50,387.5,123,126,132,【普陀】【2025】名额到校最低分数线.pdf,5
2025,普陀区,上海市洛川学校,,华东师范大学第二附属中学（普陀校区）,,区属,745,800.0,0.931250,,,否,50,408,140,125,143,【普陀】【2025】名额到校最低分数线.pdf,5
2025,普陀区,上海市宜川中学附属学校,,上海市晋元高级中学,,区属,719,800.0,0.898750,,,否,50,394.5,122,127,129,【普陀】【2025】名额到校最低分数线.pdf,5
2025,普陀区,上海市宜川中学附属学校,,上海市曹杨第二中学,,区属,733,800.0,0.916250,,,否,50,399.5,145,119,141,【普陀】【2025】名额到校最低分数线.pdf,5
2025,普陀区,上海市宜川中学附属学校,,上海市宜川中学,,区属,711,800.0,0.888750,,,否,50,383,116,127,132,【普陀】【2025】名额到校最低分数线.pdf,5
2025,普陀区,上海市宜川中学附属学校,,华东师范大学第二附属中学（普陀校区）,,区属,755.5,800.0,0.944375,,,否,50,417.5,142,128,142,【普陀】【2025】名额到校最低分数线.pdf,5
2025,普陀区,上海市曹杨中学附属学校,,上海市晋元高级中学,,区属,723.5,800.0,0.904375,,,否,50,382.5,124,125,144,【普陀】【2025】名额到校最低分数线.pdf,5
2025,普陀区,上海市曹杨中学附属学校,,上海市曹杨第二中学,,区属,732.5,800.0,0.915625,,,否,50,406.5,134,131,129,【普陀】【2025】名额到校最低分数线.pdf,5
2025,普陀区,上海市曹杨中学附属学校,,上海市宜川中学,,区属,713.5,800.0,0.891875,,,否,50,382.5,137,126,139,【普陀】【2025】名额到校最低分数线.pdf,5
2025,普陀区,上海市曹杨中学附属学校,,华东师范大学第二附属中学（普陀校区）,,区属,752.5,800.0,0.940625,,,否,50,414.5,139,129,140,【普陀】【2025】名额到校最低分数线.pdf,5
2025,普陀区,上海市普陀区教育学院附属学校,,上海市晋元高级中学,,区属,728.5,800.0,0.910625,,,否,50,393.5,117,133,140,【普陀】【2025】名额到校最低分数线.pdf,5
2025,普陀区,上海市普陀区教育学院附属学校,,上海市曹杨第二中学,,区属,739,800.0,0.923750,,,否,50,406,137,124,142,【普陀】【2025】名额到校最低分数线.pdf,5
2025,普陀区,上海市普陀区教育学院附属学校,,上海市宜川中学,,区属,707,800.0,0.883750,,,否,50,378,127,117,139,【普陀】【2025】名额到校最低分数线.pdf,5
2025,普陀区,上海市普陀区教育学院附属学校,,华东师范大学第二附属中学（普陀校区）,,区属,719.5,800.0,0.899375,,,否,50,398.5,131,127,129,【普陀】【2025】名额到校最低分数线.pdf,5
2025,普陀区,上海市晋元高级中学附属学校,,上海市晋元高级中学,,区属,731.5,800.0,0.914375,,,否,50,405.5,142,118,133,【普陀】【2025】名额到校最低分数线.pdf,5
2025,普陀区,上海市晋元高级中学附属学校,,上海市曹杨第二中学,,区属,744.5,800.0,0.930625,,,否,50,408.5,142,125,143,【普陀】【2025】名额到校最低分数线.pdf,5
2025,普陀区,上海市晋元高级中学附属学校,,上海市宜川中学,,区属,714,800.0,0.892500,,,否,50,389,126,126,135,【普陀】【2025】名额到校最低分数线.pdf,5
2025,普陀区,上海市晋元高级中学附属学校,,华东师范大学第二附属中学（普陀校区）,,区属,753,800.0,0.941250,,,否,50,413,142,129,142,【普陀】【2025】名额到校最低分数线.pdf,5
2025,普陀区,上海市晋元高级中学附属学校,,复旦大学附属中学,,委属,761,800.0,0.951250,,,否,50,420,144,128,145,【普陀】【2025】名额到校最低分数线.pdf,5
2025,普陀区,上海市曹杨第二中学附属学校,,上海市晋元高级中学,,区属,727,800.0,0.908750,,,否,50,398,130,127,133,【普陀】【2025】名额到校最低分数线.pdf,5
2025,普陀区,上海市曹杨第二中学附属学校,,上海市曹杨第二中学,,区属,741,800.0,0.926250,,,否,50,406,137,133,135,【普陀】【2025】名额到校最低分数线.pdf,5
2025,普陀区,上海市曹杨第二中学附属学校,,上海市宜川中学,,区属,713,800.0,0.891250,,,否,50,388.5,124,123,131,【普陀】【2025】名额到校最低分数线.pdf,5
2025,普陀区,上海市曹杨第二中学附属学校,,华东师范大学第二附属中学（普陀校区）,,区属,752.5,800.0,0.940625,,,否,50,415.5,143,130,139,【普陀】【2025】名额到校最低分数线.pdf,5
2025,普陀区,上海市民办新黄浦实验学校,,上海市上海中学,,委属,755.5,800.0,0.944375,,,否,50,419.5,148,126,141,【普陀】【2025】名额到校最低分数线.pdf,5
2025,普陀区,上海市民办新黄浦实验学校,,上海市晋元高级中学,,区属,729,800.0,0.911250,,,否,50,403,136,132,130,【普陀】【2025】名额到校最低分数线.pdf,5
2025,普陀区,上海市民办新黄浦实验学校,,上海市曹杨第二中学,,区属,742,800.0,0.927500,,,否,50,406,134,128,139,【普陀】【2025】名额到校最低分数线.pdf,5
2025,普陀区,上海市民办新黄浦实验学校,,上海市宜川中学,,区属,726,800.0,0.907500,,,否,50,403,134,126,127,【普陀】【2025】名额到校最低分数线.pdf,5
2025,普陀区,上海市民办新黄浦实验学校,,华东师范大学第二附属中学（普陀校区）,,区属,755,800.0,0.943750,,,否,50,414.5,145,124,140,【普陀】【2025】名额到校最低分数线.pdf,6
2025,普陀区,上海市江宁学校,,上海市晋元高级中学,,区属,732.5,800.0,0.915625,,,否,50,403.5,141,121,135,【普陀】【2025】名额到校最低分数线.pdf,6
2025,普陀区,上海市江宁学校,,上海市曹杨第二中学,,区属,745.5,800.0,0.931875,,,否,50,410.5,137,132,142,【普陀】【2025】名额到校最低分数线.pdf,6
2025,普陀区,上海市江宁学校,,上海市宜川中学,,区属,717.5,800.0,0.896875,,,否,50,384.5,134,113,138,【普陀】【2025】名额到校最低分数线.pdf,6
2025,普陀区,上海市江宁学校,,华东师范大学第二附属中学（普陀校区）,,区属,752,800.0,0.940000,,,否,50,416,150,123,139,【普陀】【2025】名额到校最低分数线.pdf,6
2025,普陀区,上海市中远实验学校,,上海市晋元高级中学,,区属,720.5,800.0,0.900625,,,否,50,389.5,129,123,136,【普陀】【2025】名额到校最低分数线.pdf,6
2025,普陀区,上海市中远实验学校,,上海市曹杨第二中学,,区属,743.5,800.0,0.929375,,,否,50,412.5,144,135,133,【普陀】【2025】名额到校最低分数线.pdf,6
2025,普陀区,上海市中远实验学校,,上海市宜川中学,,区属,710.5,800.0,0.888125,,,否,50,389,127,122,126,【普陀】【2025】名额到校最低分数线.pdf,6
2025,普陀区,上海市中远实验学校,,华东师范大学第二附属中学（普陀校区）,,区属,749.5,800.0,0.936875,,,否,50,412,135,130,141,【普陀】【2025】名额到校最低分数线.pdf,6
2025,普陀区,上海市中远实验学校,,上海师范大学附属中学,,委属,709.5,800.0,0.886875,,,否,50,387.5,132,123,129,【普陀】【2025】名额到校最低分数线.pdf,6
2025,普陀区,上海市金鼎学校,,上海市曹杨第二中学,,区属,671.5,800.0,0.839375,,,否,50,370.5,124,120,113,【普陀】【2025】名额到校最低分数线.pdf,6
2025,普陀区,上海市金鼎学校,,华东师范大学第二附属中学（普陀校区）,,区属,722.5,800.0,0.903125,,,否,50,398.5,137,128,133,【普陀】【2025】名额到校最低分数线.pdf,6
2025,普陀区,上海外国语大学尚阳外国语学校,,上海市晋元高级中学,,区属,722,800.0,0.902500,,,否,50,394.5,133,129,137,【普陀】【2025】名额到校最低分数线.pdf,6
2025,普陀区,上海外国语大学尚阳外国语学校,,上海市曹杨第二中学,,区属,740.5,800.0,0.925625,,,否,50,400.5,135,121,143,【普陀】【2025】名额到校最低分数线.pdf,6
2025,普陀区,上海外国语大学尚阳外国语学校,,上海市宜川中学,,区属,711,800.0,0.888750,,,否,50,386.5,136,111,133,【普陀】【2025】名额到校最低分数线.pdf,6
2025,普陀区,上海外国语大学尚阳外国语学校,,华东师范大学第二附属中学（普陀校区）,,区属,746,800.0,0.932500,,,否,50,406,130,130,142,【普陀】【2025】名额到校最低分数线.pdf,6
2025,普陀区,上海市文达学校,,上海市晋元高级中学,,区属,714,800.0,0.892500,,,否,50,383,131,117,140,【普陀】【2025】名额到校最低分数线.pdf,6
2025,普陀区,上海市文达学校,,上海市曹杨第二中学,,区属,733,800.0,0.916250,,,否,50,405.5,137,128,131,【普陀】【2025】名额到校最低分数线.pdf,6
2025,普陀区,上海市文达学校,,上海市宜川中学,,区属,708,800.0,0.885000,,,否,50,384,120,127,128,【普陀】【2025】名额到校最低分数线.pdf,6
2025,普陀区,上海市文达学校,,华东师范大学第二附属中学（普陀校区）,,区属,749,800.0,0.936250,,,否,50,408,139,126,143,【普陀】【2025】名额到校最低分数线.pdf,6
2025,普陀区,上海理工大学附属普陀实验学校,,上海市晋元高级中学,,区属,706,800.0,0.882500,,,否,50,390,134,116,128,【普陀】【2025】名额到校最低分数线.pdf,6
2025,普陀区,上海理工大学附属普陀实验学校,,上海市曹杨第二中学,,区属,736,800.0,0.920000,,,否,50,407,143,122,141,【普陀】【2025】名额到校最低分数线.pdf,6
2025,普陀区,上海理工大学附属普陀实验学校,,上海市宜川中学,,区属,700.5,800.0,0.875625,,,否,50,384.5,127,120,124,【普陀】【2025】名额到校最低分数线.pdf,6
2025,普陀区,上海理工大学附属普陀实验学校,,华东师范大学第二附属中学（普陀校区）,,区属,748.5,800.0,0.935625,,,否,50,414,138,133,137,【普陀】【2025】名额到校最低分数线.pdf,6
2025,普陀区,上海市万里城实验学校,,上海市晋元高级中学,,区属,725.5,800.0,0.906875,,,否,50,395.5,128,127,133,【普陀】【2025】名额到校最低分数线.pdf,6
2025,普陀区,上海市万里城实验学校,,上海市曹杨第二中学,,区属,750,800.0,0.937500,,,否,50,410,142,128,142,【普陀】【2025】名额到校最低分数线.pdf,6
2025,普陀区,上海市万里城实验学校,,上海市宜川中学,,区属,710,800.0,0.887500,,,否,50,386,130,123,133,【普陀】【2025】名额到校最低分数线.pdf,6
2025,普陀区,上海市万里城实验学校,,华东师范大学第二附属中学（普陀校区）,,区属,756.5,800.0,0.945625,,,否,50,414.5,139,131,143,【普陀】【2025】名额到校最低分数线.pdf,6
2026,普陀区,上海市洵阳中学,,上海市晋元高级中学,,区属,736,800.0,0.920000,,,否,50,406,124,133,138,【普陀】【2026】名额到校最低分数线.pdf,1
2026,普陀区,上海市洵阳中学,,上海市曹杨第二中学,,区属,747,800.0,0.933750,,,否,50,410,135,128,141,【普陀】【2026】名额到校最低分数线.pdf,1
2026,普陀区,上海市洵阳中学,,上海市宜川中学,,区属,726,800.0,0.907500,,,否,50,393.5,117,133,138,【普陀】【2026】名额到校最低分数线.pdf,1
2026,普陀区,上海市洵阳中学,,华东师范大学第二附属中学（普陀校区）,,区属,760,800.0,0.950000,,,否,50,420.5,145,127,144.5,【普陀】【2026】名额到校最低分数线.pdf,1
2026,普陀区,上海市洵阳中学,,复旦大学附属中学,,委属,766.5,800.0,0.958125,,,否,50,419.5,147,125,149,【普陀】【2026】名额到校最低分数线.pdf,1
2026,普陀区,上海市北海中学,,上海市晋元高级中学,,区属,727.5,800.0,0.909375,,,否,50,398.5,124,128,135,【普陀】【2026】名额到校最低分数线.pdf,1
2026,普陀区,上海市北海中学,,上海市曹杨第二中学,,区属,753,800.0,0.941250,,,否,50,417,150,120,140,【普陀】【2026】名额到校最低分数线.pdf,1
2026,普陀区,上海市北海中学,,上海市宜川中学,,区属,719.5,800.0,0.899375,,,否,50,395,120,129,131,【普陀】【2026】名额到校最低分数线.pdf,1
2026,普陀区,上海市北海中学,,华东师范大学第二附属中学（普陀校区）,,区属,759.5,800.0,0.949375,,,否,50,421.5,142,134,145,【普陀】【2026】名额到校最低分数线.pdf,1
2026,普陀区,上海市北海中学,,上海交通大学附属中学,,委属,760.5,800.0,0.950625,,,否,50,420.5,150,127,146,【普陀】【2026】名额到校最低分数线.pdf,1
2026,普陀区,上海市延河中学,,上海市晋元高级中学,,区属,740,800.0,0.925000,,,否,50,399,126,130,144,【普陀】【2026】名额到校最低分数线.pdf,1
2026,普陀区,上海市延河中学,,上海市曹杨第二中学,,区属,744.5,800.0,0.930625,,,否,50,407,142,122,140,【普陀】【2026】名额到校最低分数线.pdf,1
2026,普陀区,上海市延河中学,,上海市宜川中学,,区属,726,800.0,0.907500,,,否,50,392.5,128,127,145,【普陀】【2026】名额到校最低分数线.pdf,1
2026,普陀区,上海市延河中学,,华东师范大学第二附属中学（普陀校区）,,区属,759.5,800.0,0.949375,,,否,50,417.5,144,126,146,【普陀】【2026】名额到校最低分数线.pdf,1
2026,普陀区,上海市曹杨第二中学附属实验中学,,上海市晋元高级中学,,区属,746,800.0,0.932500,,,否,50,403,125,130,144,【普陀】【2026】名额到校最低分数线.pdf,1
2026,普陀区,上海市曹杨第二中学附属实验中学,,上海市曹杨第二中学,,区属,750.5,800.0,0.938125,,,否,50,414.5,144,124,140,【普陀】【2026】名额到校最低分数线.pdf,1
2026,普陀区,上海市曹杨第二中学附属实验中学,,上海市宜川中学,,区属,735.5,800.0,0.919375,,,否,50,398.5,125,129,140,【普陀】【2026】名额到校最低分数线.pdf,1
2026,普陀区,上海市曹杨第二中学附属实验中学,,华东师范大学第二附属中学（普陀校区）,,区属,750.5,800.0,0.938125,,,否,50,409.5,131,131,143,【普陀】【2026】名额到校最低分数线.pdf,1
2026,普陀区,上海市曹杨第二中学附属实验中学,,上海师范大学附属中学,,委属,735,800.0,0.918750,,,否,50,405,128,135,132,【普陀】【2026】名额到校最低分数线.pdf,1
2026,普陀区,华东师范大学第四附属中学,,上海市晋元高级中学,,区属,738,800.0,0.922500,,,否,50,397,130,127,143,【普陀】【2026】名额到校最低分数线.pdf,1
2026,普陀区,华东师范大学第四附属中学,,上海市曹杨第二中学,,区属,751.5,800.0,0.939375,,,否,50,408.5,137,127,145,【普陀】【2026】名额到校最低分数线.pdf,1
2026,普陀区,华东师范大学第四附属中学,,上海市宜川中学,,区属,720.5,800.0,0.900625,,,否,50,395.5,131,123,133,【普陀】【2026】名额到校最低分数线.pdf,1
2026,普陀区,华东师范大学第四附属中学,,华东师范大学第二附属中学（普陀校区）,,区属,762.5,800.0,0.953125,,,否,50,421.5,144,132,143,【普陀】【2026】名额到校最低分数线.pdf,1
2026,普陀区,上海市怒江中学,,上海市晋元高级中学,,区属,726.5,800.0,0.908125,,,否,50,397.5,131,122,134,【普陀】【2026】名额到校最低分数线.pdf,1
2026,普陀区,上海市怒江中学,,上海市曹杨第二中学,,区属,758.5,800.0,0.948125,,,否,50,415.5,137,130,147,【普陀】【2026】名额到校最低分数线.pdf,1
2026,普陀区,上海市怒江中学,,上海市宜川中学,,区属,720,800.0,0.900000,,,否,50,387,132,117,142,【普陀】【2026】名额到校最低分数线.pdf,1
2026,普陀区,上海市怒江中学,,华东师范大学第二附属中学（普陀校区）,,区属,761,800.0,0.951250,,,否,50,420,144,132,144,【普陀】【2026】名额到校最低分数线.pdf,1
2026,普陀区,上海师范大学附属第二实验学校,,上海市晋元高级中学,,区属,736,800.0,0.920000,,,否,50,407,137,131,135,【普陀】【2026】名额到校最低分数线.pdf,1
2026,普陀区,上海师范大学附属第二实验学校,,上海市曹杨第二中学,,区属,745,800.0,0.931250,,,否,50,407,143,117,141,【普陀】【2026】名额到校最低分数线.pdf,2
2026,普陀区,上海师范大学附属第二实验学校,,上海市宜川中学,,区属,731,800.0,0.913750,,,否,50,395,131,120,139,【普陀】【2026】名额到校最低分数线.pdf,2
2026,普陀区,上海师范大学附属第二实验学校,,华东师范大学第二附属中学（普陀校区）,,区属,761,800.0,0.951250,,,否,50,422,137,138,142,【普陀】【2026】名额到校最低分数线.pdf,2
2026,普陀区,上海师范大学附属第二实验学校,,上海交通大学附属中学,,委属,764,800.0,0.955000,,,否,50,422,150,127,145,【普陀】【2026】名额到校最低分数线.pdf,2
2026,普陀区,上海市真北中学,,上海市晋元高级中学,,区属,739.5,800.0,0.924375,,,否,50,408.5,138,128,139,【普陀】【2026】名额到校最低分数线.pdf,2
2026,普陀区,上海市真北中学,,上海市曹杨第二中学,,区属,747.5,800.0,0.934375,,,否,50,412.5,139,131,137,【普陀】【2026】名额到校最低分数线.pdf,2
2026,普陀区,上海市真北中学,,上海市宜川中学,,区属,724.5,800.0,0.905625,,,否,50,401.5,133,126,128,【普陀】【2026】名额到校最低分数线.pdf,2
2026,普陀区,上海市真北中学,,华东师范大学第二附属中学（普陀校区）,,区属,764,800.0,0.955000,,,否,50,426,145,135,142,【普陀】【2026】名额到校最低分数线.pdf,2
2026,普陀区,上海市真北中学,,上海交通大学附属中学,,委属,766.5,800.0,0.958125,,,否,50,423.5,149,130,146,【普陀】【2026】名额到校最低分数线.pdf,2
2026,普陀区,上海市普陀区教育学院附属中学,,上海市晋元高级中学,,区属,744.5,800.0,0.930625,,,否,50,407.5,130,131,140,【普陀】【2026】名额到校最低分数线.pdf,2
2026,普陀区,上海市普陀区教育学院附属中学,,上海市曹杨第二中学,,区属,750.5,800.0,0.938125,,,否,50,418.5,142,133,140,【普陀】【2026】名额到校最低分数线.pdf,2
2026,普陀区,上海市普陀区教育学院附属中学,,上海市宜川中学,,区属,721,800.0,0.901250,,,否,50,396.5,125,127,130,【普陀】【2026】名额到校最低分数线.pdf,2
2026,普陀区,上海市普陀区教育学院附属中学,,华东师范大学第二附属中学（普陀校区）,,区属,756.5,800.0,0.945625,,,否,50,420.5,146,131,138,【普陀】【2026】名额到校最低分数线.pdf,2
2026,普陀区,上海市梅陇中学,,上海市晋元高级中学,,区属,742.5,800.0,0.928125,,,否,50,404.5,130,129,142,【普陀】【2026】名额到校最低分数线.pdf,2
2026,普陀区,上海市梅陇中学,,上海市曹杨第二中学,,区属,754.5,800.0,0.943125,,,否,50,408.5,142,123,148,【普陀】【2026】名额到校最低分数线.pdf,2
2026,普陀区,上海市梅陇中学,,上海市宜川中学,,区属,724,800.0,0.905000,,,否,50,385,126,116,143,【普陀】【2026】名额到校最低分数线.pdf,2
2026,普陀区,上海市梅陇中学,,华东师范大学第二附属中学（普陀校区）,,区属,761.5,800.0,0.951875,,,否,50,419.5,137,136,144,【普陀】【2026】名额到校最低分数线.pdf,2
2026,普陀区,上海市梅陇中学,,上海交通大学附属中学,,委属,769,800.0,0.961250,,,否,50,423,145,131,150,【普陀】【2026】名额到校最低分数线.pdf,2
2026,普陀区,上海兰田中学,,上海市晋元高级中学,,区属,741,800.0,0.926250,,,否,50,405,133,130,141,【普陀】【2026】名额到校最低分数线.pdf,2
2026,普陀区,上海兰田中学,,上海市曹杨第二中学,,区属,754,800.0,0.942500,,,否,50,410,141,126,149,【普陀】【2026】名额到校最低分数线.pdf,2
2026,普陀区,上海兰田中学,,上海市宜川中学,,区属,732.5,800.0,0.915625,,,否,50,403.5,136,127,136,【普陀】【2026】名额到校最低分数线.pdf,2
2026,普陀区,上海兰田中学,,华东师范大学第二附属中学（普陀校区）,,区属,755,800.0,0.943750,,,否,50,412,136,132,148,【普陀】【2026】名额到校最低分数线.pdf,2
2026,普陀区,上海兰田中学,,华东师范大学第二附属中学,,委属,769,800.0,0.961250,,,否,50,425,146,130,147,【普陀】【2026】名额到校最低分数线.pdf,2
2026,普陀区,上海市普陀区梅陇实验中学,,上海市晋元高级中学,,区属,746,800.0,0.932500,,,否,50,408,144,122,142,【普陀】【2026】名额到校最低分数线.pdf,2
2026,普陀区,上海市普陀区梅陇实验中学,,上海市曹杨第二中学,,区属,752,800.0,0.940000,,,否,50,415,150,118,145,【普陀】【2026】名额到校最低分数线.pdf,2
2026,普陀区,上海市普陀区梅陇实验中学,,上海市宜川中学,,区属,718,800.0,0.897500,,,否,50,390,130,122,134,【普陀】【2026】名额到校最低分数线.pdf,2
2026,普陀区,上海市普陀区梅陇实验中学,,华东师范大学第二附属中学（普陀校区）,,区属,759.5,800.0,0.949375,,,否,50,420.5,144,130,142,【普陀】【2026】名额到校最低分数线.pdf,2
2026,普陀区,上海市普陀区梅陇实验中学,,复旦大学附属中学,,委属,766,800.0,0.957500,,,否,50,425,145,132,146,【普陀】【2026】名额到校最低分数线.pdf,2
2026,普陀区,上海市曹杨中学,,上海市晋元高级中学,,区属,736,800.0,0.920000,,,否,50,392.5,124,121,146,【普陀】【2026】名额到校最低分数线.pdf,2
2026,普陀区,上海市曹杨中学,,上海市曹杨第二中学,,区属,746,800.0,0.932500,,,否,50,405,134,128,145,【普陀】【2026】名额到校最低分数线.pdf,2
2026,普陀区,上海市曹杨中学,,上海市宜川中学,,区属,720,800.0,0.900000,,,否,50,388,119,129,135,【普陀】【2026】名额到校最低分数线.pdf,3
2026,普陀区,上海市曹杨中学,,华东师范大学第二附属中学（普陀校区）,,区属,757,800.0,0.946250,,,否,50,417,146,127,144,【普陀】【2026】名额到校最低分数线.pdf,3
2026,普陀区,同济大学第二附属中学,,上海市晋元高级中学,,区属,744,800.0,0.930000,,,否,50,408,132,131,143,【普陀】【2026】名额到校最低分数线.pdf,3
2026,普陀区,同济大学第二附属中学,,上海市曹杨第二中学,,区属,752,800.0,0.940000,,,否,50,413,145,127,143,【普陀】【2026】名额到校最低分数线.pdf,3
2026,普陀区,同济大学第二附属中学,,上海市宜川中学,,区属,731.5,800.0,0.914375,,,否,50,412,136,136,129,【普陀】【2026】名额到校最低分数线.pdf,3
2026,普陀区,同济大学第二附属中学,,华东师范大学第二附属中学（普陀校区）,,区属,759,800.0,0.948750,,,否,50,422,147,132,139,【普陀】【2026】名额到校最低分数线.pdf,3
2026,普陀区,上海市甘泉外国语中学,,上海市曹杨第二中学,,区属,767.5,800.0,0.959375,,,否,50,425.5,140,140,145,【普陀】【2026】名额到校最低分数线.pdf,3
2026,普陀区,上海市甘泉外国语中学,,华东师范大学第二附属中学（普陀校区）,,区属,762,800.0,0.952500,,,否,50,420,146,132,146,【普陀】【2026】名额到校最低分数线.pdf,3
2026,普陀区,上海市新杨中学,,上海市晋元高级中学,,区属,731,800.0,0.913750,,,否,50,392,133,121,147,【普陀】【2026】名额到校最低分数线.pdf,3
2026,普陀区,上海市新杨中学,,上海市曹杨第二中学,,区属,744.5,800.0,0.930625,,,否,50,407,133,127,144,【普陀】【2026】名额到校最低分数线.pdf,3
2026,普陀区,上海市新杨中学,,上海市宜川中学,,区属,721,800.0,0.901250,,,否,50,396,130,126,137,【普陀】【2026】名额到校最低分数线.pdf,3
2026,普陀区,上海市新杨中学,,华东师范大学第二附属中学（普陀校区）,,区属,741.5,800.0,0.926875,,,否,50,402.5,138,123,145,【普陀】【2026】名额到校最低分数线.pdf,3
2026,普陀区,上海市长征中学,,上海市晋元高级中学,,区属,737,800.0,0.921250,,,否,50,406,139,124,139,【普陀】【2026】名额到校最低分数线.pdf,3
2026,普陀区,上海市长征中学,,上海市曹杨第二中学,,区属,746,800.0,0.932500,,,否,50,402,135,118,146,【普陀】【2026】名额到校最低分数线.pdf,3
2026,普陀区,上海市长征中学,,上海市宜川中学,,区属,724,800.0,0.905000,,,否,50,396.5,134,126,136,【普陀】【2026】名额到校最低分数线.pdf,3
2026,普陀区,上海市长征中学,,华东师范大学第二附属中学（普陀校区）,,区属,762.5,800.0,0.953125,,,否,50,418.5,143,130,146,【普陀】【2026】名额到校最低分数线.pdf,3
2026,普陀区,上海市桃浦中学,,上海市晋元高级中学,,区属,730,800.0,0.912500,,,否,50,395,133,119,139,【普陀】【2026】名额到校最低分数线.pdf,3
2026,普陀区,上海市桃浦中学,,上海市曹杨第二中学,,区属,731,800.0,0.913750,,,否,50,397,129,126,139,【普陀】【2026】名额到校最低分数线.pdf,3
2026,普陀区,上海市桃浦中学,,上海市宜川中学,,区属,725.5,800.0,0.906875,,,否,50,398.5,131,126,136,【普陀】【2026】名额到校最低分数线.pdf,3
2026,普陀区,上海市桃浦中学,,华东师范大学第二附属中学（普陀校区）,,区属,743,800.0,0.928750,,,否,50,413,145,124,138,【普陀】【2026】名额到校最低分数线.pdf,3
2026,普陀区,上海市晋元高级中学附属学校南校,,上海市晋元高级中学,,区属,740.5,800.0,0.925625,,,否,50,402.5,131,129,145,【普陀】【2026】名额到校最低分数线.pdf,3
2026,普陀区,上海市晋元高级中学附属学校南校,,上海市曹杨第二中学,,区属,748.5,800.0,0.935625,,,否,50,411.5,140,125,141,【普陀】【2026】名额到校最低分数线.pdf,3
2026,普陀区,上海市晋元高级中学附属学校南校,,上海市宜川中学,,区属,710,800.0,0.887500,,,否,50,378.5,109,127,135,【普陀】【2026】名额到校最低分数线.pdf,3
2026,普陀区,上海市晋元高级中学附属学校南校,,华东师范大学第二附属中学（普陀校区）,,区属,762.5,800.0,0.953125,,,否,50,417.5,138,132,147,【普陀】【2026】名额到校最低分数线.pdf,3
2026,普陀区,上海市晋元高级中学附属学校南校,,华东师范大学第二附属中学,,委属,752.5,800.0,0.940625,,,否,50,411,143,121,144,【普陀】【2026】名额到校最低分数线.pdf,3
2026,普陀区,上海音乐学院附属安师实验中学,,上海市晋元高级中学,,区属,690.5,800.0,0.863125,,,否,50,367.5,112,125,132,【普陀】【2026】名额到校最低分数线.pdf,3
2026,普陀区,上海音乐学院附属安师实验中学,,上海市曹杨第二中学,,区属,679,800.0,0.848750,,,否,50,371,122,117,118,【普陀】【2026】名额到校最低分数线.pdf,3
2026,普陀区,上海音乐学院附属安师实验中学,,华东师范大学第二附属中学（普陀校区）,,区属,741,800.0,0.926250,,,否,50,408,138,127,142,【普陀】【2026】名额到校最低分数线.pdf,3
2026,普陀区,上海华东师范大学附属进华中学,,上海市晋元高级中学,,区属,738,800.0,0.922500,,,否,50,396,126,128,146,【普陀】【2026】名额到校最低分数线.pdf,3
2026,普陀区,上海华东师范大学附属进华中学,,上海市曹杨第二中学,,区属,749,800.0,0.936250,,,否,50,415,146,125,141,【普陀】【2026】名额到校最低分数线.pdf,3
2026,普陀区,上海华东师范大学附属进华中学,,上海市宜川中学,,区属,724,800.0,0.905000,,,否,50,390,126,126,138,【普陀】【2026】名额到校最低分数线.pdf,4
2026,普陀区,上海华东师范大学附属进华中学,,华东师范大学第二附属中学（普陀校区）,,区属,762.5,800.0,0.953125,,,否,50,419.5,144,132,144,【普陀】【2026】名额到校最低分数线.pdf,4
2026,普陀区,上海华东师范大学附属进华中学,,复旦大学附属中学,,委属,767,800.0,0.958750,,,否,50,426,145,132,143,【普陀】【2026】名额到校最低分数线.pdf,4
2026,普陀区,上海安生学校,,上海市晋元高级中学,,区属,699,800.0,0.873750,,,否,50,379,119,121,129,【普陀】【2026】名额到校最低分数线.pdf,4
2026,普陀区,上海安生学校,,上海市曹杨第二中学,,区属,677,800.0,0.846250,,,否,50,363,99,127,120,【普陀】【2026】名额到校最低分数线.pdf,4
2026,普陀区,上海安生学校,,上海市宜川中学,,区属,699,800.0,0.873750,,,否,50,377,118,117,129,【普陀】【2026】名额到校最低分数线.pdf,4
2026,普陀区,上海安生学校,,华东师范大学第二附属中学（普陀校区）,,区属,757,800.0,0.946250,,,否,50,420,139,138,143,【普陀】【2026】名额到校最低分数线.pdf,4
2026,普陀区,上海培佳双语学校,,上海市上海中学,,委属,769.5,800.0,0.961875,,,否,50,426.5,143,137,146,【普陀】【2026】名额到校最低分数线.pdf,4
2026,普陀区,上海培佳双语学校,,上海市晋元高级中学,,区属,744.5,800.0,0.930625,,,否,50,404.5,146,118,146,【普陀】【2026】名额到校最低分数线.pdf,4
2026,普陀区,上海培佳双语学校,,上海市曹杨第二中学,,区属,749.5,800.0,0.936875,,,否,50,408.5,142,126,147,【普陀】【2026】名额到校最低分数线.pdf,4
2026,普陀区,上海培佳双语学校,,上海市宜川中学,,区属,730.5,800.0,0.913125,,,否,50,396.5,134,120,144,【普陀】【2026】名额到校最低分数线.pdf,4
2026,普陀区,上海培佳双语学校,,华东师范大学第二附属中学（普陀校区）,,区属,764,800.0,0.955000,,,否,50,425,150,127,146,【普陀】【2026】名额到校最低分数线.pdf,4
2026,普陀区,上海市铜川学校,,上海市晋元高级中学,,区属,735,800.0,0.918750,,,否,50,402.5,131,132,137,【普陀】【2026】名额到校最低分数线.pdf,4
2026,普陀区,上海市铜川学校,,上海市曹杨第二中学,,区属,749.5,800.0,0.936875,,,否,50,412.5,135,135,142,【普陀】【2026】名额到校最低分数线.pdf,4
2026,普陀区,上海市铜川学校,,上海市宜川中学,,区属,730,800.0,0.912500,,,否,50,403,138,124,138,【普陀】【2026】名额到校最低分数线.pdf,4
2026,普陀区,上海市铜川学校,,华东师范大学第二附属中学（普陀校区）,,区属,750,800.0,0.937500,,,否,50,406,146,117,145,【普陀】【2026】名额到校最低分数线.pdf,4
2026,普陀区,上海市沙田学校,,上海市晋元高级中学,,区属,723.5,800.0,0.904375,,,否,50,391.5,126,121,139,【普陀】【2026】名额到校最低分数线.pdf,4
2026,普陀区,上海市沙田学校,,上海市曹杨第二中学,,区属,740,800.0,0.925000,,,否,50,403,139,126,144,【普陀】【2026】名额到校最低分数线.pdf,4
2026,普陀区,上海市沙田学校,,上海市宜川中学,,区属,710.5,800.0,0.888125,,,否,50,391.5,116,133,130,【普陀】【2026】名额到校最低分数线.pdf,4
2026,普陀区,上海市沙田学校,,华东师范大学第二附属中学（普陀校区）,,区属,761.5,800.0,0.951875,,,否,50,419.5,132,142,146,【普陀】【2026】名额到校最低分数线.pdf,4
2026,普陀区,华东师范大学附属外国语实验学校,,上海市晋元高级中学,,区属,734,800.0,0.917500,,,否,50,409,134,131,129,【普陀】【2026】名额到校最低分数线.pdf,4
2026,普陀区,华东师范大学附属外国语实验学校,,上海市曹杨第二中学,,区属,752.5,800.0,0.940625,,,否,50,422.5,140,133,134,【普陀】【2026】名额到校最低分数线.pdf,4
2026,普陀区,华东师范大学附属外国语实验学校,,上海市宜川中学,,区属,725.5,800.0,0.906875,,,否,50,392.5,122,124,138,【普陀】【2026】名额到校最低分数线.pdf,4
2026,普陀区,华东师范大学附属外国语实验学校,,华东师范大学第二附属中学（普陀校区）,,区属,761.5,800.0,0.951875,,,否,50,417.5,144,127,148,【普陀】【2026】名额到校最低分数线.pdf,4
2026,普陀区,上海市子长学校,,上海市晋元高级中学,,区属,739.5,800.0,0.924375,,,否,50,400.5,140,121,146,【普陀】【2026】名额到校最低分数线.pdf,4
2026,普陀区,上海市子长学校,,上海市曹杨第二中学,,区属,752.5,800.0,0.940625,,,否,50,412.5,142,128,148,【普陀】【2026】名额到校最低分数线.pdf,4
2026,普陀区,上海市子长学校,,上海市宜川中学,,区属,728.5,800.0,0.910625,,,否,50,397.5,125,125,134,【普陀】【2026】名额到校最低分数线.pdf,4
2026,普陀区,上海市子长学校,,华东师范大学第二附属中学（普陀校区）,,区属,734.5,800.0,0.918125,,,否,50,393.5,136,114,146,【普陀】【2026】名额到校最低分数线.pdf,4
2026,普陀区,上海市洛川学校,,上海市晋元高级中学,,区属,742,800.0,0.927500,,,否,50,403.5,138,123,143,【普陀】【2026】名额到校最低分数线.pdf,4
2026,普陀区,上海市洛川学校,,上海市曹杨第二中学,,区属,743.5,800.0,0.929375,,,否,50,408.5,136,131,141,【普陀】【2026】名额到校最低分数线.pdf,4
2026,普陀区,上海市洛川学校,,上海市宜川中学,,区属,734.5,800.0,0.918125,,,否,50,399.5,130,127,143,【普陀】【2026】名额到校最低分数线.pdf,5
2026,普陀区,上海市洛川学校,,华东师范大学第二附属中学（普陀校区）,,区属,755,800.0,0.943750,,,否,50,416,140,133,144,【普陀】【2026】名额到校最低分数线.pdf,5
2026,普陀区,上海市宜川中学附属学校,,上海市晋元高级中学,,区属,739.5,800.0,0.924375,,,否,50,400.5,127,127,144,【普陀】【2026】名额到校最低分数线.pdf,5
2026,普陀区,上海市宜川中学附属学校,,上海市曹杨第二中学,,区属,743,800.0,0.928750,,,否,50,408,134,132,142,【普陀】【2026】名额到校最低分数线.pdf,5
2026,普陀区,上海市宜川中学附属学校,,上海市宜川中学,,区属,722,800.0,0.902500,,,否,50,381,123,117,147,【普陀】【2026】名额到校最低分数线.pdf,5
2026,普陀区,上海市宜川中学附属学校,,华东师范大学第二附属中学（普陀校区）,,区属,761,800.0,0.951250,,,否,50,419,144,131,145,【普陀】【2026】名额到校最低分数线.pdf,5
2026,普陀区,上海市曹杨中学附属学校,,上海市晋元高级中学,,区属,736.5,800.0,0.920625,,,否,50,399.5,124,133,139,【普陀】【2026】名额到校最低分数线.pdf,5
2026,普陀区,上海市曹杨中学附属学校,,上海市曹杨第二中学,,区属,750,800.0,0.937500,,,否,50,414,142,128,141,【普陀】【2026】名额到校最低分数线.pdf,5
2026,普陀区,上海市曹杨中学附属学校,,上海市宜川中学,,区属,718.5,800.0,0.898125,,,否,50,388.5,120,128,135,【普陀】【2026】名额到校最低分数线.pdf,5
2026,普陀区,上海市曹杨中学附属学校,,华东师范大学第二附属中学（普陀校区）,,区属,754.5,800.0,0.943125,,,否,50,415.5,146,126,145,【普陀】【2026】名额到校最低分数线.pdf,5
2026,普陀区,上海市曹杨中学附属学校,,上海交通大学附属中学,,委属,769.5,800.0,0.961875,,,否,50,426.5,147,134,145,【普陀】【2026】名额到校最低分数线.pdf,5
2026,普陀区,上海市普陀区教育学院附属学校,,上海市晋元高级中学,,区属,732.5,800.0,0.915625,,,否,50,402.5,132,128,141,【普陀】【2026】名额到校最低分数线.pdf,5
2026,普陀区,上海市普陀区教育学院附属学校,,上海市曹杨第二中学,,区属,729,800.0,0.911250,,,否,50,388,118,132,146,【普陀】【2026】名额到校最低分数线.pdf,5
2026,普陀区,上海市普陀区教育学院附属学校,,上海市宜川中学,,区属,731,800.0,0.913750,,,否,50,401,132,131,140,【普陀】【2026】名额到校最低分数线.pdf,5
2026,普陀区,上海市普陀区教育学院附属学校,,华东师范大学第二附属中学（普陀校区）,,区属,744.5,800.0,0.930625,,,否,50,408,136,129,144,【普陀】【2026】名额到校最低分数线.pdf,5
2026,普陀区,上海市晋元高级中学附属学校,,上海市上海中学,,委属,762,800.0,0.952500,,,否,50,416,148,125,149,【普陀】【2026】名额到校最低分数线.pdf,5
2026,普陀区,上海市晋元高级中学附属学校,,上海市晋元高级中学,,区属,745.5,800.0,0.931875,,,否,50,407.5,136,127,144,【普陀】【2026】名额到校最低分数线.pdf,5
2026,普陀区,上海市晋元高级中学附属学校,,上海市曹杨第二中学,,区属,751.5,800.0,0.939375,,,否,50,411,138,128,147,【普陀】【2026】名额到校最低分数线.pdf,5
2026,普陀区,上海市晋元高级中学附属学校,,上海市宜川中学,,区属,726.5,800.0,0.908125,,,否,50,398.5,134,125,141,【普陀】【2026】名额到校最低分数线.pdf,5
2026,普陀区,上海市晋元高级中学附属学校,,华东师范大学第二附属中学（普陀校区）,,区属,759,800.0,0.948750,,,否,50,416,146,128,146,【普陀】【2026】名额到校最低分数线.pdf,5
2026,普陀区,上海市曹杨第二中学附属学校,,上海市晋元高级中学,,区属,740,800.0,0.925000,,,否,50,404,140,120,145,【普陀】【2026】名额到校最低分数线.pdf,5
2026,普陀区,上海市曹杨第二中学附属学校,,上海市曹杨第二中学,,区属,754.5,800.0,0.943125,,,否,50,414.5,138,131,141,【普陀】【2026】名额到校最低分数线.pdf,5
2026,普陀区,上海市曹杨第二中学附属学校,,上海市宜川中学,,区属,723.5,800.0,0.904375,,,否,50,394,133,122,137,【普陀】【2026】名额到校最低分数线.pdf,5
2026,普陀区,上海市曹杨第二中学附属学校,,华东师范大学第二附属中学（普陀校区）,,区属,763.5,800.0,0.954375,,,否,50,422.5,150,128,144,【普陀】【2026】名额到校最低分数线.pdf,5
2026,普陀区,上海市民办新黄浦实验学校,,上海市晋元高级中学,,区属,743.5,800.0,0.929375,,,否,50,405.5,136,127,142,【普陀】【2026】名额到校最低分数线.pdf,5
2026,普陀区,上海市民办新黄浦实验学校,,上海市曹杨第二中学,,区属,758.5,800.0,0.948125,,,否,50,419.5,144,129,145,【普陀】【2026】名额到校最低分数线.pdf,5
2026,普陀区,上海市民办新黄浦实验学校,,上海市宜川中学,,区属,721.5,800.0,0.901875,,,否,50,391.5,129,129,136,【普陀】【2026】名额到校最低分数线.pdf,5
2026,普陀区,上海市民办新黄浦实验学校,,华东师范大学第二附属中学（普陀校区）,,区属,766,800.0,0.957500,,,否,50,424,150,126,146,【普陀】【2026】名额到校最低分数线.pdf,5
2026,普陀区,上海市江宁学校,,上海市晋元高级中学,,区属,740.5,800.0,0.925625,,,否,50,411.5,131,133,139,【普陀】【2026】名额到校最低分数线.pdf,5
2026,普陀区,上海市江宁学校,,上海市曹杨第二中学,,区属,753.5,800.0,0.941875,,,否,50,411.5,134,132,147,【普陀】【2026】名额到校最低分数线.pdf,5
2026,普陀区,上海市江宁学校,,上海市宜川中学,,区属,725.5,800.0,0.906875,,,否,50,402.5,125,133,132,【普陀】【2026】名额到校最低分数线.pdf,6
2026,普陀区,上海市江宁学校,,华东师范大学第二附属中学（普陀校区）,,区属,763.5,800.0,0.954375,,,否,50,421.5,144,131,144,【普陀】【2026】名额到校最低分数线.pdf,6
2026,普陀区,上海市江宁学校,,复旦大学附属中学,,委属,768.5,800.0,0.960625,,,否,50,423.5,146,133,147,【普陀】【2026】名额到校最低分数线.pdf,6
2026,普陀区,上海市中远实验学校,,上海市晋元高级中学,,区属,746.5,800.0,0.933125,,,否,50,412.5,131,135,139,【普陀】【2026】名额到校最低分数线.pdf,6
2026,普陀区,上海市中远实验学校,,上海市曹杨第二中学,,区属,758.5,800.0,0.948125,,,否,50,421.5,146,133,139,【普陀】【2026】名额到校最低分数线.pdf,6
2026,普陀区,上海市中远实验学校,,上海市宜川中学,,区属,724,800.0,0.905000,,,否,50,403,134,130,133,【普陀】【2026】名额到校最低分数线.pdf,6
2026,普陀区,上海市中远实验学校,,华东师范大学第二附属中学（普陀校区）,,区属,762,800.0,0.952500,,,否,50,422,144,136,144,【普陀】【2026】名额到校最低分数线.pdf,6
2026,普陀区,上海市金鼎学校,,上海市晋元高级中学,,区属,714,800.0,0.892500,,,否,50,392,127,129,130,【普陀】【2026】名额到校最低分数线.pdf,6
2026,普陀区,上海市金鼎学校,,上海市曹杨第二中学,,区属,729,800.0,0.911250,,,否,50,393,124,125,143,【普陀】【2026】名额到校最低分数线.pdf,6
2026,普陀区,上海市金鼎学校,,上海市宜川中学,,区属,720.5,800.0,0.900625,,,否,50,390.5,130,122,139,【普陀】【2026】名额到校最低分数线.pdf,6
2026,普陀区,上海市金鼎学校,,华东师范大学第二附属中学（普陀校区）,,区属,718.5,800.0,0.898125,,,否,50,381.5,115,121,140,【普陀】【2026】名额到校最低分数线.pdf,6
2026,普陀区,上海外国语大学尚阳外国语学校,,上海市晋元高级中学,,区属,743,800.0,0.928750,,,否,50,402,121,135,143,【普陀】【2026】名额到校最低分数线.pdf,6
2026,普陀区,上海外国语大学尚阳外国语学校,,上海市曹杨第二中学,,区属,746,800.0,0.932500,,,否,50,413,140,131,138,【普陀】【2026】名额到校最低分数线.pdf,6
2026,普陀区,上海外国语大学尚阳外国语学校,,上海市宜川中学,,区属,724.5,800.0,0.905625,,,否,50,398.5,136,119,132,【普陀】【2026】名额到校最低分数线.pdf,6
2026,普陀区,上海外国语大学尚阳外国语学校,,华东师范大学第二附属中学（普陀校区）,,区属,759,800.0,0.948750,,,否,50,415,150,118,148,【普陀】【2026】名额到校最低分数线.pdf,6
2026,普陀区,上海市文达学校,,上海市晋元高级中学,,区属,735.5,800.0,0.919375,,,否,50,396.5,126,130,143,【普陀】【2026】名额到校最低分数线.pdf,6
2026,普陀区,上海市文达学校,,上海市曹杨第二中学,,区属,738.5,800.0,0.923125,,,否,50,398.5,125,129,144,【普陀】【2026】名额到校最低分数线.pdf,6
2026,普陀区,上海市文达学校,,上海市宜川中学,,区属,721.5,800.0,0.901875,,,否,50,386.5,118,124,138,【普陀】【2026】名额到校最低分数线.pdf,6
2026,普陀区,上海市文达学校,,华东师范大学第二附属中学（普陀校区）,,区属,753,800.0,0.941250,,,否,50,412,137,130,142,【普陀】【2026】名额到校最低分数线.pdf,6
2026,普陀区,上海理工大学附属普陀实验学校,,上海市晋元高级中学,,区属,744.5,800.0,0.930625,,,否,50,411.5,135,133,137,【普陀】【2026】名额到校最低分数线.pdf,6
2026,普陀区,上海理工大学附属普陀实验学校,,上海市曹杨第二中学,,区属,753.5,800.0,0.941875,,,否,50,417,145,129,142,【普陀】【2026】名额到校最低分数线.pdf,6
2026,普陀区,上海理工大学附属普陀实验学校,,上海市宜川中学,,区属,733,800.0,0.916250,,,否,50,398.5,132,124,141,【普陀】【2026】名额到校最低分数线.pdf,6
2026,普陀区,上海理工大学附属普陀实验学校,,华东师范大学第二附属中学（普陀校区）,,区属,758,800.0,0.947500,,,否,50,418,142,132,144,【普陀】【2026】名额到校最低分数线.pdf,6
2026,普陀区,上海市万里城实验学校,,上海市晋元高级中学,,区属,742.5,800.0,0.928125,,,否,50,398.5,129,129,146,【普陀】【2026】名额到校最低分数线.pdf,6
2026,普陀区,上海市万里城实验学校,,上海市曹杨第二中学,,区属,757.5,800.0,0.946875,,,否,50,425.5,146,133,137,【普陀】【2026】名额到校最低分数线.pdf,6
2026,普陀区,上海市万里城实验学校,,上海市宜川中学,,区属,721,800.0,0.901250,,,否,50,384,116,129,143,【普陀】【2026】名额到校最低分数线.pdf,6
2026,普陀区,上海市万里城实验学校,,华东师范大学第二附属中学（普陀校区）,,区属,765,800.0,0.956250,,,否,50,422,144,132,146,【普陀】【2026】名额到校最低分数线.pdf,6
