junior_high_school,n_years,P_wq_comb,rank_P_wq_comb,P_wq_all,rank_P_wq_all,P_wq_head,rank_P_wq_head,P_wq_tail,rank_P_wq_tail,P_eq_comb,rank_P_eq_comb,P_eq_all,rank_P_eq_all,P_eq_head,rank_P_eq_head,P_eq_tail,rank_P_eq_tail,shift_comb_wq_eq,Z_wq_comb,rank_Z_wq_comb,ZR_wq_comb,rank_ZR_wq_comb,P_lin,rank_P_lin,P_exp,rank_P_exp,P_recent3,rank_P_recent3,mean_rank_wq_avg,quota4_avg,quota_all_avg
上海市晋元高级中学附属学校,5,0.827033,1,0.874435,1,0.708695,9,0.89797,1,0.801837,2,0.832249,2,0.666999,9,0.906264,1,1,0.8013,1,0.822,1,0.880218,1,0.869357,1,0.882265,1,,44.6,45.4
上海市江宁学校,5,0.794918,2,0.803051,2,0.761005,6,0.820698,2,0.817576,1,0.841483,1,0.79167,5,0.819577,2,-1,0.7632,2,0.7812,2,0.808164,2,0.790055,3,0.814744,2,,20.8,21.4
上海市曹杨第二中学附属学校,5,0.765292,3,0.768671,4,0.831238,1,0.695966,6,0.731805,5,0.772357,5,0.759254,7,0.663805,7,2,0.6731,4,0.6196,4,0.75054,4,0.739612,5,0.748291,4,,33.2,33.8
上海市中远实验学校,5,0.750898,4,0.785245,3,0.752273,7,0.715175,4,0.752699,4,0.803491,3,0.718377,8,0.736228,3,0,0.6495,5,0.6709,3,0.791406,3,0.823178,2,0.807479,3,,20.4,21.0
上海市真北中学,5,0.726034,5,0.711571,5,0.783109,5,0.683422,7,0.766482,3,0.786699,4,0.827271,3,0.685476,6,-2,0.7303,3,0.5181,5,0.610321,13,0.541739,18,0.529701,15,,11.2,11.6
上海市梅陇中学,5,0.719306,6,0.710227,6,0.828071,2,0.619621,9,0.721233,7,0.731903,8,0.828885,2,0.602912,10,1,0.557,7,0.5044,6,0.724798,5,0.746408,4,0.722222,5,,62.4,63.4
华东师范大学附属外国语实验学校,5,0.693983,7,0.710029,7,0.787902,4,0.584019,12,0.720737,8,0.766847,6,0.810224,4,0.585141,12,1,0.639,6,0.4867,7,0.634903,10,0.595693,13,0.589316,13,,17.4,17.6
华东师范大学第四附属中学,5,0.683947,8,0.683214,9,0.79528,3,0.573348,13,0.73033,6,0.750087,7,0.85516,1,0.585743,11,-2,0.5326,8,0.4039,8,0.654287,7,0.611421,11,0.646581,9,,25.6,26.0
上海师范大学附属第二实验学校,5,0.654478,9,0.69588,8,0.537646,15,0.729908,3,0.631053,11,0.642888,11,0.522407,15,0.727865,4,2,0.4595,10,0.3489,10,0.660956,6,0.617357,10,0.699573,7,,15.6,15.8
上海市曹杨中学附属学校,5,0.649751,10,0.629583,12,0.67713,10,0.642541,8,0.649256,10,0.639455,12,0.658505,10,0.649808,8,0,0.5166,9,0.353,9,0.535278,16,0.421909,20,0.525,16,,14.0,14.4
上海外国语大学尚阳外国语学校,5,0.645378,11,0.646282,10,0.590256,12,0.699595,5,0.655842,9,0.64993,9,0.617867,12,0.69973,5,-2,0.4214,11,0.2975,11,0.636838,9,0.587924,15,0.632692,11,,17.8,18.0
上海市长征中学,5,0.61414,12,0.633762,11,0.708875,8,0.499784,19,0.630421,12,0.64463,10,0.761958,6,0.484676,19,0,0.3402,13,0.2523,12,0.645239,8,0.5911,14,0.706838,6,,22.0,22.4
同济大学第二附属中学,5,0.548321,13,0.566492,13,0.540661,14,0.53781,17,0.584711,13,0.598231,14,0.613829,13,0.542073,16,0,0.1945,14,0.129,13,0.631138,11,0.702722,6,0.689103,8,,27.4,28.0
上海市普陀区教育学院附属中学,5,0.539711,14,0.548648,14,0.527188,16,0.543296,16,0.523316,15,0.517838,15,0.488794,16,0.563315,15,1,0.3585,12,0.1027,15,0.49284,19,0.461444,19,0.420726,21,,30.6,31.0
上海市万里城实验学校,5,0.526996,15,0.529604,16,0.632657,11,0.418726,22,0.562057,14,0.608137,13,0.634789,11,0.443245,21,-1,0.1599,15,0.1065,14,0.617988,12,0.675991,7,0.645299,10,,19.0,19.4
上海市晋元高级中学附属学校南校,5,0.503182,16,0.490099,19,0.451425,18,0.568021,14,0.493896,16,0.452424,18,0.450985,18,0.578278,14,0,0.0426,19,-0.0918,16,0.484114,20,0.402777,21,0.591453,12,,6.4,7.0
上海理工大学附属普陀实验学校,5,0.494824,17,0.493412,18,0.443546,20,0.547513,15,0.435813,20,0.394333,20,0.380469,22,0.532638,17,3,0.0364,20,-0.1324,17,0.544182,15,0.64278,8,0.546154,14,,4.8,4.8
上海市铜川学校,5,0.482915,18,0.49551,17,0.448954,19,0.504282,18,0.458649,18,0.466661,17,0.419659,19,0.489628,18,0,0.0975,16,-0.1707,18,0.530523,18,0.543181,17,0.50609,17,,11.2,11.4
上海市怒江中学,5,0.465138,19,0.532922,15,0.496862,17,0.36563,25,0.396018,21,0.373217,22,0.454334,17,0.360502,26,2,-0.039,22,-0.3241,20,0.564147,14,0.598843,12,0.496474,19,,4.4,4.4
上海市洛川学校,5,0.462733,20,0.484347,20,0.289044,28,0.614808,10,0.436154,19,0.441658,19,0.239575,28,0.62723,9,-1,-0.0597,23,-0.3985,21,0.534953,17,0.622599,9,0.500427,18,,9.4,9.6
上海市普陀区教育学院附属学校,5,0.442324,21,0.415393,22,0.320743,26,0.590834,11,0.389291,22,0.3408,24,0.246495,27,0.580578,13,1,0.0495,18,-0.4198,22,0.294244,27,0.235408,29,0.227991,31,,5.0,5.0
上海市北海中学,5,0.438188,22,0.438453,21,0.545994,13,0.330118,28,0.480501,17,0.480077,16,0.608773,14,0.352651,27,-5,0.0632,17,-0.2125,19,0.411268,22,0.394493,22,0.403419,23,,15.8,16.2
上海市沙田学校,5,0.390903,23,0.359933,24,0.385111,22,0.427666,21,0.37195,23,0.330726,26,0.372051,23,0.413072,23,0,-0.1991,25,-0.6874,26,0.301334,25,0.24926,27,0.294017,27,,8.6,8.6
上海市文达学校,5,0.362327,24,0.357861,25,0.356413,23,0.372706,24,0.36524,24,0.374898,21,0.358288,24,0.362533,24,0,-0.0388,21,-0.6127,25,0.242129,31,0.21321,32,0.142521,32,,12.4,12.8
上海市曹杨第二中学附属实验中学,4,0.348297,25,0.373157,23,0.220032,30,0.451702,20,0.33725,27,0.341907,23,0.218309,31,0.451533,20,2,-0.1993,26,-0.5015,23,0.449313,21,0.573184,16,0.435043,20,,16.0,16.5
上海市洵阳中学,5,0.336894,26,0.28745,26,0.402185,21,0.321046,29,0.356804,25,0.331267,25,0.386611,21,0.352532,28,-1,-0.1891,24,-0.6031,24,0.290165,28,0.288128,26,0.251496,29,,7.2,7.6
上海市宜川中学附属学校,5,0.312759,27,0.24836,28,0.2919,27,0.398017,23,0.348232,26,0.313765,27,0.314202,26,0.416729,22,-1,-0.449,28,-0.7347,27,0.251579,29,0.238274,28,0.312607,26,,12.0,12.2
上海市子长学校,5,0.30248,28,0.262413,27,0.348199,25,0.296829,31,0.263846,29,0.209863,32,0.318191,25,0.263483,31,1,-0.6861,31,-1.0681,31,0.296958,26,0.292759,25,0.407051,22,,5.6,5.8
上海市新杨中学,5,0.26815,29,0.246402,29,0.240857,29,0.317192,30,0.258445,31,0.243794,30,0.224178,30,0.307362,30,2,-0.3923,27,-0.8002,28,0.245328,30,0.222202,31,0.277778,28,,23.6,24.2
上海市延河中学,5,0.262326,30,0.240288,31,0.189843,32,0.356846,26,0.282854,28,0.248352,29,0.239156,29,0.361055,25,-2,-0.6436,30,-0.9558,30,0.310705,23,0.382847,23,0.327564,25,,12.4,12.6
上海市桃浦中学,5,0.258801,31,0.24183,30,0.202147,31,0.332426,27,0.251096,32,0.233397,31,0.193526,32,0.326365,29,1,-0.8236,32,-1.2911,32,0.304456,24,0.299054,24,0.372115,24,,11.0,11.2
上海市曹杨中学,5,0.238664,32,0.202646,32,0.352555,24,0.160792,32,0.263539,30,0.250388,28,0.401017,20,0.139212,32,-2,-0.4722,29,-0.8508,29,0.218403,32,0.234112,30,0.23547,30,,24.6,25.0
