junior_high_school,years_included,years_list,quota4_avg,quota_all_avg,mean_rank_base4_avg,mean_rank_base4_median,mean_rank_base4_var,mean_rank_all_avg,mean_rank_base4_w_linear,mean_rank_base4_w_exp
上海市民办新黄浦实验学校,3,2024;2025;2026,11.3333,7.0000,4.0000,3.0000,8.6667,9.0000,3.5833,3.1429
上海市江宁学校,5,2022;2023;2024;2025;2026,20.8000,21.4000,6.8000,8.0000,10.9600,6.2000,6.5333,6.6129
上海市晋元高级中学附属学校,5,2022;2023;2024;2025;2026,44.6000,45.4000,7.1000,6.5000,7.5400,6.6000,7.0667,7.8065
上海市中远实验学校,5,2022;2023;2024;2025;2026,20.4000,21.0000,8.1000,4.5000,42.8400,15.0000,8.2333,7.0323
上海市真北中学,5,2022;2023;2024;2025;2026,11.2000,11.6000,9.4000,12.5000,43.7400,8.4000,11.9000,13.0645
上海市曹杨第二中学附属学校,5,2022;2023;2024;2025;2026,33.2000,33.8000,9.5000,9.5000,5.8000,8.8000,10.6333,11.4839
华东师范大学附属外国语实验学校,5,2022;2023;2024;2025;2026,17.4000,17.6000,10.0000,12.0000,28.1000,14.6000,12.3000,14.1613
华东师范大学第四附属中学,5,2022;2023;2024;2025;2026,25.6000,26.0000,10.4000,9.0000,43.9400,10.6000,12.3000,14.3226
上海培佳双语学校,3,2024;2025;2026,22.0000,13.6000,10.8333,8.0000,39.0556,9.5000,9.6250,7.9286
上海市梅陇中学,5,2022;2023;2024;2025;2026,62.4000,63.4000,10.9000,10.0000,7.2400,4.9000,11.2333,10.9677
上海市普陀区梅陇实验中学,2,2025;2026,19.0000,8.0000,11.7500,11.7500,7.5625,5.5000,12.0556,12.6667
上海市长征中学,5,2022;2023;2024;2025;2026,22.0000,22.4000,13.9000,12.0000,40.8400,15.5000,14.3000,16.5161
上海师范大学附属第二实验学校,5,2022;2023;2024;2025;2026,15.6000,15.8000,14.0000,18.0000,39.2000,15.3000,15.1333,16.6129
上海外国语大学尚阳外国语学校,5,2022;2023;2024;2025;2026,17.8000,18.0000,14.2000,19.5000,91.8600,15.2000,16.0000,18.5645
上海市曹杨中学附属学校,5,2022;2023;2024;2025;2026,14.0000,14.4000,14.7000,12.0000,112.5600,13.7000,18.3000,22.7097
上海市万里城实验学校,5,2022;2023;2024;2025;2026,19.0000,19.4000,14.8000,16.5000,58.4600,16.9000,11.7000,9.4677
上海兰田中学,3,2024;2025;2026,24.3333,15.0000,15.0000,10.5000,87.1667,11.8333,15.3333,14.9286
同济大学第二附属中学,5,2022;2023;2024;2025;2026,27.4000,28.0000,15.5000,14.5000,34.0000,15.0000,14.6333,12.6452
上海华东师范大学附属进华中学,3,2024;2025;2026,28.3333,17.6000,16.5000,17.5000,3.1667,8.8333,16.4583,16.5714
上海市甘泉外国语中学,2,2025;2026,4.0000,1.6000,17.5000,17.5000,272.2500,18.0000,15.6667,12.0000
上海市普陀区教育学院附属中学,5,2022;2023;2024;2025;2026,30.6000,31.0000,19.2000,21.0000,52.1600,18.2000,21.2000,22.1613
上海市北海中学,5,2022;2023;2024;2025;2026,15.8000,16.2000,20.4000,19.0000,36.1400,17.5000,22.9000,25.0968
上海市晋元高级中学附属学校南校,5,2022;2023;2024;2025;2026,6.4000,7.0000,20.6000,25.0000,103.0400,19.4000,20.6000,23.0000
上海市铜川学校,5,2022;2023;2024;2025;2026,11.2000,11.4000,20.9000,19.5000,51.4400,22.2000,22.3667,23.7903
上海市洛川学校,5,2022;2023;2024;2025;2026,9.4000,9.6000,21.6000,19.0000,70.6400,21.5000,21.6667,19.8387
上海市武宁中学,1,2022,4.0000,0.8000,23.0000,23.0000,,26.0000,23.0000,23.0000
上海理工大学附属普陀实验学校,5,2022;2023;2024;2025;2026,4.8000,4.8000,23.0000,26.0000,121.6000,26.2000,21.5333,17.5806
上海市怒江中学,5,2022;2023;2024;2025;2026,4.4000,4.4000,24.3000,24.5000,49.3600,25.9000,25.1667,25.5000
上海市文达学校,5,2022;2023;2024;2025;2026,12.4000,12.8000,24.8000,33.0000,146.9600,24.4000,29.8000,31.8387
上海市曹杨第二中学附属实验中学,4,2023;2024;2025;2026,16.0000,13.2000,25.3750,29.5000,74.9219,26.0000,23.3214,19.8000
上海市宜川中学附属学校,5,2022;2023;2024;2025;2026,12.0000,12.2000,25.6000,27.0000,45.4400,25.8000,24.8667,25.3871
上海市沙田学校,5,2022;2023;2024;2025;2026,8.6000,8.6000,25.8000,24.0000,93.3600,27.2000,28.0000,29.8065
上海市洵阳中学,5,2022;2023;2024;2025;2026,7.2000,7.6000,25.8000,28.0000,39.7600,23.6000,26.5333,26.7097
上海市普陀区教育学院附属学校,5,2022;2023;2024;2025;2026,5.0000,5.0000,25.9000,28.0000,115.4400,26.9000,30.6667,33.1613
上海市延河中学,5,2022;2023;2024;2025;2026,12.4000,12.6000,28.5000,27.0000,32.2000,28.1000,28.1333,27.4194
上海市新杨中学,5,2022;2023;2024;2025;2026,23.6000,24.2000,28.6000,27.0000,13.8400,27.2000,29.2667,30.8387
上海市曹杨中学,5,2022;2023;2024;2025;2026,24.6000,25.0000,28.6000,29.0000,13.4400,27.6000,30.2000,31.0323
上海市桃浦中学,5,2022;2023;2024;2025;2026,11.0000,11.2000,28.6000,33.0000,121.8400,29.8000,27.5333,28.7742
上海市子长学校,5,2022;2023;2024;2025;2026,5.6000,5.8000,29.9000,32.0000,44.0400,29.7000,31.3000,32.5161
上海市兴陇中学,1,2022,18.0000,3.8000,31.0000,31.0000,,22.0000,31.0000,31.0000
上海安生学校,3,2024;2025;2026,4.3333,2.6000,33.3333,35.0000,38.8889,34.0000,34.5833,36.4286
上海市光新学校,3,2022;2023;2024,4.0000,2.4000,33.6667,32.0000,14.8889,34.3333,34.8333,35.4286
上海音乐学院附属安师实验中学,3,2024;2025;2026,4.0000,2.6000,39.3333,41.0000,5.5556,39.0000,39.7500,40.2857
上海市金鼎学校,3,2024;2025;2026,4.0000,3.2000,39.6667,40.0000,0.2222,40.0000,39.5833,39.4286
上海市晋元高级中学附属学校西校,0,,48.0000,9.8000,,,,,,
