junior_high_school,row_type,n_years,trend_class,sen,sen_recent3,rel_first,rel_last,delta_rel,mk_S,mk_z,mk_p,mk_p_bonferroni,sig_uncorrected,sig_bonferroni
上海市晋元高级中学附属学校,ranked,5,基本持平,-0.0628,-0.4807,4.253,4.002,-0.251,-2,-0.2449,0.8065,1.0000,否,否
上海市江宁学校,ranked,5,基本持平,-0.4058,-0.4540,3.881,2.258,-1.623,-2,-0.2449,0.8065,1.0000,否,否
上海市中远实验学校,ranked,5,基本持平,-0.1518,0.4854,6.819,6.212,-0.607,-2,-0.2449,0.8065,1.0000,否,否
上海市曹杨第二中学附属学校,ranked,5,基本持平,-0.9960,-0.3406,6.483,2.499,-3.984,-8,-1.7146,0.0864,1.0000,否,否
上海市真北中学,ranked,5,明显下降,-2.6382,-0.5874,10.160,-0.392,-10.553,-8,-1.7146,0.0864,1.0000,否,否
上海市梅陇中学,ranked,5,基本持平,0.1804,0.9617,3.151,3.872,0.721,2,0.2449,0.8065,1.0000,否,否
华东师范大学附属外国语实验学校,ranked,5,明显下降,-2.1276,-1.0373,9.482,0.972,-8.510,-8,-1.7146,0.0864,1.0000,否,否
上海师范大学附属第二实验学校,ranked,5,明显下降,-1.0900,-2.7128,4.805,0.445,-4.360,-4,-0.7348,0.4624,1.0000,否,否
华东师范大学第四附属中学,ranked,5,明显下降,-1.0599,-0.4593,4.154,-0.086,-4.240,-4,-0.7348,0.4624,1.0000,否,否
上海外国语大学尚阳外国语学校,ranked,5,明显上升,2.1975,-2.4651,-7.859,0.931,8.790,0,0.0000,1.0000,1.0000,否,否
上海市长征中学,ranked,5,基本持平,0.9715,-2.0754,-4.454,-0.569,3.886,4,0.7348,0.4624,1.0000,否,否
上海市曹杨中学附属学校,ranked,5,明显下降,-1.2397,-7.1623,2.216,-2.742,-4.959,-4,-0.7348,0.4624,1.0000,否,否
同济大学第二附属中学,ranked,5,明显上升,1.3378,0.8288,-0.711,4.640,5.351,6,1.2247,0.2207,1.0000,否,否
上海市普陀区教育学院附属中学,ranked,5,基本持平,-0.3411,0.0321,1.289,-0.076,-1.364,-4,-0.7348,0.4624,1.0000,否,否
上海市怒江中学,ranked,5,明显上升,1.6834,7.0126,-5.476,1.258,6.734,0,0.0000,1.0000,1.0000,否,否
上海市万里城实验学校,ranked,5,明显上升,3.0168,1.6155,-9.476,2.591,12.067,6,1.2247,0.2207,1.0000,否,否
上海市铜川学校,ranked,5,明显上升,1.9862,4.2809,-7.869,0.076,7.945,2,0.2449,0.8065,1.0000,否,否
上海理工大学附属普陀实验学校,ranked,5,明显上升,2.7668,3.8168,-2.726,8.341,11.067,2,0.2449,0.8065,1.0000,否,否
上海市晋元高级中学附属学校南校,ranked,5,基本持平,0.1973,-7.8429,-6.476,-5.687,0.789,2,0.2449,0.8065,1.0000,否,否
上海市洛川学校,ranked,5,基本持平,0.7824,11.7543,0.711,3.841,3.130,4,0.7348,0.4624,1.0000,否,否
上海市北海中学,ranked,5,基本持平,-0.6861,-0.0085,0.810,-1.935,-2.744,-2,-0.2449,0.8065,1.0000,否,否
上海市普陀区教育学院附属学校,ranked,5,明显下降,-3.3270,-1.5457,8.149,-5.159,-13.308,-10,-2.2045,0.0275,0.3848,是,否
上海市沙田学校,ranked,5,明显下降,-3.4009,-2.7909,1.711,-11.892,-13.604,-6,-1.2247,0.2207,1.0000,否,否
上海市文达学校,ranked,5,明显下降,-3.0710,3.7037,8.149,-4.135,-12.284,-4,-0.7348,0.4624,1.0000,否,否
上海市曹杨第二中学附属实验中学,ranked,5,明显上升,4.0084,7.2220,-10.976,5.058,16.034,8,1.7146,0.0864,1.0000,否,否
上海市洵阳中学,ranked,5,明显上升,2.1656,3.6710,-10.905,-2.242,8.662,2,0.2449,0.8065,1.0000,否,否
上海市子长学校,ranked,5,明显上升,2.6626,-3.0166,-12.726,-2.076,10.650,4,0.7348,0.4624,1.0000,否,否
上海市宜川中学附属学校,ranked,5,明显上升,1.2156,-2.1685,-9.059,-4.197,4.862,2,0.2449,0.8065,1.0000,否,否
上海市新杨中学,ranked,5,基本持平,0.5651,-2.2189,-9.294,-7.034,2.260,6,1.2247,0.2207,1.0000,否,否
上海市桃浦中学,ranked,5,明显上升,2.5610,-0.3533,-20.668,-10.424,10.244,6,1.2247,0.2207,1.0000,否,否
上海市延河中学,ranked,5,明显上升,6.2303,2.1877,-23.914,1.008,24.921,8,1.7146,0.0864,1.0000,否,否
上海市曹杨中学,ranked,5,明显上升,1.8462,2.1908,-10.012,-2.627,7.385,10,2.2045,0.0275,0.3848,是,否
