junior_high_school,n_years,rel_first,rel_last,delta_rel,sen,spearman,sen_recent3,convergence_pred,residual,residual_z,beyond_convergence
上海市晋元高级中学附属学校,5,4.253,4.002,-0.251,-0.2718,-0.3,-0.4807,-3.917,3.665,0.84,0
上海市江宁学校,5,3.881,2.258,-1.623,-0.3818,-0.3,-0.454,-3.587,1.963,0.45,0
上海市中远实验学校,5,6.819,6.212,-0.607,-0.1429,-0.3,0.4854,-6.193,5.585,1.279,1
上海市曹杨第二中学附属学校,5,6.483,2.5,-3.984,-0.9526,-0.9,-0.3406,-5.895,1.911,0.438,0
上海市真北中学,5,10.16,-0.392,-10.553,-2.6747,-0.9,-0.5873,-9.156,-1.397,-0.32,0
上海市梅陇中学,5,3.151,3.872,0.721,0.1499,0.2,0.9617,-2.939,3.661,0.838,0
华东师范大学附属外国语实验学校,5,9.482,0.972,-8.51,-3.0743,-0.9,-1.0373,-8.554,0.044,0.01,0
上海师范大学附属第二实验学校,5,4.805,0.445,-4.36,-0.9942,-0.5,-2.7128,-4.406,0.046,0.011,0
华东师范大学第四附属中学,5,4.154,-0.086,-4.24,-0.7596,-0.4,-0.4592,-3.828,-0.411,-0.094,0
上海外国语大学尚阳外国语学校,5,-7.858,0.931,8.79,-0.527,0.1,-2.4651,6.825,1.965,0.45,0
上海市长征中学,5,-4.454,-0.569,3.886,2.1662,0.4,-2.0754,3.806,0.08,0.018,0
上海市曹杨中学附属学校,5,2.216,-2.742,-4.959,-1.2812,-0.6,-7.1623,-2.11,-2.848,-0.652,0
同济大学第二附属中学,5,-0.711,4.64,5.351,1.5923,0.8,0.8288,0.486,4.865,1.114,1
上海市普陀区教育学院附属中学,5,1.289,-0.076,-1.364,-0.9047,-0.6,0.0321,-1.288,-0.077,-0.018,0
上海市怒江中学,5,-5.476,1.258,6.734,0.796,0.1,7.0127,4.712,2.022,0.463,0
上海市万里城实验学校,5,-9.476,2.591,12.067,2.4719,0.8,1.6154,8.259,3.808,0.872,0
上海市铜川学校,5,-7.869,0.076,7.945,1.5383,0.3,4.2808,6.834,1.111,0.254,0
上海理工大学附属普陀实验学校,5,-2.726,8.341,11.067,2.2417,0.3,3.8168,2.273,8.794,2.014,1
上海市晋元高级中学附属学校南校,5,-6.476,-5.687,0.789,0.8081,0.3,-7.8429,5.599,-4.81,-1.102,1
上海市洛川学校,5,0.711,3.841,3.13,1.0448,0.6,11.7543,-0.776,3.905,0.895,0
上海市北海中学,5,0.81,-1.935,-2.744,-0.207,-0.3,-0.0085,-0.863,-1.882,-0.431,0
上海市普陀区教育学院附属学校,5,8.149,-5.159,-13.308,-2.2673,-1.0,-1.5457,-7.372,-5.936,-1.36,1
上海市沙田学校,5,1.711,-11.892,-13.604,-2.5041,-0.7,-2.7909,-1.662,-11.941,-2.735,1
上海市文达学校,5,8.149,-4.135,-12.284,-2.6127,-0.6,3.7037,-7.372,-4.912,-1.125,1
上海市曹杨第二中学附属实验中学,5,-10.976,5.058,16.034,3.9495,0.9,7.222,9.59,6.444,1.476,1
上海市洵阳中学,5,-10.905,-2.242,8.662,1.4128,0.3,3.671,9.526,-0.864,-0.198,0
上海市子长学校,5,-12.726,-2.076,10.65,3.2023,0.6,-3.0165,11.142,-0.491,-0.113,0
上海市宜川中学附属学校,5,-9.059,-4.197,4.862,1.543,0.5,-2.1685,7.89,-3.027,-0.693,0
上海市新杨中学,5,-9.294,-7.034,2.26,1.5633,0.7,-2.2189,8.098,-5.838,-1.337,1
上海市桃浦中学,5,-20.668,-10.424,10.244,4.5949,0.7,-0.3533,18.185,-7.941,-1.819,1
上海市延河中学,5,-23.914,1.008,24.921,4.6474,0.9,2.1877,21.064,3.858,0.884,0
上海市曹杨中学,5,-10.012,-2.627,7.385,1.9029,1.0,2.1908,8.734,-1.35,-0.309,0
