junior_high_school,n_years,P_eq,P_lin,P_exp,P_recent3,rank_eq,rank_lin,rank_exp,rank_recent3,shift_lin,shift_exp,shift_recent3
上海市位育初级中学,5,0.905167,0.900333,0.883226,0.909722,1,1,2,1,0,1,0
上海师范大学第三附属实验学校,5,0.8565,0.873,0.894194,0.854167,2,2,1,2,0,-1,0
上海市园南中学,5,0.8125,0.791667,0.790323,0.770833,3,3,3,4,0,0,1
上海市南洋模范初级中学,5,0.726667,0.739444,0.732796,0.791667,4,4,5,3,0,1,-1
上海市中国中学,5,0.702667,0.703667,0.696667,0.708333,5,5,6,6,0,1,1
上海市梅园中学,5,0.688167,0.616889,0.524301,0.645833,6,9,13,8,3,7,2
上海市紫阳中学,5,0.685333,0.606222,0.537957,0.569444,7,10,12,10,3,5,3
上海市徐汇区教育学院附属实验中学,5,0.6845,0.679556,0.58957,0.729167,8,7,11,5,-1,3,-3
上海市田林第三中学,5,0.654333,0.695889,0.74129,0.708333,9,6,4,7,-3,-5,-2
上海市第二初级中学,5,0.646167,0.591778,0.621022,0.486111,10,11,9,14,1,-1,4
上海市徐汇中学,5,0.622167,0.6185,0.677634,0.576389,11,8,7,9,-3,-4,-2
上海市康健外国语实验中学,5,0.5665,0.570778,0.601452,0.5,12,12,10,13,0,-2,1
上海市第五十四中学,5,0.52,0.556667,0.648387,0.555556,13,13,8,11,0,-5,-2
上海市位育实验学校,5,0.4405,0.456556,0.507204,0.451389,14,14,14,15,0,0,1
上海市徐汇区教育学院附属实验中学南部分校,5,0.432833,0.409556,0.409194,0.402778,15,16,16,17,1,1,2
上海市田林中学,5,0.422333,0.407444,0.35172,0.388889,16,17,19,18,1,3,2
华东理工大学附属中学,5,0.397667,0.443667,0.447204,0.527778,17,15,15,12,-2,-2,-5
徐汇南校,4,0.364583,0.360119,0.322222,0.430556,18,19,20,16,1,2,-2
上海市南洋初级中学,5,0.352167,0.335444,0.276559,0.340278,19,20,21,20,1,2,1
上海市第四中学,5,0.350833,0.362778,0.37043,0.354167,20,18,18,19,-2,-2,-1
上海市田林第二中学,5,0.2785,0.327556,0.382957,0.305556,21,21,17,21,0,-4,0
上海市汾阳中学,5,0.217167,0.169611,0.127097,0.201389,22,22,22,22,0,0,0
上海市零陵中学,5,0.131667,0.110556,0.113978,0.069444,23,23,23,23,0,0,0
上海市龙苑中学,5,0.024667,0.024889,0.022796,0.027778,24,24,24,24,0,0,0
