junior_high_school,junior_high_school_code,years_covered,n_years,ranked,P,Z,ZR,rank_P,rank_Z,rank_ZR,old_mean_rank_base4_avg,rank_old,shift
上海市位育初级中学,041302,2022;2023;2024;2025;2026,5,1,0.9052,0.9432,1.0031,1.0000,1.0000,2.0000,3.6000,1.0000,0.0000
上海师范大学第三附属实验学校,045444,2022;2023;2024;2025;2026,5,1,0.8565,0.9223,1.0556,2.0000,2.0000,1.0000,4.4000,3.0000,1.0000
上海市园南中学,041329,2022;2023;2024;2025;2026,5,1,0.8125,0.7554,0.6462,3.0000,3.0000,3.0000,4.2000,2.0000,-1.0000
上海市南洋模范初级中学,041306,2022;2023;2024;2025;2026,5,1,0.7267,0.5909,0.3854,4.0000,5.0000,8.0000,6.1000,4.0000,0.0000
上海市中国中学,044103,2022;2023;2024;2025;2026,5,1,0.7027,0.6053,0.5049,5.0000,4.0000,5.0000,8.7000,5.5000,0.5000
上海市梅园中学,041334,2022;2023;2024;2025;2026,5,1,0.6882,0.5571,0.3441,6.0000,6.0000,9.0000,8.7000,5.5000,-0.5000
上海市紫阳中学,041336,2022;2023;2024;2025;2026,5,1,0.6853,0.4711,0.4621,7.0000,8.0000,6.0000,8.8000,7.5000,0.5000
上海市徐汇区教育学院附属实验中学,041327,2022;2023;2024;2025;2026,5,1,0.6845,0.4683,0.4569,8.0000,9.0000,7.0000,10.0000,10.0000,2.0000
上海市田林第三中学,041320,2022;2023;2024;2025;2026,5,1,0.6543,0.5293,0.5417,9.0000,7.0000,4.0000,8.8000,7.5000,-1.5000
上海市第二初级中学,041305,2022;2023;2024;2025;2026,5,1,0.6462,0.3711,0.2516,10.0000,11.0000,11.0000,9.4000,9.0000,-1.0000
上海市徐汇中学,044109,2022;2023;2024;2025;2026,5,1,0.6222,0.4523,0.2822,11.0000,10.0000,10.0000,11.0000,11.0000,0.0000
上海市康健外国语实验中学,041347,2022;2023;2024;2025;2026,5,1,0.5665,0.3643,0.2402,12.0000,12.0000,12.0000,12.0000,12.0000,0.0000
上海市第五十四中学,044107,2022;2023;2024;2025;2026,5,1,0.5200,0.1802,0.0860,13.0000,14.0000,13.0000,12.4000,13.0000,0.0000
上海市位育实验学校,045304,2022;2023;2024;2025;2026,5,1,0.4405,0.2263,-0.1030,14.0000,13.0000,14.0000,14.2000,14.0000,0.0000
上海市徐汇区教育学院附属实验中学南部分校,041328,2022;2023;2024;2025;2026,5,1,0.4328,-0.0102,-0.2563,15.0000,16.0000,16.0000,15.4000,17.0000,2.0000
上海市田林中学,041318,2022;2023;2024;2025;2026,5,1,0.4223,-0.0352,-0.3819,16.0000,17.0000,18.0000,14.6000,15.0000,-1.0000
华东理工大学附属中学,044133,2022;2023;2024;2025;2026,5,1,0.3977,-0.0569,-0.3234,17.0000,18.0000,17.0000,15.2000,16.0000,-1.0000
徐汇南校,044110,2023;2024;2025;2026,4,1,0.3646,0.0560,-0.2531,18.0000,15.0000,15.0000,16.7500,20.0000,2.0000
上海市南洋初级中学,041316,2022;2023;2024;2025;2026,5,1,0.3522,-0.2016,-0.5685,19.0000,20.0000,20.0000,15.8000,18.0000,-1.0000
上海市第四中学,044111,2022;2023;2024;2025;2026,5,1,0.3508,-0.1004,-0.5473,20.0000,19.0000,19.0000,15.9000,19.0000,-1.0000
上海市田林第二中学,041319,2022;2023;2024;2025;2026,5,1,0.2785,-0.4404,-0.6845,21.0000,21.0000,21.0000,19.8000,22.0000,1.0000
上海市汾阳中学,041331,2022;2023;2024;2025;2026,5,1,0.2172,-0.9672,-1.7502,22.0000,22.0000,23.0000,19.2000,21.0000,-1.0000
上海市零陵中学,044114,2022;2023;2024;2025;2026,5,1,0.1317,-1.0380,-1.5513,23.0000,23.0000,22.0000,21.4000,23.0000,0.0000
上海市龙苑中学,041326,2022;2023;2024;2025;2026,5,1,0.0247,-2.8688,-4.7115,24.0000,24.0000,24.0000,24.8000,24.0000,0.0000
上海市宛平中学,041313,2022,1,0,0.1600,-1.0426,-1.0567,,,,22.0000,,
上海师大附中附属龙华中学,044125,2022;2023;2024,3,0,0.1094,-1.0182,-1.6491,,,,22.6670,,
上海市徐汇位育体校,045146,2022,1,0,0.0000,-2.8634,-2.4957,,,,26.0000,,
上海市徐汇区上汇实验学校,045306,2025;2026,2,0,0.2292,-0.9284,-1.1684,,,,23.0000,,
