junior_high_school,junior_high_school_code,n_years,mean_rank_base4_avg,Z,ZR,P,rank_b4,rank_Z,rank_ZR,rank_P,shift_Z,shift_ZR,shift_P
上海市位育初级中学,041302,5,3.6000,0.8729,1.0090,0.8927,1.0000,2.0000,2.0000,1.0000,-1.0000,-1.0000,0.0000
上海市园南中学,041329,5,4.2000,0.8331,0.8624,0.8667,2.0000,3.0000,3.0000,2.0000,-1.0000,-1.0000,0.0000
上海师范大学第三附属实验学校,045444,5,4.4000,0.9344,1.2333,0.8607,3.0000,1.0000,1.0000,3.0000,2.0000,2.0000,0.0000
上海市南洋模范初级中学,041306,5,6.1000,0.7323,0.6413,0.7892,4.0000,4.0000,4.0000,4.0000,0.0000,0.0000,0.0000
上海市梅园中学,041334,5,8.7000,0.4628,0.1148,0.6798,5.5000,7.0000,12.0000,6.0000,-1.5000,-6.5000,-0.5000
上海市中国中学,044103,5,8.7000,0.5453,0.4087,0.6818,5.5000,5.0000,8.0000,5.0000,0.5000,-2.5000,0.5000
上海市田林第三中学,041320,5,8.8000,0.5275,0.6387,0.6793,7.5000,6.0000,5.0000,7.0000,1.5000,2.5000,0.5000
上海市紫阳中学,041336,5,8.8000,0.3236,0.4422,0.6770,7.5000,11.0000,6.0000,8.0000,-3.5000,1.5000,-0.5000
上海市第二初级中学,041305,5,9.4000,0.4052,0.2804,0.6503,9.0000,8.0000,9.0000,9.0000,1.0000,0.0000,0.0000
上海市徐汇区教育学院附属实验中学,041327,5,10.0000,0.3875,0.4095,0.6303,10.0000,10.0000,7.0000,10.0000,0.0000,3.0000,0.0000
上海市徐汇中学,044109,5,11.0000,0.3964,0.1844,0.5847,11.0000,9.0000,11.0000,11.0000,2.0000,0.0000,0.0000
上海市康健外国语实验中学,041347,5,12.0000,0.2995,0.0932,0.5457,12.0000,12.0000,13.0000,12.0000,0.0000,-1.0000,0.0000
上海市第五十四中学,044107,5,12.4000,0.1537,0.2081,0.5283,13.0000,14.0000,10.0000,13.0000,-1.0000,3.0000,0.0000
上海市位育实验学校,045304,5,14.2000,0.2375,-0.1755,0.4530,14.0000,13.0000,14.0000,14.0000,1.0000,0.0000,0.0000
上海市田林中学,041318,5,14.6000,0.0957,-0.2115,0.4390,15.0000,15.0000,15.0000,15.0000,0.0000,0.0000,0.0000
华东理工大学附属中学,044133,5,15.2000,-0.0240,-0.2285,0.4143,16.0000,17.0000,16.0000,16.0000,-1.0000,0.0000,0.0000
上海市徐汇区教育学院附属实验中学南部分校,041328,5,15.4000,-0.1419,-0.3358,0.4037,17.0000,19.0000,18.0000,17.0000,-2.0000,-1.0000,0.0000
上海市南洋初级中学,041316,5,15.8000,-0.0715,-0.3619,0.3897,18.0000,18.0000,19.0000,18.0000,0.0000,-1.0000,0.0000
上海市第四中学,044111,5,15.9000,0.0538,-0.3196,0.3842,19.0000,16.0000,17.0000,19.0000,3.0000,2.0000,0.0000
上海市汾阳中学,041331,5,19.2000,-0.6292,-1.4985,0.2463,20.0000,20.0000,21.0000,20.0000,0.0000,-1.0000,0.0000
上海市田林第二中学,041319,5,19.8000,-0.6348,-0.9977,0.2243,21.0000,21.0000,20.0000,21.0000,0.0000,1.0000,0.0000
上海市零陵中学,044114,5,21.4000,-0.9298,-1.6477,0.1567,22.0000,22.0000,22.0000,22.0000,0.0000,0.0000,0.0000
上海市龙苑中学,041326,5,24.8000,-3.0466,-6.0068,0.0163,23.0000,23.0000,23.0000,23.0000,0.0000,0.0000,0.0000
