junior_high_school,junior_high_school_code,ownership,ownership_source,row_type,exit_reason,junior_high_school_former_names,years_included,years_list,quota_二中_2022,quota_二中梅陇_2022,quota_南模_2022,quota_位育_2022,quota_复附徐汇_2022,quota_南洋_2022,quota_委属042032_2022,quota_委属102056_2022,quota_委属102057_2022,quota_委属152003_2022,quota_委属152006_2022,score_二中_2022,score_二中梅陇_2022,score_南模_2022,score_位育_2022,score_复附徐汇_2022,score_南洋_2022,score_委属042032_2022,score_委属102056_2022,score_委属102057_2022,score_委属152003_2022,score_委属152006_2022,quota_二中_2023,quota_二中梅陇_2023,quota_南模_2023,quota_位育_2023,quota_复附徐汇_2023,quota_南洋_2023,quota_委属042032_2023,quota_委属102056_2023,quota_委属102057_2023,quota_委属152003_2023,quota_委属152006_2023,score_二中_2023,score_二中梅陇_2023,score_南模_2023,score_位育_2023,score_复附徐汇_2023,score_南洋_2023,score_委属042032_2023,score_委属102056_2023,score_委属102057_2023,score_委属152003_2023,score_委属152006_2023,quota_二中_2024,quota_二中梅陇_2024,quota_南模_2024,quota_位育_2024,quota_复附徐汇_2024,quota_南洋_2024,quota_委属042032_2024,quota_委属102056_2024,quota_委属102057_2024,quota_委属152003_2024,quota_委属152006_2024,score_二中_2024,score_二中梅陇_2024,score_南模_2024,score_位育_2024,score_复附徐汇_2024,score_南洋_2024,score_委属042032_2024,score_委属102056_2024,score_委属102057_2024,score_委属152003_2024,score_委属152006_2024,quota_二中_2025,quota_二中梅陇_2025,quota_南模_2025,quota_位育_2025,quota_复附徐汇_2025,quota_南洋_2025,quota_委属042032_2025,quota_委属102056_2025,quota_委属102057_2025,quota_委属152003_2025,quota_委属152006_2025,score_二中_2025,score_二中梅陇_2025,score_南模_2025,score_位育_2025,score_复附徐汇_2025,score_南洋_2025,score_委属042032_2025,score_委属102056_2025,score_委属102057_2025,score_委属152003_2025,score_委属152006_2025,quota_二中_2026,quota_二中梅陇_2026,quota_南模_2026,quota_位育_2026,quota_复附徐汇_2026,quota_南洋_2026,quota_委属042032_2026,quota_委属102056_2026,quota_委属102057_2026,quota_委属152003_2026,quota_委属152006_2026,score_二中_2026,score_二中梅陇_2026,score_南模_2026,score_位育_2026,score_复附徐汇_2026,score_南洋_2026,score_委属042032_2026,score_委属102056_2026,score_委属102057_2026,score_委属152003_2026,score_委属152006_2026,quota6_2022,base_n_2022,valid_pairs_2022,mean_score_base_2022,mean_score_base_eq_2022,mean_score_qu4_2022,rank_base_2022,P_base_2022,Z_base_2022,ZR_base_2022,rel_2022,quota6_2023,base_n_2023,valid_pairs_2023,mean_score_base_2023,mean_score_base_eq_2023,mean_score_qu4_2023,rank_base_2023,P_base_2023,Z_base_2023,ZR_base_2023,rel_2023,quota6_2024,base_n_2024,valid_pairs_2024,mean_score_base_2024,mean_score_base_eq_2024,mean_score_qu4_2024,rank_base_2024,P_base_2024,Z_base_2024,ZR_base_2024,rel_2024,quota6_2025,base_n_2025,valid_pairs_2025,mean_score_base_2025,mean_score_base_eq_2025,mean_score_qu4_2025,rank_base_2025,P_base_2025,Z_base_2025,ZR_base_2025,rel_2025,quota6_2026,base_n_2026,valid_pairs_2026,mean_score_base_2026,mean_score_base_eq_2026,mean_score_qu4_2026,rank_base_2026,P_base_2026,Z_base_2026,ZR_base_2026,rel_2026,rel_avg,rel_pool_n,mean_rank_base_avg,P_wq,rank_P_wq,P_eq,rank_P_eq,Z_wq,rank_Z_wq,ZR_wq,rank_ZR_wq,P_lin,rank_P_lin,P_exp,rank_P_exp,P_recent3,rank_P_recent3,P_recent2,rank_P_recent2,rank_2026,rank_chg_5y,rank_chg_1y
上海市位育初级中学,041302,公办,roster,ranked,,,5,2022;2023;2024;2025;2026,10,0,12,14,0,11,0,0,0,0,1,729.500,,743.500,743.500,,731.500,,,,,713.500,9,0,12,14,2,10,2,0,0,0,0,733.500,,743.000,736.500,746.500,721.500,750.000,,,,,8,0,9,9,3,7,0,0,0,0,1,727.000,,748.000,742.000,759.000,721.500,,,,,734.000,8,0,10,9,3,8,0,0,0,0,0,726.500,,745.000,739.500,755.000,712.000,,,,,,5,2,10,10,4,8,2,0,0,0,0,738.500,737.000,753.500,746.000,761.000,727.500,765.000,,,,,47,4,4,737.713,737.000,737.713,3.00,0.909091,0.989397,0.620163,8.9628,47,5,5,734.819,736.200,734.300,4.00,0.869565,1.043806,1.646614,8.5433,36,5,5,737.597,739.500,735.652,2.00,0.956522,0.890447,1.388958,7.0139,38,5,5,733.645,735.600,731.814,4.00,0.875000,0.998923,0.548436,3.5406,39,6,6,744.244,743.917,742.652,4.00,0.875000,0.705422,0.892947,4.3864,6.4894,25,3.4000,0.897036,1,0.884140,1,0.925599,3,1.019423,2,0.956522,2,0.956522,2,0.956522,2,0.958333,2,4.00,1.00,0.00
上海师范大学第三附属实验学校,045444,公办,roster,ranked,,,5,2022;2023;2024;2025;2026,6,0,7,8,0,7,2,0,0,0,0,727.500,,732.500,747.000,,733.500,700.500,,,,,4,0,6,7,1,5,0,1,0,0,1,725.000,,744.000,741.000,751.000,723.000,,753.500,,,730.000,4,0,5,4,3,3,1,0,0,0,0,728.000,,745.000,738.500,747.500,724.500,749.000,,,,,3,0,4,5,3,4,0,0,0,0,0,725.500,,740.500,734.000,750.000,719.000,757.500,,,,,3,1,4,5,2,5,0,0,0,0,1,736.500,743.500,757.500,753.500,762.000,739.000,,,,766.000,,28,4,4,735.821,735.125,735.821,7.00,0.727273,0.824074,0.489295,7.0714,23,5,5,735.522,736.800,734.818,2.00,0.956522,1.117240,1.782029,9.2459,19,5,5,737.211,736.700,735.281,3.00,0.913043,0.853358,1.312381,6.6272,19,5,5,733.395,733.800,730.281,5.00,0.833333,0.947315,0.509711,3.2906,20,6,6,748.475,748.667,747.176,1.00,1.000000,1.342666,1.754333,8.6179,6.9706,25,3.6000,0.886034,2,0.847777,2,1.016930,1,1.169550,1,1.000000,1,1.000000,1,1.000000,1,1.000000,1,1.00,-6.00,-4.00
上海市园南中学,041329,公办,roster,ranked,,,5,2022;2023;2024;2025;2026,9,0,11,12,0,10,1,0,0,0,0,724.000,,748.500,751.500,,734.000,757.000,,,,,8,0,10,9,1,7,2,0,0,0,0,731.000,,746.500,742.000,718.500,721.000,749.500,,,,,5,0,7,7,2,6,2,0,0,0,0,731.500,,745.000,738.000,745.000,707.500,756.000,,,,,7,0,9,9,4,7,0,0,0,0,0,719.500,,746.500,739.000,756.000,717.000,758.500,,,,726.500,4,1,7,8,4,7,1,1,0,0,0,735.000,743.500,756.000,744.000,760.000,728.000,767.000,766.000,,,,42,4,4,740.655,739.500,740.655,1.00,1.000000,1.246560,0.823729,11.9048,35,5,5,735.900,731.800,736.412,1.00,1.000000,1.156775,1.854934,9.6241,27,5,5,732.352,733.400,731.340,10.00,0.608696,0.387343,0.350219,1.7685,36,5,5,734.694,735.600,732.031,2.00,0.958333,1.215616,0.711036,4.5903,31,6,6,743.984,744.417,741.538,7.00,0.750000,0.666309,0.840076,4.1267,6.4029,25,4.2000,0.863406,3,0.819565,3,0.934521,2,0.915999,3,0.913043,3,0.913043,3,0.869565,4,0.916667,3,7.00,6.00,5.00
上海市南洋模范初级中学,041306,公办,roster,ranked,,,5,2022;2023;2024;2025;2026,9,0,10,12,0,10,2,0,0,0,0,737.500,,744.500,728.000,,734.000,698.000,,,,,8,0,11,11,1,10,1,0,1,0,0,729.500,,740.000,733.500,704.500,717.000,742.500,,700.500,,,8,0,11,9,3,8,0,1,0,0,0,726.000,,743.000,733.500,753.500,719.500,,759.500,,,,10,0,10,10,3,9,0,0,0,0,0,728.500,,748.500,739.000,753.000,712.500,,,,,736.000,5,2,11,11,3,9,2,1,0,0,0,735.500,743.000,755.000,744.500,756.500,724.500,765.500,765.500,,,,41,4,4,735.573,736.000,735.573,8.00,0.681818,0.802374,0.472117,6.8232,41,5,5,729.732,724.900,730.362,6.00,0.782609,0.512072,0.666072,3.4558,39,5,5,733.308,735.100,731.625,7.00,0.739130,0.479022,0.539504,2.7244,42,5,5,734.083,736.300,732.628,3.00,0.916667,1.089463,0.616374,3.9792,41,6,6,742.634,743.167,741.458,8.00,0.708333,0.463042,0.565313,2.7770,3.9519,25,6.4000,0.765711,4,0.722661,4,0.669194,4,0.571876,4,0.869565,4,0.826087,5,0.913043,3,0.875000,4,8.00,0.00,5.00
上海市梅园中学,041334,公办,roster,ranked,,,5,2022;2023;2024;2025;2026,3,0,3,4,0,4,0,0,0,0,0,737.000,,744.500,741.000,,729.000,,,,,,3,0,3,4,1,4,0,0,0,0,0,723.500,,732.500,729.000,744.000,718.500,,,,,,2,0,4,3,1,2,0,0,0,1,0,726.500,,739.000,732.000,753.500,730.000,,,,761.000,,2,0,2,3,2,2,0,0,0,0,0,725.000,,738.500,733.000,750.500,727.500,,,,,,1,1,5,3,1,3,0,0,0,0,0,725.000,737.500,739.500,742.500,765.000,723.500,,,,,,14,4,4,737.464,737.875,737.464,4.00,0.863636,0.967678,0.602970,8.7143,15,5,5,726.800,729.500,725.571,11.00,0.565217,0.205653,0.101021,0.5241,12,5,5,734.875,736.200,733.182,5.00,0.826087,0.629348,0.849877,4.2917,11,5,5,734.727,734.900,731.222,1.00,1.000000,1.222393,0.716121,4.6231,14,6,6,737.357,738.833,735.042,19.00,0.250000,-0.331667,-0.508924,-2.5000,3.1306,25,8.0000,0.700988,5,0.689246,6,0.538681,6,0.352213,9,0.695652,8,0.565217,11,0.739130,7,0.729167,7,19.00,15.00,18.00
上海市田林第三中学,041320,公办,roster,ranked,,,5,2022;2023;2024;2025;2026,7,0,12,11,0,9,1,0,0,0,0,737.000,,701.500,742.000,,728.500,764.500,,,,,10,0,14,14,2,12,1,0,0,1,0,724.500,,731.000,731.500,743.500,723.000,755.500,,,748.000,,10,0,12,12,5,10,0,1,0,1,0,725.500,,745.000,737.000,751.500,718.000,,761.000,,759.000,,11,0,12,11,4,10,0,0,0,0,0,723.000,,743.000,730.000,749.000,715.000,754.000,,,756.500,,6,2,13,11,5,10,3,0,0,0,0,742.000,746.500,756.000,747.500,760.500,732.000,763.500,,,,,39,4,4,725.526,727.250,725.526,14.00,0.409091,-0.075889,-0.223104,-3.2244,52,5,5,728.519,730.700,727.920,8.00,0.695652,0.385345,0.432382,2.2434,49,5,5,734.214,735.400,732.250,6.00,0.782609,0.565977,0.719036,3.6310,48,5,5,730.104,732.000,728.386,13.00,0.500000,0.268037,0.000000,0.0000,47,6,6,747.191,747.417,745.562,2.00,0.958333,1.149371,1.493050,7.3343,1.9969,25,8.6000,0.669137,6,0.643775,10,0.458568,7,0.484273,6,0.826087,5,0.869565,4,0.826087,5,0.833333,5,2.00,-12.00,-11.00
上海市中国中学,044103,公办,roster,ranked,,,5,2022;2023;2024;2025;2026,8,0,12,12,0,10,2,0,0,0,1,730.000,,734.500,736.000,,736.000,760.500,,,,741.500,10,0,12,12,2,11,1,0,0,0,0,722.000,,735.000,734.000,746.000,718.000,759.500,,,,,8,0,10,9,4,8,0,0,1,0,1,723.000,,743.500,735.000,751.500,719.500,,,760.500,,724.000,8,0,8,9,4,7,0,0,0,0,0,722.000,,742.000,737.500,751.000,718.500,,,,,727.000,5,2,10,9,3,10,2,0,0,0,0,728.500,740.000,754.500,749.500,763.000,724.000,765.000,,,,,42,4,4,734.429,734.125,734.429,9.00,0.636364,0.702323,0.392919,5.6786,47,5,5,728.468,731.000,727.689,9.00,0.652174,0.379999,0.422524,2.1922,39,5,5,733.231,734.500,731.143,8.00,0.695652,0.471644,0.524271,2.6474,36,5,5,732.861,734.200,730.594,8.00,0.708333,0.837158,0.427052,2.7569,39,6,6,742.103,743.250,740.382,10.00,0.625000,0.382987,0.457099,2.2454,3.1041,25,8.8000,0.663505,7,0.697200,5,0.554822,5,0.444773,7,0.739130,7,0.782609,6,0.695652,8,0.791667,6,10.00,1.00,2.00
上海市徐汇区教育学院附属实验中学,041327,公办,roster,ranked,,,5,2022;2023;2024;2025;2026,10,0,14,15,0,14,0,1,0,0,1,701.000,,684.000,752.500,,735.000,,769.000,,,728.500,9,0,12,13,2,10,1,1,0,0,0,729.500,,740.000,733.500,741.000,724.500,755.000,742.000,,,,7,0,11,9,3,8,1,1,0,0,0,723.000,,751.000,742.000,758.000,724.500,759.000,756.000,,,,7,0,10,10,3,9,0,0,0,0,0,724.000,,742.000,735.000,756.000,717.500,755.500,,,,,5,2,9,8,3,8,1,1,0,0,0,723.500,741.000,750.500,745.500,759.000,725.000,766.500,763.000,,,,53,4,4,720.066,718.125,720.066,17.00,0.272727,-0.553118,-0.600872,-8.6840,46,5,5,732.783,733.700,732.409,5.00,0.826087,0.830949,1.254095,6.5067,38,5,5,738.684,739.700,737.029,1.00,1.000000,0.994705,1.604214,8.1009,39,5,5,732.397,734.900,730.431,9.00,0.666667,0.741440,0.355228,2.2933,35,6,6,739.857,740.750,737.867,13.00,0.500000,0.044829,0.000000,0.0000,1.6434,25,9.0000,0.653096,8,0.682625,7,0.411761,8,0.522533,5,0.782609,6,0.695652,8,0.782609,6,0.645833,10,13.00,-4.00,4.00
上海市第二初级中学,041305,公办,roster,ranked,,,5,2022;2023;2024;2025;2026,6,0,9,9,0,8,1,0,0,1,0,737.000,,754.500,731.000,,730.500,,,,770.000,,6,0,8,8,1,8,1,0,0,1,0,726.500,,738.000,729.500,750.000,718.500,754.500,,,751.500,,4,0,6,5,2,4,0,0,1,0,0,723.000,,741.500,722.500,745.500,714.500,,,717.500,,,5,0,6,6,3,5,0,0,0,0,0,723.500,,737.500,728.500,739.500,711.000,752.000,,,,,3,2,5,6,2,4,1,1,0,0,0,736.000,742.000,754.500,742.500,759.000,733.500,763.500,764.500,,,,32,4,4,738.609,738.250,738.609,2.00,0.954545,1.067771,0.682202,9.8594,31,5,5,728.935,732.500,728.233,7.00,0.739130,0.428851,0.512609,2.6596,21,5,5,728.690,729.400,726.921,16.00,0.347826,0.036167,-0.374842,-1.8929,25,5,5,727.480,728.000,725.841,17.00,0.333333,-0.273675,-0.406484,-2.6242,22,6,6,744.159,744.583,742.750,5.00,0.833333,0.692696,0.875746,4.3019,2.4608,25,9.4000,0.641634,9,0.654315,9,0.390362,9,0.257846,10,0.652174,9,0.739130,7,0.608696,10,0.645833,9,5.00,3.00,-12.00
上海市紫阳中学,041336,公办,roster,ranked,,,5,2022;2023;2024;2025;2026,6,0,7,8,0,7,1,1,0,0,0,727.500,,749.500,745.500,,721.000,761.000,760.500,,,,6,0,6,6,2,5,0,0,0,0,0,725.500,,748.500,737.500,747.000,723.500,,,,,,3,0,6,5,1,3,0,1,0,0,0,726.500,,740.500,737.000,758.000,723.500,,748.500,,,,4,0,6,6,1,4,0,0,0,0,0,707.500,,733.000,723.500,757.500,717.000,760.000,,,750.500,,3,2,5,5,1,7,1,0,1,0,0,729.000,739.000,755.500,745.000,755.000,727.000,764.500,,764.500,,,28,4,4,736.518,735.875,736.518,6.00,0.772727,0.884949,0.537483,7.7679,25,5,5,735.220,736.400,734.196,3.00,0.913043,1.085702,1.723873,8.9441,18,5,5,735.333,737.100,734.000,4.00,0.869565,0.673309,0.940641,4.7500,21,5,5,723.548,727.700,721.850,21.00,0.166667,-1.085443,-1.015612,-6.5565,23,6,6,739.630,741.750,738.925,14.00,0.458333,0.010687,-0.046151,-0.2267,2.9357,25,9.6000,0.636067,10,0.677701,8,0.313841,11,0.428047,8,0.565217,11,0.478261,13,0.521739,12,0.208333,20,14.00,8.00,-7.00
上海市徐汇中学,044109,公办,roster,ranked,,,5,2022;2023;2024;2025;2026,18,0,26,27,0,23,1,0,1,2,1,730.000,,749.500,737.000,,730.000,761.500,,,770.000,698.000,11,0,15,17,2,13,2,1,0,0,0,721.500,,739.500,727.500,740.500,712.500,700.500,757.000,,,,9,0,11,12,4,10,1,0,0,0,1,720.000,,743.500,727.000,752.000,707.000,760.500,,,,730.500,10,0,12,13,4,11,0,0,0,0,0,725.000,,742.000,733.500,751.500,708.000,750.500,735.500,,,,7,3,13,14,5,12,0,0,0,0,1,734.000,727.500,758.000,750.000,760.500,725.000,,,,,741.000,94,4,4,737.404,736.625,737.404,5.00,0.818182,0.962430,0.598816,8.6543,58,5,5,726.552,728.300,726.054,12.00,0.521739,0.179703,0.053169,0.2759,46,5,5,727.402,729.900,725.060,18.00,0.260870,-0.087399,-0.629964,-3.1812,50,5,5,729.670,732.000,727.772,14.00,0.458333,0.178411,-0.067253,-0.4342,54,6,6,744.019,742.500,743.304,6.00,0.791667,0.671526,0.847129,4.1614,1.8952,25,11.0000,0.570158,11,0.554760,12,0.380934,10,0.160380,11,0.608696,10,0.652174,9,0.565217,11,0.729167,8,6.00,1.00,-8.00
上海市康健外国语实验中学,041347,公办,roster,ranked,,,5,2022;2023;2024;2025;2026,6,0,8,9,0,10,2,0,0,0,0,717.000,,733.000,740.000,,720.500,755.000,,,,,8,0,10,10,1,8,0,0,0,1,0,723.500,,734.000,728.500,758.500,718.000,,,,750.500,,5,0,7,7,2,5,2,0,0,0,0,718.500,,737.000,728.000,746.500,715.500,743.500,,,,,6,0,7,7,2,8,0,0,0,0,0,720.500,,744.000,733.500,749.000,714.500,757.500,,,,727.000,4,1,8,8,2,8,2,0,0,0,0,736.500,746.000,750.000,746.500,757.500,730.000,751.000,,,,,33,4,4,728.212,727.625,728.212,13.00,0.454545,0.158938,-0.037218,-0.5379,37,5,5,727.446,732.500,726.583,10.00,0.608696,0.273167,0.225519,1.1701,26,5,5,727.615,729.100,726.042,17.00,0.304348,-0.066950,-0.587742,-2.9679,30,5,5,729.317,732.300,727.911,15.00,0.416667,0.105472,-0.121984,-0.7875,31,6,6,742.548,744.417,741.357,9.00,0.666667,0.450127,0.547855,2.6912,-0.0864,25,12.8000,0.490184,12,0.566453,11,0.184151,13,0.005286,12,0.478261,13,0.521739,12,0.434783,14,0.541667,12,9.00,-4.00,-6.00
上海市第五十四中学,044107,公办,roster,ranked,,,5,2022;2023;2024;2025;2026,3,0,5,6,0,4,0,1,0,0,0,738.000,,726.500,728.500,,730.000,,762.000,,,,4,0,5,4,1,3,1,0,0,0,0,725.000,,733.000,725.000,722.000,715.500,755.500,,,,,2,0,3,5,1,2,0,0,0,0,0,726.000,,735.500,726.000,753.000,718.000,,,,,,2,0,4,3,1,4,0,0,0,0,0,718.500,,727.000,718.500,751.500,715.500,,726.000,,,,1,1,3,3,1,4,1,0,0,0,0,748.000,734.000,752.000,746.000,763.500,736.500,767.000,,,,,18,4,4,729.861,730.750,729.861,11.00,0.545455,0.303078,0.076881,1.1111,17,5,5,725.500,724.100,725.719,15.00,0.391304,0.069778,-0.149538,-0.7759,13,5,5,729.038,731.700,727.042,15.00,0.391304,0.069543,-0.305930,-1.5449,14,5,5,722.429,726.200,720.192,22.00,0.125000,-1.316450,-1.188953,-7.6756,13,6,6,745.038,746.667,744.364,3.00,0.916667,0.825128,1.054759,5.1813,-0.7408,25,13.2000,0.473946,13,0.490975,13,-0.009784,14,-0.102556,13,0.521739,12,0.608696,10,0.478261,13,0.500000,13,3.00,-8.00,-19.00
上海市位育实验学校,045304,公办,unverified,ranked,,,5,2022;2023;2024;2025;2026,3,0,3,5,0,3,1,0,0,0,0,723.500,,743.000,734.000,,731.500,765.000,,,,,2,0,3,3,1,3,0,0,1,0,0,719.000,,736.000,723.000,727.500,713.000,,,679.000,,,1,0,1,2,2,2,0,0,0,0,0,725.500,,735.000,723.500,739.500,708.500,,,,,,3,0,3,2,2,2,0,0,0,0,0,719.500,,745.500,734.000,751.500,716.000,753.500,,,,,2,1,2,2,1,3,0,0,0,0,0,730.000,736.500,757.000,739.500,763.000,725.500,,,,,,14,4,4,733.143,733.000,733.143,10.00,0.590909,0.589938,0.303956,4.3929,12,5,5,723.458,723.700,723.091,16.00,0.347826,-0.143614,-0.543044,-2.8175,8,5,5,725.438,726.400,720.750,20.00,0.173913,-0.275839,-1.019027,-5.1458,12,5,5,733.167,733.300,729.500,6.00,0.791667,0.900234,0.474382,3.0625,11,6,6,739.000,741.917,736.611,17.00,0.333333,-0.084255,-0.174488,-0.8571,-0.2730,25,13.8000,0.447530,14,0.408580,15,0.197293,12,-0.191644,14,0.391304,15,0.391304,15,0.391304,15,0.583333,11,17.00,7.00,11.00
上海市徐汇区教育学院附属实验中学南部分校,041328,公办,roster,ranked,,上海市长桥中学,5,2022;2023;2024;2025;2026,3,0,4,5,0,4,1,0,0,0,0,717.500,,741.500,719.500,,736.000,765.500,,,,,4,0,4,4,1,3,0,0,0,0,1,720.500,,743.000,723.000,721.000,714.000,,,,,708.500,2,0,3,2,2,3,1,0,0,0,0,723.500,,730.500,729.500,751.000,722.500,760.500,,,,,3,0,4,4,1,4,0,0,0,0,0,713.000,,729.500,728.500,760.500,705.000,,,,751.000,,2,2,4,5,1,3,0,0,0,0,1,723.500,738.500,752.500,741.000,761.500,731.000,,,,,733.500,16,4,4,728.750,728.625,728.750,12.00,0.500000,0.205955,0.000000,0.0000,16,5,5,725.562,724.300,725.867,14.00,0.434783,0.076311,-0.137492,-0.7134,12,5,5,730.583,731.400,726.500,12.50,0.500000,0.217718,0.000000,0.0000,16,5,5,721.969,727.300,719.400,23.00,0.083333,-1.411372,-1.260179,-8.1354,17,6,6,740.794,741.333,739.643,11.50,0.562500,0.185936,0.190740,0.9370,-1.5824,25,14.6000,0.416123,15,0.411232,14,-0.145090,18,-0.241386,15,0.347826,16,0.347826,16,0.217391,19,0.250000,19,11.50,-0.50,-11.50
华东理工大学附属中学,044133,公办,roster,ranked,,,5,2022;2023;2024;2025;2026,7,0,10,11,0,10,1,0,0,0,0,706.000,,705.000,724.000,,715.500,760.500,,,,,9,0,11,12,2,9,1,0,0,0,1,722.000,,721.000,730.000,706.500,719.500,,,,,718.500,5,0,7,9,3,5,1,0,0,0,0,721.500,,743.500,733.500,752.500,715.000,753.500,,,,,5,0,7,7,2,6,0,0,0,0,0,717.000,,739.500,735.000,758.000,717.500,,,,,,5,1,9,7,2,7,0,0,0,0,0,731.000,734.500,743.500,742.000,756.000,734.000,,,,,,38,4,4,713.447,712.625,713.447,19.00,0.181818,-1.131661,-1.058839,-15.3026,43,5,5,722.733,719.800,723.524,18.00,0.260870,-0.219472,-0.682928,-3.5433,29,5,5,732.621,733.200,730.327,9.00,0.652174,0.413129,0.403457,2.0374,27,5,5,730.648,733.400,728.460,12.00,0.541667,0.380332,0.084263,0.5440,31,6,6,739.516,740.167,738.518,15.00,0.416667,-0.006527,-0.069420,-0.3410,-3.3211,25,14.6000,0.410639,16,0.366798,17,-0.112840,17,-0.264693,16,0.434783,14,0.434783,14,0.652174,9,0.437500,15,15.00,-4.00,3.00
徐汇南校,044110,公办,roster,ranked,,,4,2023;2024;2025;2026,0,0,0,0,0,0,0,0,0,0,0,,,,,,,,,,,,5,0,7,6,1,6,1,0,0,0,0,718.000,,730.000,728.500,728.000,713.500,740.500,,,,,6,0,7,9,1,7,0,0,0,1,0,719.500,,747.000,740.500,758.000,707.000,,,,759.500,,6,0,9,7,2,6,0,0,0,0,0,716.500,,745.000,733.000,752.000,713.500,,759.500,,,,4,1,7,6,3,7,0,0,0,0,0,726.500,735.000,744.000,741.500,756.500,721.500,,,,,,0,4,0,,,,,,,,,25,5,5,723.200,723.600,723.000,17.00,0.304348,-0.170615,-0.592835,-3.0759,30,5,5,730.583,734.400,729.638,12.50,0.500000,0.217718,0.000000,0.0000,30,5,5,730.667,732.000,729.143,11.00,0.583333,0.384155,0.087131,0.5625,28,6,6,736.357,737.500,733.896,22.00,0.125000,-0.482265,-0.712493,-3.5000,-1.5033,25,15.6250,0.378170,17,0.362319,18,-0.012752,15,-0.304549,17,0.260870,18,0.173913,20,0.304348,17,0.333333,17,22.00,,11.00
上海市田林中学,041318,公办,roster,ranked,,,5,2022;2023;2024;2025;2026,5,0,6,7,0,5,1,0,0,0,0,716.000,,699.500,726.000,,726.500,,,,,,5,0,5,4,1,3,1,0,0,0,0,709.500,,734.500,732.000,748.000,724.000,751.000,,,,,3,0,4,5,2,4,1,0,0,0,0,724.000,,740.500,720.000,735.000,715.000,761.500,,,,,3,0,6,4,1,3,0,0,0,0,0,727.000,,739.500,735.500,754.000,716.000,,,755.000,,,5,1,5,5,1,4,1,0,0,0,0,730.500,727.000,755.500,736.500,728.500,727.500,765.000,,,,,23,4,4,717.022,717.000,717.022,18.00,0.227273,-0.819223,-0.811517,-11.7283,18,5,5,726.000,729.600,724.706,13.00,0.478261,0.122038,-0.053169,-0.2759,18,5,5,725.778,726.900,724.625,19.00,0.217391,-0.243202,-0.951642,-4.8056,17,5,5,733.059,734.400,731.750,7.00,0.750000,0.877972,0.457677,2.9547,21,6,6,737.048,734.250,738.026,20.00,0.208333,-0.378281,-0.571933,-2.8095,-3.3329,25,15.4000,0.376252,18,0.394005,16,-0.088139,16,-0.386117,18,0.304348,17,0.304348,17,0.260870,18,0.437500,14,20.00,2.00,13.00
上海市南洋初级中学,041316,公办,roster,ranked,,,5,2022;2023;2024;2025;2026,6,0,9,9,0,7,1,0,1,0,0,702.500,,709.500,703.000,,733.500,764.000,,770.000,,,8,0,10,9,1,7,1,0,1,0,0,714.500,,727.000,720.500,749.500,718.000,674.500,,747.000,,,5,0,8,7,3,7,0,0,0,0,1,727.500,,741.500,728.500,732.000,719.000,,,,,723.500,7,0,7,7,3,6,0,0,0,0,0,721.000,,746.500,730.500,753.500,715.000,,,,,,5,1,9,7,3,6,1,0,0,0,1,726.500,731.000,746.000,741.000,728.000,731.500,765.000,,,,705.000,31,4,4,711.677,712.125,711.677,20.00,0.136364,-1.286374,-1.181308,-17.0726,35,5,5,721.314,725.900,720.485,19.00,0.217391,-0.367708,-0.956283,-4.9616,30,5,5,729.933,729.700,729.704,14.00,0.434783,0.155374,-0.128719,-0.6500,30,5,5,731.217,733.300,728.741,10.00,0.625000,0.497692,0.172327,1.1125,31,6,6,736.694,734.000,737.870,21.00,0.166667,-0.431603,-0.644011,-3.1636,-4.9471,25,16.8000,0.316041,19,0.321657,19,-0.286524,20,-0.547599,19,0.217391,19,0.260870,18,0.347826,16,0.375000,16,21.00,1.00,11.00
上海市第四中学,044111,公办,roster,ranked,,,5,2022;2023;2024;2025;2026,11,0,16,16,0,14,1,0,1,0,1,707.500,,719.500,736.000,,728.000,757.000,,755.500,,685.500,9,0,13,14,2,11,1,0,0,0,1,721.500,,726.000,720.500,739.000,713.000,736.500,,,,721.500,10,0,10,11,1,9,2,0,0,1,0,720.000,,737.000,725.500,707.000,713.500,757.000,,,752.000,,9,0,11,11,1,10,0,0,0,0,0,722.500,,739.500,731.500,756.500,719.000,754.500,,756.000,,725.500,6,3,10,11,4,9,0,0,0,0,2,732.500,720.000,752.000,743.500,743.500,726.500,,,,,722.500,57,4,4,723.904,722.750,723.904,16.00,0.318182,-0.217681,-0.335345,-4.8465,49,5,5,721.214,724.000,720.457,20.00,0.173913,-0.378160,-0.975557,-5.0616,41,5,5,723.878,720.600,724.300,21.00,0.130435,-0.425412,-1.327845,-6.7053,42,5,5,729.286,733.800,728.622,16.00,0.375000,0.099082,-0.126779,-0.8185,43,6,6,738.744,736.333,739.778,18.00,0.291667,-0.122780,-0.226564,-1.1130,-3.7090,25,18.2000,0.257839,20,0.304035,20,-0.208990,19,-0.598418,20,0.173913,20,0.130435,21,0.130435,21,0.291667,18,18.00,2.00,2.00
上海市汾阳中学,041331,公办,roster,ranked,,,5,2022;2023;2024;2025;2026,2,0,3,4,0,4,0,0,0,0,1,719.500,,743.000,720.500,,719.500,,,,,701.000,2,0,3,4,1,2,1,0,0,0,0,695.500,,703.500,702.500,722.000,698.000,736.500,,,,,1,0,4,3,1,1,1,0,0,0,0,722.000,,736.500,724.000,746.500,720.500,751.500,,,,,1,0,2,3,2,2,0,0,0,0,0,718.500,,730.000,727.000,722.500,719.500,737.000,,,,,2,1,3,2,1,3,0,0,0,0,0,726.000,731.000,739.500,737.000,727.000,721.000,,,,,,13,4,4,725.231,725.625,725.231,15.00,0.363636,-0.101664,-0.243507,-3.5192,12,5,5,702.458,704.300,700.682,23.00,0.043478,-2.338511,-4.590536,-23.8175,10,5,5,730.700,729.900,728.944,11.00,0.565217,0.228908,0.023103,0.1167,10,5,5,724.350,723.500,724.812,19.00,0.250000,-0.919806,-0.891323,-5.7542,12,6,6,730.458,730.250,730.750,24.00,0.041667,-1.370617,-1.913311,-9.3988,-8.4746,25,18.4000,0.252800,21,0.197365,22,-0.900338,22,-1.523115,22,0.086957,22,0.086957,22,0.173913,20,0.062500,24,24.00,9.00,5.00
上海市田林第二中学,041319,公办,roster,ranked,,,5,2022;2023;2024;2025;2026,3,0,5,6,0,4,1,0,0,0,0,717.000,,687.000,696.000,,722.500,768.500,,,,,4,0,6,4,1,3,1,0,0,0,0,714.000,,723.000,721.000,748.500,715.000,733.000,,,,,3,0,5,4,1,3,1,0,0,0,0,711.500,,742.000,709.500,756.000,708.000,745.000,,,,,3,0,4,3,1,4,0,0,0,0,0,720.000,,725.500,722.000,757.500,711.000,,,,670.000,,3,1,4,5,1,3,1,0,0,0,0,738.000,724.000,751.500,741.000,751.500,731.000,765.500,,,,,18,4,4,702.889,705.625,702.889,23.00,0.000000,-2.054587,-1.789415,-25.8611,18,5,5,720.639,724.300,719.000,21.00,0.130435,-0.438300,-1.086457,-5.6370,16,5,5,722.656,725.400,720.433,22.00,0.086957,-0.542600,-1.569797,-7.9271,15,5,5,721.967,727.200,719.429,24.00,0.041667,-1.411802,-1.260502,-8.1375,17,6,6,740.794,739.500,741.200,11.50,0.562500,0.185936,0.190740,0.9370,-9.3251,25,20.3000,0.164312,22,0.217424,21,-0.852270,21,-1.103086,21,0.130435,21,0.217391,19,0.086957,22,0.166667,21,11.50,-11.50,-12.50
上海市龙苑中学,041326,公办,roster,ranked,,,5,2022;2023;2024;2025;2026,1,0,1,1,0,1,0,0,0,0,0,699.000,,715.500,698.000,,701.000,,,,,,1,0,2,1,1,1,0,0,0,0,1,676.500,,695.500,678.500,730.500,679.500,,,,,697.500,1,0,1,1,1,1,0,0,0,0,0,666.500,,722.500,669.500,716.000,658.000,,,,,,1,0,1,2,1,1,0,0,0,0,0,674.000,,737.000,734.500,747.000,721.000,758.000,,,,,1,1,1,1,1,1,0,0,0,0,0,,,726.000,720.500,730.000,676.000,,,,,,4,4,4,703.375,703.375,703.375,22.00,0.045455,-2.012095,-1.755779,-25.3750,6,5,5,692.667,692.100,685.100,24.00,0.000000,-3.361926,-6.477759,-33.6092,5,5,5,686.500,686.500,679.125,24.00,0.000000,-4.010486,-8.729806,-44.0833,6,5,5,724.667,722.700,720.200,18.00,0.291667,-0.854436,-0.842271,-5.4375,6,6,4,713.125,713.125,707.500,25.00,0.000000,-3.980992,-5.441850,-26.7321,-27.0474,25,22.6000,0.067424,23,0.016667,24,-2.843987,24,-4.649493,24,0.043478,23,0.043478,23,0.043478,23,0.062500,23,25.00,3.00,7.00
上海市零陵中学,044114,公办,roster,ranked,,,5,2022;2023;2024;2025;2026,2,0,3,4,0,4,0,0,0,0,1,705.000,,741.000,695.000,,703.500,,,,,,2,0,4,3,1,4,1,0,0,0,0,721.000,,722.500,721.000,742.500,712.500,748.500,,,,,3,0,3,3,2,4,1,0,0,0,0,707.500,,711.000,718.000,740.000,695.000,755.500,,,,,3,0,4,3,1,5,0,0,0,0,0,705.000,,733.500,727.500,731.000,702.500,728.500,,,,,2,2,4,4,1,5,1,0,0,0,0,730.500,732.500,747.000,743.500,740.500,724.500,757.500,,,,,13,4,4,709.769,711.125,709.769,21.00,0.090909,-1.453170,-1.313341,-18.9808,14,5,5,720.536,723.900,718.846,22.00,0.086957,-0.449083,-1.106343,-5.7401,15,5,5,711.300,714.300,706.885,23.00,0.043478,-1.631822,-3.818671,-19.2833,16,5,5,717.188,719.900,716.267,25.00,0.000000,-2.398374,-2.000796,-12.9167,18,6,6,736.167,736.417,736.367,23.00,0.083333,-0.510951,-0.751269,-3.6905,-12.1223,25,22.8000,0.060935,24,0.112022,23,-1.288680,23,-1.798084,23,0.000000,24,0.000000,24,0.000000,24,0.000000,25,23.00,2.00,-2.00
上海市宛平中学,041313,公办,unverified,exited,已退出名额到校体系（2023 起不再出现）；原因待核实：未查到公开文件,,1,2022,1,0,1,1,0,1,0,0,0,0,0,,,733.500,715.000,,678.000,,,,,,0,0,0,0,0,0,0,0,0,0,0,,,,,,,,,,,,0,0,0,0,0,0,0,0,0,0,0,,,,,,,,,,,,0,0,0,0,0,0,0,0,0,0,0,,,,,,,,,,,,0,0,0,0,0,0,0,0,0,0,0,,,,,,,,,,,,4,4,3,708.833,708.833,708.833,,,,,-19.9167,0,5,0,,,,,,,,,0,5,0,,,,,,,,,0,5,0,,,,,,,,,0,6,0,,,,,,,,,-19.9167,23,,,,,,,,,,,,,,,,,,,,
上海市世外中学,041363,民办,roster,excluded_private,,,3,2024;2025;2026,0,0,0,0,0,0,0,0,0,0,0,,,,,,,,,,,,0,0,0,0,0,0,0,0,0,0,0,,,,,,,,,,,,8,0,11,11,3,9,0,0,1,0,0,713.000,,744.000,725.000,757.000,689.000,,,761.000,,,10,0,9,9,4,8,0,0,0,0,0,704.500,,746.500,729.000,756.000,698.000,759.500,,759.500,,,5,3,8,8,4,8,1,0,1,0,0,733.500,738.000,756.500,747.500,761.000,721.500,767.000,,762.500,,,0,4,0,,,,,,,,,0,5,0,,,,,,,,,42,5,5,722.262,725.600,719.590,,,,,-8.3214,40,5,5,723.312,726.800,719.681,,,,,-6.7917,36,6,6,742.486,743.000,740.397,,,,,2.6290,-4.1614,25,,,,,,,,,,,,,,,,,,,,
上海市民办华育中学,041385,民办,roster,excluded_private,,,3,2024;2025;2026,0,0,0,0,0,0,0,0,0,0,0,,,,,,,,,,,,0,0,0,0,0,0,0,0,0,0,0,,,,,,,,,,,,9,0,10,10,2,8,1,0,1,0,0,708.000,,746.500,733.000,759.500,706.500,761.500,,761.000,,,8,0,10,9,2,8,0,0,0,0,0,713.000,,744.000,730.500,755.500,705.000,757.500,,,,,2,0,10,5,3,9,0,0,0,0,1,698.500,734.500,753.500,739.000,761.000,710.000,,,,,735.500,0,4,0,,,,,,,,,0,5,0,,,,,,,,,39,5,5,726.615,730.700,724.838,,,,,-3.9679,37,5,5,726.203,729.600,724.529,,,,,-3.9015,29,6,6,734.483,732.750,731.423,,,,,-5.3744,-4.4146,25,,,,,,,,,,,,,,,,,,,,
上海师大附中附属龙华中学,044125,公办,unverified,exited,已退出名额到校体系（2025 起不再出现）；原因待核实：未查到公开文件,,3,2022;2023;2024,4,0,4,5,0,4,1,0,0,0,0,716.500,,718.500,703.500,,695.500,760.500,,,,,2,0,4,3,1,3,0,0,0,0,0,694.000,,723.000,712.000,711.500,705.500,,,,,,3,0,2,2,1,2,1,0,0,0,0,707.000,,720.500,731.500,746.000,721.000,689.500,,,,,0,0,0,0,0,0,0,0,0,0,0,,,,,,,,,,,,0,0,0,0,0,0,0,0,0,0,0,,,,,,,,,,,,17,4,4,708.206,708.500,708.206,,,,,-20.5441,13,5,5,711.077,709.200,711.042,,,,,-15.1989,10,5,5,721.300,725.200,718.556,,,,,-9.2833,0,5,0,,,,,,,,,0,6,0,,,,,,,,,-15.0088,24,,,,,,,,,,,,,,,,,,,,
上海市西南位育中学,044162,民办,roster,excluded_private,,,3,2024;2025;2026,0,0,0,0,0,0,0,0,0,0,0,,,,,,,,,,,,0,0,0,0,0,0,0,0,0,0,0,,,,,,,,,,,,10,0,13,13,6,10,2,0,0,0,1,708.500,,726.000,709.500,736.500,699.500,684.500,,,,711.000,10,0,12,13,4,13,0,0,0,0,0,714.500,,740.500,726.000,749.000,708.000,754.000,,,,705.500,10,2,12,13,4,11,0,0,1,2,0,726.000,737.000,747.500,735.500,739.000,724.000,,,764.500,760.500,,0,4,0,,,,,,,,,0,5,0,,,,,,,,,52,5,5,714.625,716.000,711.772,,,,,-15.9583,52,5,5,724.404,727.600,722.354,,,,,-5.7003,52,6,6,734.337,734.833,733.815,,,,,-5.5206,-9.0598,25,,,,,,,,,,,,,,,,,,,,
上海市西南模范中学,044164,民办,roster,excluded_private,,,3,2024;2025;2026,0,0,0,0,0,0,0,0,0,0,0,,,,,,,,,,,,0,0,0,0,0,0,0,0,0,0,0,,,,,,,,,,,,10,0,12,13,5,11,3,0,0,0,0,723.000,,748.500,735.500,755.500,717.500,759.500,,,,,10,0,13,13,4,11,0,0,0,0,0,724.500,,745.000,737.500,753.500,715.000,759.500,,759.000,,,9,2,12,13,4,11,1,1,0,0,1,735.000,748.000,756.500,751.000,761.500,725.000,766.000,766.500,,766.000,,0,4,0,,,,,,,,,0,5,0,,,,,,,,,51,5,5,734.186,736.000,731.870,,,,,3.6029,51,5,5,733.265,735.100,731.543,,,,,3.1605,51,6,6,744.569,746.167,742.911,,,,,4.7115,3.8250,25,,,,,,,,,,,,,,,,,,,,
上海民办位育中学,044181,民办,roster,excluded_private,,,3,2024;2025;2026,0,0,0,0,0,0,0,0,0,0,0,,,,,,,,,,,,0,0,0,0,0,0,0,0,0,0,0,,,,,,,,,,,,4,0,3,3,1,2,0,0,0,0,1,723.000,,748.500,738.000,750.500,718.500,,,,,724.000,2,0,2,3,2,3,0,0,0,0,0,723.500,,747.500,732.500,757.500,716.000,759.500,,,,,3,1,3,3,1,2,1,0,0,0,0,720.000,739.000,754.000,744.000,763.000,722.500,767.000,,,,,0,4,0,,,,,,,,,0,5,0,,,,,,,,,13,5,5,733.769,735.700,732.375,,,,,3.1859,12,5,5,733.542,735.400,728.750,,,,,3.4375,13,6,6,738.538,740.417,736.273,,,,,-1.3187,1.7682,25,,,,,,,,,,,,,,,,,,,,
上海民办南模中学,044182,民办,roster,excluded_private,,,3,2024;2025;2026,0,0,0,0,0,0,0,0,0,0,0,,,,,,,,,,,,0,0,0,0,0,0,0,0,0,0,0,,,,,,,,,,,,2,0,3,3,2,2,0,0,0,0,0,722.000,,750.000,730.000,758.000,720.500,,,,,,2,0,3,4,1,3,0,0,0,0,0,727.000,,752.000,736.500,757.500,713.000,,756.500,,,,1,1,3,4,1,3,0,0,0,0,1,738.000,715.000,761.000,751.000,765.000,725.000,,,,,731.000,0,4,0,,,,,,,,,0,5,0,,,,,,,,,12,5,5,736.750,736.100,732.500,,,,,6.1667,13,5,5,734.808,737.200,732.917,,,,,4.7035,13,6,6,744.615,742.500,745.455,,,,,4.7582,5.2095,25,,,,,,,,,,,,,,,,,,,,
上海市徐汇位育体校,045146,公办,unverified,exited,已退出名额到校体系（2024 起不再出现）；2023 年有名额但无录取线；原因待核实,,1,2022,1,0,1,1,0,1,0,0,0,0,0,,,,683.500,,,,,,,,1,0,1,1,1,1,1,0,0,0,0,,,,,,,,,,,,0,0,0,0,0,0,0,0,0,0,0,,,,,,,,,,,,0,0,0,0,0,0,0,0,0,0,0,,,,,,,,,,,,0,0,0,0,0,0,0,0,0,0,0,,,,,,,,,,,,4,4,1,683.500,683.500,683.500,,,,,-45.2500,5,5,0,,,,,,,,,0,5,0,,,,,,,,,0,5,0,,,,,,,,,0,6,0,,,,,,,,,-45.2500,23,,,,,,,,,,,,,,,,,,,,
上海市徐汇区上汇实验学校,045306,公办,roster,short_sample,,,2,2025;2026,0,0,0,0,0,0,0,0,0,0,0,,,,,,,,,,,,0,0,0,0,0,0,0,0,0,0,0,,,,,,,,,,,,0,0,0,0,0,0,0,0,0,0,0,,,,,,,,,,,,1,0,2,2,2,2,0,0,0,0,0,698.500,,731.500,735.000,741.000,699.500,,754.000,,,,1,1,2,2,1,3,0,1,0,0,0,726.000,746.500,751.500,747.000,765.500,718.500,,,767.500,,,0,4,0,,,,,,,,,0,5,0,,,,,,,,,0,5,0,,,,,,,,,9,5,5,723.611,721.100,718.643,20.00,0.208333,-1.072336,-1.005777,-6.4931,10,6,6,739.050,742.500,734.812,16.00,0.375000,-0.076725,-0.164310,-0.8071,-3.6501,25,18.0000,0.291667,,0.322917,,-0.574531,,-0.585043,,,,,,,,0.125000,22,16.00,,-4.00
