year,junior_high_school,junior_high_school_code,senior_high_school,senior_high_school_code,high_school_tier,quota_plan,explanation
2022,上海市宛平中学,041313,上海市第二中学,042001,区属,1,有计划但分数线表无此行——录不满或无人填报
2022,上海市徐汇中学,044109,复旦大学附属中学,102057,委属,1,有计划但分数线表无此行——录不满或无人填报
2022,上海市徐汇位育体校,045146,上海市南洋中学,043015,区属,1,有计划但分数线表无此行——录不满或无人填报
2022,上海市徐汇位育体校,045146,上海市南洋模范中学,042008,区属,1,有计划但分数线表无此行——录不满或无人填报
2022,上海市徐汇位育体校,045146,上海市第二中学,042001,区属,1,有计划但分数线表无此行——录不满或无人填报
2022,上海市田林中学,041318,上海市上海中学,042032,委属,1,有计划但分数线表无此行——录不满或无人填报
2022,上海市第二初级中学,041305,上海市上海中学,042032,委属,1,有计划但分数线表无此行——录不满或无人填报
2022,上海市零陵中学,044114,上海师范大学附属中学,152006,委属,1,有计划但分数线表无此行——录不满或无人填报
2023,上海市徐汇位育体校,045146,上海市上海中学,042032,委属,1,有计划但分数线表无此行——录不满或无人填报
2023,上海市徐汇位育体校,045146,上海市位育中学,042035,区属,1,有计划但分数线表无此行——录不满或无人填报
2023,上海市徐汇位育体校,045146,上海市南洋中学,043015,区属,1,有计划但分数线表无此行——录不满或无人填报
2023,上海市徐汇位育体校,045146,上海市南洋模范中学,042008,区属,1,有计划但分数线表无此行——录不满或无人填报
2023,上海市徐汇位育体校,045146,上海市第二中学,042001,区属,1,有计划但分数线表无此行——录不满或无人填报
2023,上海市徐汇位育体校,045146,复旦大学附属中学徐汇分校,042036,区属,1,有计划但分数线表无此行——录不满或无人填报
2023,华东理工大学附属中学,044133,上海市上海中学,042032,委属,1,有计划但分数线表无此行——录不满或无人填报
2026,上海市徐汇区上汇实验学校,045306,上海交通大学附属中学,102056,委属,1,有计划但分数线表无此行——录不满或无人填报
2026,上海市西南模范中学,044164,上海师范大学附属中学,152006,委属,1,有计划但分数线表无此行——录不满或无人填报
2026,上海市龙苑中学,041326,上海市第二中学,042001,区属,1,有计划但分数线表无此行——录不满或无人填报
2026,上海市龙苑中学,041326,上海市第二中学（梅陇校区）,042002,区属,1,有计划但分数线表无此行——录不满或无人填报
2026,上海师范大学第三附属实验学校,045444,上海师范大学附属中学,152006,委属,1,有计划但分数线表无此行——录不满或无人填报
2025,上海市世外中学,,上海市上海中学,,,,有分数线但计划表中无对应名额
2025,上海市世外中学,,复旦大学附属中学,,,,有分数线但计划表中无对应名额
2025,上海市中国中学,,上海师范大学附属中学,,,,有分数线但计划表中无对应名额
2025,上海市位育实验学校,,上海市上海中学,,,,有分数线但计划表中无对应名额
2025,上海市南洋模范初级中学,,上海师范大学附属中学,,,,有分数线但计划表中无对应名额
2025,上海市园南中学,,上海市上海中学,,,,有分数线但计划表中无对应名额
2025,上海市园南中学,,上海师范大学附属中学,,,,有分数线但计划表中无对应名额
2025,上海市康健外国语实验中学,,上海市上海中学,,,,有分数线但计划表中无对应名额
2025,上海市康健外国语实验中学,,上海师范大学附属中学,,,,有分数线但计划表中无对应名额
2025,上海市徐汇中学,,上海交通大学附属中学,,,,有分数线但计划表中无对应名额
2025,上海市徐汇中学,,上海市上海中学,,,,有分数线但计划表中无对应名额
2025,上海市徐汇区上汇实验学校,,上海交通大学附属中学,,,,有分数线但计划表中无对应名额
2025,上海市徐汇区教育学院附属实验中学,,上海市上海中学,,,,有分数线但计划表中无对应名额
2025,上海市徐汇区教育学院附属实验中学南部分校,,华东师范大学第二附属中学,,,,有分数线但计划表中无对应名额
2025,上海市民办华育中学,,上海市上海中学,,,,有分数线但计划表中无对应名额
2025,上海市汾阳中学,,上海市上海中学,,,,有分数线但计划表中无对应名额
2025,上海市田林中学,,复旦大学附属中学,,,,有分数线但计划表中无对应名额
2025,上海市田林第三中学,,上海市上海中学,,,,有分数线但计划表中无对应名额
2025,上海市田林第三中学,,华东师范大学第二附属中学,,,,有分数线但计划表中无对应名额
2025,上海市田林第二中学,,华东师范大学第二附属中学,,,,有分数线但计划表中无对应名额
2025,上海市第二初级中学,,上海市上海中学,,,,有分数线但计划表中无对应名额
2025,上海市第五十四中学,,上海交通大学附属中学,,,,有分数线但计划表中无对应名额
2025,上海市第四中学,,上海市上海中学,,,,有分数线但计划表中无对应名额
2025,上海市第四中学,,上海师范大学附属中学,,,,有分数线但计划表中无对应名额
2025,上海市第四中学,,复旦大学附属中学,,,,有分数线但计划表中无对应名额
2025,上海市紫阳中学,,上海市上海中学,,,,有分数线但计划表中无对应名额
2025,上海市紫阳中学,,华东师范大学第二附属中学,,,,有分数线但计划表中无对应名额
2025,上海市西南位育中学,,上海市上海中学,,,,有分数线但计划表中无对应名额
2025,上海市西南位育中学,,上海师范大学附属中学,,,,有分数线但计划表中无对应名额
2025,上海市西南模范中学,,上海市上海中学,,,,有分数线但计划表中无对应名额
2025,上海市西南模范中学,,复旦大学附属中学,,,,有分数线但计划表中无对应名额
2025,上海市零陵中学,,上海市上海中学,,,,有分数线但计划表中无对应名额
2025,上海市龙苑中学,,上海市上海中学,,,,有分数线但计划表中无对应名额
2025,上海师范大学第三附属实验学校,,上海市上海中学,,,,有分数线但计划表中无对应名额
2025,上海民办位育中学,,上海市上海中学,,,,有分数线但计划表中无对应名额
2025,上海民办南模中学,,上海交通大学附属中学,,,,有分数线但计划表中无对应名额
2025,徐汇南校,,上海交通大学附属中学,,,,有分数线但计划表中无对应名额
2026,上海市徐汇区上汇实验学校,,复旦大学附属中学,,,,有分数线但计划表中无对应名额
2026,上海市民办华育中学,,上海市第二中学（梅陇校区）,,,,有分数线但计划表中无对应名额
2026,上海市西南模范中学,,华东师范大学第二附属中学,,,,有分数线但计划表中无对应名额
2026,上海师范大学第三附属实验学校,,华东师范大学第二附属中学,,,,有分数线但计划表中无对应名额
