junior_high_school,junior_high_school_code,row_type,n_years,trend_class,sen,sen_recent3,rel_first,rel_last,delta_rel,mk_S,mk_z,mk_p,mk_p_bonferroni,sig_uncorrected,sig_bonferroni
上海市位育初级中学,041302,ranked,5,明显下降,-1.1441,-1.3137,8.9628,4.3864,-4.5764,-8,-1.7146,0.0864,1.0000,否,否
上海师范大学第三附属实验学校,045444,ranked,5,基本持平,0.3866,0.9954,7.0714,8.6179,1.5465,-2,-0.2449,0.8065,1.0000,否,否
上海市园南中学,041329,ranked,5,明显下降,-1.9445,1.1791,11.9048,4.1267,-7.7781,-6,-1.2247,0.2207,1.0000,否,否
上海市南洋模范初级中学,041306,ranked,5,明显下降,-1.0115,0.0263,6.8232,2.7770,-4.0462,-4,-0.7348,0.4624,1.0000,否,否
上海市梅园中学,041334,ranked,5,明显下降,-2.8036,-3.3958,8.7143,-2.5000,-11.2143,-4,-0.7348,0.4624,1.0000,否,否
上海市田林第三中学,041320,ranked,5,明显上升,2.6397,1.8517,-3.2244,7.3343,10.5587,6,1.2247,0.2207,1.0000,否,否
上海市中国中学,044103,ranked,5,基本持平,-0.8583,-0.2010,5.6786,2.2454,-3.4332,-2,-0.2449,0.8065,1.0000,否,否
上海市徐汇区教育学院附属实验中学,041327,ranked,5,明显上升,2.1710,-4.0504,-8.6840,0.0000,8.6840,0,0.0000,1.0000,1.0000,否,否
上海市第二初级中学,041305,ranked,5,明显下降,-1.3894,3.0974,9.8594,4.3019,-5.5575,-4,-0.7348,0.4624,1.0000,否,否
上海市紫阳中学,041336,ranked,5,明显下降,-1.9987,-2.4884,7.7679,-0.2267,-7.9946,-6,-1.2247,0.2207,1.0000,否,否
上海市徐汇中学,044109,ranked,5,明显下降,-1.1232,3.6713,8.6543,4.1614,-4.4929,-2,-0.2449,0.8065,1.0000,否,否
上海市康健外国语实验中学,041347,ranked,5,基本持平,0.8073,2.8296,-0.5379,2.6912,3.2291,2,0.2449,0.8065,1.0000,否,否
上海市第五十四中学,044107,ranked,5,明显上升,1.0175,3.3631,1.1111,5.1813,4.0702,-2,-0.2449,0.8065,1.0000,否,否
上海市位育实验学校,045304,ranked,5,明显下降,-1.3125,2.1444,4.3929,-0.8571,-5.2500,-2,-0.2449,0.8065,1.0000,否,否
上海市徐汇区教育学院附属实验中学南部分校,041328,ranked,5,基本持平,0.2343,0.4685,0.0000,0.9370,0.9370,1,0.0000,1.0000,1.0000,否,否
华东理工大学附属中学,044133,ranked,5,明显上升,3.7404,-1.1892,-15.3026,-0.3410,14.9616,4,0.7348,0.4624,1.0000,否,否
上海市田林中学,041318,ranked,5,明显上升,2.2297,0.9981,-11.7283,-2.8095,8.9188,4,0.7348,0.4624,1.0000,否,否
上海市南洋初级中学,041316,ranked,5,明显上升,3.4773,-1.2568,-17.0726,-3.1636,13.9090,6,1.2247,0.2207,1.0000,否,否
上海市第四中学,044111,ranked,5,基本持平,0.9334,2.7961,-4.8465,-1.1130,3.7335,2,0.2449,0.8065,1.0000,否,否
上海市汾阳中学,041331,ranked,5,明显下降,-1.4699,-4.7577,-3.5192,-9.3988,-5.8796,-2,-0.2449,0.8065,1.0000,否,否
上海市田林第二中学,041319,ranked,5,明显上升,6.6995,4.4321,-25.8611,0.9370,26.7981,4,0.7348,0.4624,1.0000,否,否
上海市龙苑中学,041326,ranked,5,基本持平,-0.3393,8.6756,-25.3750,-26.7321,-1.3571,0,0.0000,1.0000,1.0000,否,否
上海市零陵中学,044114,ranked,5,明显上升,3.8226,7.7964,-18.9808,-3.6905,15.2903,4,0.7348,0.4624,1.0000,否,否
