junior_high_school,junior_high_school_code,rel_2022,rel_2023,rel_2024,rel_2025,rel_2026,mean_rank_base4_avg,sen,spearman,sen_drop26,sen_loo_min,sen_loo_max,loo_signs_consistent,sen_rank,sen_base_all,direction,passed,fail_reason,base4_pairs,pairs_uniform,sen_recent3,delta_rel,convergence_pred,residual,residual_z,beyond_convergence
上海市田林第二中学,041319,-23.0,-7.0,-8.75,-8.5,1.25,19.800,4.917,0.7,2.542,1.5,5.531,True,-2.0,4.906,上升,True,,4/4/4/4/4,True,5.0,24.25,14.5,9.75,1.54,True
上海市零陵中学,044114,-17.5,-6.0,-18.62,-11.0,-2.75,21.400,2.927,0.5,0.802,0.802,5.656,True,-0.375,2.706,上升,True,,4/4/4/4/4,True,7.938,14.75,10.91,3.84,0.61,False
上海市第四中学,044111,-5.88,-5.0,-2.5,0.0,-0.5,15.900,1.594,0.9,2.229,1.422,2.229,True,-1.125,1.438,上升,True,,4/4/4/4/4,True,1.0,5.38,3.32,2.06,0.32,False
上海市田林第三中学,041320,-1.38,2.25,4.88,-0.38,5.25,8.800,1.328,0.7,1.479,0.594,2.141,True,-1.833,1.305,上升,True,,4/4/4/4/4,True,0.188,6.63,0.39,6.24,0.99,False
上海市中国中学,044103,5.5,2.0,3.75,1.88,0.0,8.700,-1.292,-0.9,-1.042,-1.625,-1.042,True,0.0,-1.49,下降,True,,4/4/4/4/4,True,-1.875,-5.5,-4.1,-1.4,-0.22,False
上海市南洋模范初级中学,041306,7.38,4.75,4.0,4.0,0.75,6.100,-1.479,-0.975,-0.938,-1.641,-0.938,True,0.875,-1.385,下降,True,,4/4/4/4/4,True,-1.625,-6.63,-5.33,-1.3,-0.21,False
上海市位育初级中学,041302,8.38,8.38,8.12,2.62,2.25,3.600,-1.724,-0.975,-1.083,-2.458,-0.891,True,0.25,-1.81,下降,True,,4/4/4/4/4,True,-2.938,-6.13,-5.98,-0.15,-0.02,False
上海市第二初级中学,041305,9.62,2.88,-1.12,-3.0,2.5,9.400,-2.406,-0.7,-4.104,-4.104,-1.0,True,3.0,-2.383,下降,True,,4/4/4/4/4,True,1.812,-7.12,-6.79,-0.33,-0.05,False
上海市梅园中学,041334,9.25,0.62,5.38,2.88,-6.5,8.700,-2.438,-0.7,-2.031,-3.219,-2.031,True,2.375,-2.464,下降,True,,4/4/4/4/4,True,-5.938,-15.75,-6.55,-9.2,-1.45,True
上海市园南中学,041329,10.88,9.88,4.0,2.38,1.62,4.200,-2.531,-1.0,-3.135,-3.135,-1.969,True,1.562,-2.555,下降,True,,4/4/4/4/4,True,-1.188,-9.26,-7.62,-1.64,-0.26,False
上海市紫阳中学,041336,7.25,8.5,5.38,-7.88,0.0,8.800,-2.76,-0.8,-4.083,-4.083,-2.25,True,2.833,-2.573,下降,True,,4/4/4/4/4,True,-2.688,-7.25,-5.25,-2.0,-0.32,False
上海市南洋初级中学,041316,-16.5,-5.25,2.62,0.12,-2.88,15.800,3.047,0.6,6.708,-0.854,6.708,False,-0.292,3.023,无趋势,False,③单年驱动(删2022后翻转),4/4/4/4/4,True,-2.75,13.62,10.26,3.36,0.53,False
华东理工大学附属中学,044133,-16.0,-2.12,1.88,-0.88,-1.5,15.200,2.125,0.6,4.521,-0.208,4.521,False,-1.0,2.102,无趋势,False,③单年驱动(删2022后翻转),4/4/4/4/4,True,-1.688,14.5,9.93,4.57,0.72,False
上海市田林中学,041318,-11.62,-0.25,-1.62,1.38,-1.62,14.600,1.656,0.41,3.667,-0.229,3.667,False,-0.5,1.633,无趋势,False,③单年驱动(删2022后翻转),4/4/4/4/4,True,0.0,10.0,7.07,2.93,0.46,False
上海市龙苑中学,041326,-25.25,-42.75,-47.38,-11.5,-31.62,24.800,1.057,0.1,-0.021,-3.109,5.792,False,0.0,1.034,无趋势,False,②去尾翻转；③单年驱动(删2025、2026后翻转),4/4/4/4/3,False,7.875,-6.37,15.97,-22.34,-3.53,False
上海市康健外国语实验中学,041347,-1.0,0.75,-1.75,0.0,1.62,12.000,0.495,0.5,-0.021,-0.021,1.141,False,-1.104,0.451,无趋势,False,①幅度不足(|0.49|<1.0)；②去尾翻转；③单年驱动(删2026后翻转),4/4/4/4/4,True,1.688,2.62,0.14,2.48,0.39,False
上海师范大学第三附属实验学校,045444,6.5,8.0,7.5,1.62,7.5,4.400,-0.083,-0.103,-1.062,-1.062,0.125,False,-1.0,-0.068,无趋势,False,①幅度不足(|-0.08|<1.0)；③单年驱动(删2023、2024、2025后翻转),4/4/4/4/4,True,0.0,1.0,-4.76,5.76,0.91,False
上海市第五十四中学,044107,2.12,-0.62,-0.12,-8.25,6.5,12.400,-0.312,0.1,-3.104,-3.104,1.438,False,0.25,-0.672,无趋势,False,①方向不一致(Sen与Spearman异号)；③单年驱动(删2022、2025后翻转),4/4/4/4/4,True,3.312,4.38,-1.9,6.28,0.99,False
上海市徐汇区教育学院附属实验中学,041327,-10.5,6.62,8.62,1.5,-3.0,10.000,-0.344,0.1,3.0,-3.854,3.0,False,0.875,-0.367,无趋势,False,①方向不一致(Sen与Spearman异号)；②去尾翻转；③单年驱动(删2025、2026后翻转),4/4/4/4/4,True,-5.812,7.5,6.34,1.16,0.18,False
上海市徐汇区教育学院附属实验中学南部分校,041328,0.0,-0.12,0.0,-9.12,-2.12,15.400,-0.599,-0.718,-1.583,-1.583,-0.328,True,1.292,-0.758,无趋势,False,①幅度不足(|-0.60|<1.0),4/4/4/4/4,True,-1.062,-2.12,-0.51,-1.61,-0.25,False
上海市汾阳中学,041331,-3.0,-25.38,-0.75,-4.38,-8.25,19.200,-0.885,-0.2,0.333,-2.469,1.042,False,1.625,-1.107,无趋势,False,①幅度不足(|-0.89|<1.0)；②去尾翻转；③单年驱动(删2022、2026后翻转),4/4/4/4/4,True,-3.75,-5.25,1.44,-6.69,-1.06,False
上海市徐汇中学,044109,8.0,0.0,-2.12,-1.0,2.62,11.000,-0.922,-0.3,-2.562,-2.562,1.0,False,0.625,-0.945,无趋势,False,①幅度不足(|-0.92|<1.0)；③单年驱动(删2022后翻转),4/4/4/4/4,True,2.375,-5.38,-5.74,0.36,0.06,False
上海市位育实验学校,045304,4.38,-2.5,-3.38,0.62,-1.12,14.200,-1.062,-0.2,-1.062,-1.312,0.792,False,0.333,-1.26,无趋势,False,③单年驱动(删2022后翻转),4/4/4/4/4,True,1.125,-5.5,-3.37,-2.13,-0.34,False
